암호화요양기호,검색코드명
JDQ4MTYyMiM1MSMkMSMkMCMkODkkMzgxMzUxIzExIyQxIyQzIyQ3MiQyNjEwMDIjNDEjJDEjJDgjJDgz,가정간호 실시기관
JDQ4MTYyMiM1MSMkMSMkMCMkODkkMzgxMzUxIzExIyQxIyQzIyQ3MiQyNjEwMDIjNDEjJDEjJDgjJDgz,재활환자 재택의료 시범기관
JDQ4MTYyMiM1MSMkMSMkMCMkODkkMzgxMzUxIzExIyQxIyQzIyQwMyQyNjEwMDIjNTEjJDEjJDYjJDgz,응급의료기관
JDQ4MTYyMiM1MSMkMSMkMCMkODkkMzgxMzUxIzExIyQxIyQzIyQwMyQyNjEwMDIjNTEjJDEjJDYjJDgz,수면다원검사 실시기관
JDQ4MTYyMiM1MSMkMSMkMCMkODkkMzgxMzUxIzExIyQxIyQzIyQwMyQyNjEwMDIjNTEjJDEjJDYjJDgz,간호사 교대제 개선 시범사업
JDQ4MTYyMiM1MSMkMiMkMCMkMDAkNTgxOTYxIzMxIyQxIyQ3IyQxMyQyNjE0ODEjODEjJDEjJDYjJDgz,일차의료 만성질환관리 실시기관
JDQ4MTYyMiM1MSMkMiMkMCMkMDAkNTgxOTYxIzQxIyQyIyQ3IyQwMCQzNjE4MzIjODEjJDEjJDYjJDgz,HPV 예방접종사업 참여기관
JDQ4MTYyMiM1MSMkMiMkMCMkMDAkNTgxOTYxIzUxIyQxIyQxIyQ3MiQzNjE4MzIjNDEjJDEjJDQjJDgz,HPV 예방접종사업 참여기관
JDQ4MTYyMiM1MSMkMiMkMCMkMDAkNTgxOTYxIzUxIyQxIyQ1IyQ3MiQ0NjE0ODEjNjEjJDEjJDAjJDgz,비대면진료 시범사업 휴일·야간 진료기관(의료기관)
JDQ4MTYyMiM1MSMkMSMkMCMkNjIkMzgxMzUxIzExIyQxIyQzIyQ5OSQ0NjEwMDIjODEjJDEjJDYjJDgz,측두하악 관절자극요법 실시기관
JDQ4MTYyMiM1MSMkMSMkMCMkNzIkMzgxMzUxIzQxIyQxIyQ3IyQxMyQyNjE4MzIjNDEjJDEjJDQjJDgz,측두하악 관절자극요법 실시기관
JDQ4MTYyMiM1MSMkMSMkMCMkNzIkMzgxOTYxIzIxIyQxIyQ1IyQwMyQzNjE0ODEjNDEjJDEjJDgjJDgz,측두하악 관절자극요법 실시기관
JDQ4MTYyMiM1MSMkMSMkMCMkNzIkMzgxOTYxIzIxIyQxIyQ1IyQxMyQzNjEwMDIjNjEjJDEjJDgjJDgz,측두하악 관절자극요법 실시기관
JDQ4MTYyMiM1MSMkMSMkMCMkNzIkMzgxMTkxIzMxIyQxIyQ3IyQ2MiQyNjE4MzIjODEjJDEjJDIjJDgz,측두하악 관절자극요법 실시기관
JDQ4MTYyMiM1MSMkMSMkMCMkNzIkMzgxNzAyIzIxIyQxIyQxIyQxMyQyNjE4MzIjNjEjJDEjJDAjJDgz,장애인 치과주치의 시범기관
JDQ4MTYyMiM1MSMkMSMkMCMkNzIkNDgxMzUxIzQxIyQxIyQ3IyQ4OSQzNjEyMjIjODEjJDEjJDIjJDgz,측두하악 관절자극요법 실시기관
JDQ4MTYyMiM1MSMkMSMkMCMkNzIkNDgxOTYxIzMxIyQxIyQ3IyQwMyQyNjEwMDIjNzEjJDEjJDgjJDgz,측두하악 관절자극요법 실시기관
JDQ4MTYyMiM1MSMkMSMkMCMkNzIkNDgxMTkxIzQxIyQxIyQ3IyQwMyQyNjEyMjIjNzEjJDEjJDgjJDgz,측두하악 관절자극요법 실시기관
JDQ4MTYyMiM1MSMkMSMkMCMkNzIkNDgxMTkxIzUxIyQyIyQxIyQwMCQyNjE4MzIjNjEjJDEjJDQjJDgz,측두하악 관절자극요법 실시기관
JDQ4MTYyMiM1MSMkMSMkMCMkNzIkNDgxNzAyIzQxIyQxIyQ3IyQ3OSQzNjE4MzIjNjEjJDEjJDQjJDgz,측두하악 관절자극요법 실시기관
JDQ4MTYyMiM1MSMkMSMkMCMkNzIkNTgxMzUxIzExIyQxIyQzIyQ3OSQyNjE0ODEjODEjJDEjJDYjJDgz,측두하악 관절자극요법 실시기관
JDQ4MTYyMiM1MSMkMSMkMCMkNzIkNTgxMzUxIzIxIyQxIyQ5IyQ2MiQ0NjE0ODEjODEjJDEjJDYjJDgz,측두하악 관절자극요법 실시기관
JDQ4MTYyMiM1MSMkMSMkMCMkNzIkNTgxMzUxIzIxIyQxIyQ5IyQwMyQyNjEyMjIjODEjJDEjJDYjJDgz,측두하악 관절자극요법 실시기관
JDQ4MTYyMiM1MSMkMSMkMCMkNzIkNTgxMzUxIzIxIyQxIyQ5IyQxMyQzNjEyMjIjODEjJDEjJDYjJDgz,측두하악 관절자극요법 실시기관
JDQ4MTYyMiM1MSMkMSMkMCMkOTkkMzgxMzUxIzUxIyQxIyQxIyQ5MiQzNjEwMDIjNjEjJDEjJDAjJDgz,(회복기)재활의료기관
JDQ4MTYyMiM1MSMkMSMkMCMkOTkkMzgxMzUxIzUxIyQxIyQxIyQ5MiQzNjEwMDIjNjEjJDEjJDAjJDgz,재활환자 재택의료 시범기관
JDQ4MTYyMiM1MSMkMiMkMCMkMDAkMzgxOTYxIzUxIyQxIyQxIyQwMyQyNjE0ODEjNDEjJDEjJDgjJDgz,HPV 예방접종사업 참여기관
JDQ4MTYyMiM1MSMkMiMkMCMkMDAkMzgxOTYxIzUxIyQxIyQxIyQwMyQyNjE0ODEjNDEjJDEjJDgjJDgz,아동 일차의료 심층상담 시범사업
JDQ4MTYyMiM1MSMkMiMkMCMkMDAkMzgxNzAyIzExIyQxIyQ3IyQ3MiQzNjEyMjIjNjEjJDEjJDAjJDgz,일차의료 만성질환관리 실시기관
JDQ4MTYyMiM1MSMkMiMkMCMkMDAkMzgxNzAyIzExIyQxIyQ3IyQwMyQ0NjE0ODEjNTEjJDEjJDIjJDgz,일차의료 방문진료 수가 시범기관
JDQ4MTYyMiM1MSMkMiMkMCMkMDAkMzgxNzAyIzExIyQxIyQ3IyQwMyQ0NjE0ODEjNTEjJDEjJDIjJDgz,일차의료 방문진료 수가 시범기관
JDQ4MTYyMiM1MSMkMiMkMCMkMDAkMzgxNzAyIzMxIyQxIyQ3IyQxMyQzNjE4MzIjNTEjJDEjJDYjJDgz,HPV 예방접종사업 참여기관
JDQ4MTYyMiM1MSMkMiMkMCMkMDAkNDgxMzUxIzIxIyQxIyQxIyQ4MiQzNjEwMDIjNjEjJDEjJDQjJDgz,일차의료 방문진료 수가 시범기관
JDQ4MTYyMiM1MSMkMiMkMCMkMDAkNDgxMzUxIzIxIyQxIyQxIyQ4MiQzNjEwMDIjNjEjJDEjJDQjJDgz,일차의료 방문진료 수가 시범기관
JDQ4MTYyMiM1MSMkMiMkMCMkMDAkNDgxMzUxIzQxIyQxIyQ3IyQ4MiQzNjE0ODEjODEjJDEjJDYjJDgz,비대면진료 시범사업 휴일·야간 진료기관(의료기관)
JDQ4MTYyMiM1MSMkMiMkMCMkMDAkNDgxMTkxIzIxIyQxIyQxIyQ5MiQ0NjEwMDIjNjEjJDEjJDgjJDgz,HPV 예방접종사업 참여기관
JDQ4MTYyMiM1MSMkMiMkMCMkMDAkNDgxMTkxIzIxIyQxIyQ1IyQ5OSQzNjE0ODEjNjEjJDEjJDQjJDgz,HPV 예방접종사업 참여기관
JDQ4MTYyMiM1MSMkMiMkMCMkMDAkNDgxMTkxIzIxIyQxIyQ1IyQ2MiQ0NjE0ODEjNTEjJDEjJDIjJDgz,아동 일차의료 심층상담 시범사업
JDQ4MTYyMiM1MSMkMiMkMCMkMDAkNDgxMTkxIzIxIyQyIyQ5IyQwMCQzNjE4MzIjNTEjJDEjJDYjJDgz,아동 일차의료 심층상담 시범사업
JDQ4MTYyMiM1MSMkMiMkMCMkMDAkNDgxMTkxIzMxIyQxIyQzIyQ4MiQyNjE0ODEjNjEjJDEjJDAjJDgz,장애인 건강주치의 시범기관
JDQ4MTYyMiM1MSMkMiMkMCMkMDAkNDgxMTkxIzMxIyQxIyQ3IyQ5OSQzNjE0ODEjNjEjJDEjJDAjJDgz,HPV 예방접종사업 참여기관
JDQ4MTYyMiM1MSMkMiMkMCMkMDAkNDgxNzAyIzIxIyQxIyQ1IyQwMyQ0NjEwMDIjNjEjJDEjJDQjJDgz,비대면진료 시범사업 휴일·야간 진료기관(의료기관)
JDQ4MTYyMiM1MSMkMiMkMCMkMDAkNDgxNzAyIzMxIyQxIyQ3IyQ4OSQyNjEyMjIjNjEjJDEjJDgjJDgz,일차의료 만성질환관리 실시기관
JDQ4MTYyMiM1MSMkMiMkMCMkMDAkNDgxNzAyIzQxIyQxIyQ3IyQ3MiQyNjE4MzIjNDEjJDEjJDQjJDgz,HPV 예방접종사업 참여기관
JDQ4MTYyMiM1MSMkMiMkMCMkMDAkNTgxMzUxIzExIyQxIyQzIyQ3MiQyNjE0ODEjNjEjJDEjJDgjJDgz,HPV 예방접종사업 참여기관
JDQ4MTYyMiM1MSMkMiMkMCMkMDAkNTgxMzUxIzIxIyQxIyQ5IyQ4OSQ0NjEwMDIjNjEjJDEjJDgjJDgz,HPV 예방접종사업 참여기관
JDQ4MTYyMiM1MSMkMiMkMCMkMDAkNTgxMzUxIzMxIyQxIyQzIyQ4OSQzNjEwMDIjNDEjJDEjJDQjJDgz,장애인 건강주치의 시범기관
JDQ4MTYyMiM1MSMkMiMkMCMkMDAkNTgxMzUxIzMxIyQxIyQ3IyQ3OSQzNjEyMjIjNzEjJDEjJDgjJDgz,HPV 예방접종사업 참여기관
JDQ4MTYyMiM1MSMkMiMkMCMkMDAkNTgxMzUxIzQxIyQyIyQ3IyQwMCQzNjEwMDIjNzEjJDEjJDgjJDgz,비대면진료 시범사업 휴일·야간 진료기관(의료기관)
JDQ4MTYyMiM1MSMkMiMkMCMkMDAkNTgxMzUxIzQxIyQxIyQ3IyQ5MiQzNjE0ODEjODEjJDEjJDIjJDgz,비대면진료 시범사업 휴일·야간 진료기관(의료기관)
JDQ4MTYyMiM1MSMkMSMkMCMkNzIkNTgxMzUxIzMxIyQxIyQ3IyQ4OSQzNjE4MzIjNDEjJDEjJDgjJDgz,측두하악 관절자극요법 실시기관
JDQ4MTYyMiM1MSMkMSMkMCMkNzIkNTgxMzUxIzMxIyQyIyQ3IyQwMCQzNjE4MzIjNjEjJDEjJDgjJDgz,측두하악 관절자극요법 실시기관
JDQ4MTYyMiM1MSMkMSMkMCMkNzIkNTgxMzUxIzUxIyQxIyQxIyQ5OSQzNjEyMjIjNTEjJDEjJDYjJDgz,측두하악 관절자극요법 실시기관
JDQ4MTYyMiM1MSMkMSMkMCMkNzIkNTgxMzUxIzUxIyQxIyQxIyQ5OSQzNjE4MzIjNDEjJDEjJDgjJDgz,측두하악 관절자극요법 실시기관
JDQ4MTYyMiM1MSMkMSMkMCMkNzIkNTgxOTYxIzExIyQxIyQzIyQ5OSQ0NjE0ODEjNjEjJDEjJDAjJDgz,장애인 치과주치의 시범기관
JDQ4MTYyMiM1MSMkMSMkMCMkNzIkNTgxOTYxIzExIyQxIyQzIyQ3MiQyNjEwMDIjODEjJDEjJDYjJDgz,장애인 치과주치의 시범기관
JDQ4MTYyMiM1MSMkMSMkMCMkNzIkNTgxOTYxIzExIyQxIyQ3IyQ4MiQyNjEyMjIjNDEjJDEjJDgjJDgz,장애인 치과주치의 시범기관
JDQ4MTYyMiM1MSMkMSMkMCMkNzIkNTgxOTYxIzExIyQxIyQ3IyQ4MiQ0NjEwMDIjODEjJDEjJDIjJDgz,측두하악 관절자극요법 실시기관
JDQ4MTYyMiM1MSMkMSMkMCMkNzIkNTgxOTYxIzIxIyQxIyQxIyQ4MiQzNjEyMjIjNDEjJDEjJDQjJDgz,측두하악 관절자극요법 실시기관
JDQ4MTYyMiM1MSMkMSMkMCMkOTIkMzgxMzUxIzExIyQxIyQzIyQ5OSQzNjEwMDIjNDEjJDEjJDQjJDgz,노숙인 진료기관
JDQ4MTYyMiM1MSMkMSMkMCMkMTMkNDgxOTYxIzIxIyQxIyQ1IyQ3MiQzNjEwMDIjNzEjJDEjJDgjJDgz,일차의료 한의 방문진료 수가 시범기관
JDQ4MTYyMiM1MSMkMSMkMCMkMTMkNDgxOTYxIzIxIyQxIyQ1IyQ3MiQzNjEwMDIjNzEjJDEjJDgjJDgz,일차의료 한의 방문진료 수가 시범기관
JDQ4MTYyMiM1MSMkMSMkMCMkMTMkNDgxOTYxIzQxIyQyIyQ3IyQwMCQzNjEwMDIjODEjJDEjJDIjJDgz,일차의료 한의 방문진료 수가 시범기관
JDQ4MTYyMiM1MSMkMSMkMCMkMTMkNDgxOTYxIzQxIyQyIyQ3IyQwMCQzNjEwMDIjODEjJDEjJDIjJDgz,일차의료 한의 방문진료 수가 시범기관
JDQ4MTYyMiM1MSMkMSMkMCMkMTMkNDgxMTkxIzExIyQxIyQzIyQ5OSQzNjEyMjIjNDEjJDEjJDQjJDgz,일차의료 한의 방문진료 수가 시범기관
JDQ4MTYyMiM1MSMkMSMkMCMkMTMkNDgxMTkxIzExIyQxIyQzIyQ5OSQzNjEyMjIjNDEjJDEjJDQjJDgz,일차의료 한의 방문진료 수가 시범기관
JDQ4MTYyMiM1MSMkMSMkMCMkMTMkNDgxMTkxIzMxIyQxIyQzIyQ5OSQyNjE4MzIjNzEjJDEjJDgjJDgz,일차의료 한의 방문진료 수가 시범기관
JDQ4MTYyMiM1MSMkMSMkMCMkMTMkNDgxMTkxIzMxIyQxIyQzIyQ5OSQyNjE4MzIjNzEjJDEjJDgjJDgz,일차의료 한의 방문진료 수가 시범기관
JDQ4MTYyMiM1MSMkMSMkMCMkMTMkNDgxNzAyIzIxIyQxIyQxIyQ3MiQ0NjEwMDIjNjEjJDEjJDAjJDgz,비대면진료 시범사업 휴일·야간 진료기관(의료기관)
JDQ4MTYyMiM1MSMkMSMkMCMkMTMkNDgxNzAyIzIxIyQxIyQxIyQ3MiQ0NjEwMDIjNjEjJDEjJDAjJDgz,일차의료 한의 방문진료 수가 시범기관
JDQ4MTYyMiM1MSMkMSMkMCMkMTMkNDgxNzAyIzIxIyQxIyQxIyQ3MiQ0NjEwMDIjNjEjJDEjJDAjJDgz,일차의료 한의 방문진료 수가 시범기관
JDQ4MTYyMiM1MSMkMSMkMCMkODkkMzgxMzUxIzExIyQxIyQzIyQ3MiQzNjE4MzIjNDEjJDEjJDgjJDgz,장애인 건강주치의 시범기관
JDQ4MTYyMiM1MSMkMSMkMCMkODkkMzgxMzUxIzExIyQxIyQzIyQwMyQyNjEwMDIjNTEjJDEjJDYjJDgz,심실 보조장치치료술(이식형)
JDQ4MTYyMiM1MSMkMSMkMCMkODkkMzgxMzUxIzExIyQxIyQzIyQwMyQyNjEwMDIjNTEjJDEjJDYjJDgz,결핵환자 재택의료 시범기관
JDQ4MTYyMiM1MSMkMSMkMCMkODkkMzgxMzUxIzExIyQyIyQ3IyQwMCQzNjEyMjIjNjEjJDEjJDAjJDgz,노숙인 진료기관
JDQ4MTYyMiM1MSMkMSMkMCMkOTkkMzgxMzUxIzMxIyQxIyQ3IyQ5OSQyNjEyMjIjNDEjJDEjJDgjJDgz,장애인 건강주치의 시범기관
JDQ4MTYyMiM1MSMkMSMkMCMkOTkkNTgxMzUxIzExIyQxIyQzIyQ3MiQyNjE0ODEjNDEjJDEjJDgjJDgz,가정간호 실시기관
JDQ4MTYyMiM1MSMkMiMkMCMkMDAkMzgxMTkxIzQxIyQxIyQ3IyQ5OSQyNjEyMjIjNTEjJDEjJDIjJDgz,일차의료 만성질환관리 실시기관
JDQ4MTYyMiM1MSMkMiMkMCMkMDAkMzgxMTkxIzUxIyQxIyQxIyQ5OSQyNjE4MzIjNzEjJDEjJDgjJDgz,일차의료 만성질환관리 실시기관
JDQ4MTYyMiM1MSMkMiMkMCMkMDAkMzgxNzAyIzExIyQxIyQzIyQ3OSQyNjEyMjIjODEjJDEjJDYjJDgz,HPV 예방접종사업 참여기관
JDQ4MTYyMiM1MSMkMiMkMCMkMDAkMzgxNzAyIzIxIyQxIyQxIyQ5MiQyNjE4MzIjNDEjJDEjJDgjJDgz,아동 일차의료 심층상담 시범사업
JDQ4MTYyMiM1MSMkMiMkMCMkMDAkMzgxNzAyIzMxIyQxIyQ3IyQ5MiQ0NjEwMDIjNjEjJDEjJDQjJDgz,HPV 예방접종사업 참여기관
JDQ4MTYyMiM1MSMkMiMkMCMkMDAkNDgxMzUxIzIxIyQxIyQ1IyQ5OSQzNjEwMDIjNTEjJDEjJDIjJDgz,HPV 예방접종사업 참여기관
JDQ4MTYyMiM1MSMkMiMkMCMkMDAkNDgxMzUxIzIxIyQxIyQ1IyQ5OSQzNjEwMDIjNTEjJDEjJDIjJDgz,아동 일차의료 심층상담 시범사업
JDQ4MTYyMiM1MSMkMiMkMCMkMDAkNDgxMzUxIzMxIyQxIyQ3IyQ3MiQzNjE0ODEjNjEjJDEjJDQjJDgz,HPV 예방접종사업 참여기관
JDQ4MTYyMiM1MSMkMiMkMCMkMDAkNDgxMzUxIzUxIyQyIyQxIyQwMCQyNjE4MzIjNjEjJDEjJDQjJDgz,HPV 예방접종사업 참여기관
JDQ4MTYyMiM1MSMkMiMkMCMkMDAkNDgxOTYxIzExIyQxIyQ3IyQ4MiQ0NjEwMDIjNzEjJDEjJDgjJDgz,아동 일차의료 심층상담 시범사업
JDQ4MTYyMiM1MSMkMiMkMCMkMDAkNDgxOTYxIzIxIyQxIyQ5IyQ3MiQzNjEwMDIjNjEjJDEjJDgjJDgz,HPV 예방접종사업 참여기관
JDQ4MTYyMiM1MSMkMiMkMCMkMDAkNDgxMTkxIzIxIyQyIyQ5IyQwMCQzNjE4MzIjNTEjJDEjJDYjJDgz,HPV 예방접종사업 참여기관
JDQ4MTYyMiM1MSMkMiMkMCMkMDAkNDgxMTkxIzIxIyQxIyQ5IyQ4MiQyNjE4MzIjNTEjJDEjJDIjJDgz,HPV 예방접종사업 참여기관
JDQ4MTYyMiM1MSMkMiMkMCMkMDAkNDgxMTkxIzIxIyQxIyQ5IyQ4MiQyNjE4MzIjNTEjJDEjJDIjJDgz,비대면진료 시범사업 휴일·야간 진료기관(의료기관)
JDQ4MTYyMiM1MSMkMiMkMCMkMDAkNDgxMTkxIzIxIyQxIyQ5IyQ4MiQyNjE4MzIjNTEjJDEjJDIjJDgz,일차의료 만성질환관리 실시기관
JDQ4MTYyMiM1MSMkMiMkMCMkMDAkNDgxMTkxIzMxIyQxIyQzIyQ2MiQzNjE0ODEjNTEjJDEjJDIjJDgz,HPV 예방접종사업 참여기관
JDQ4MTYyMiM1MSMkMiMkMCMkMDAkNDgxMTkxIzUxIyQxIyQxIyQ5MiQyNjEyMjIjNzEjJDEjJDgjJDgz,수면다원검사 실시기관
JDQ4MTYyMiM1MSMkMiMkMCMkMDAkNDgxNzAyIzIxIyQxIyQxIyQ3OSQyNjEwMDIjNjEjJDEjJDQjJDgz,HPV 예방접종사업 참여기관
JDQ4MTYyMiM1MSMkMiMkMCMkMDAkNTgxMzUxIzExIyQxIyQzIyQ5OSQyNjEyMjIjNDEjJDEjJDgjJDgz,HPV 예방접종사업 참여기관
JDQ4MTYyMiM1MSMkMiMkMCMkMDAkNTgxMzUxIzExIyQxIyQzIyQ5OSQyNjEyMjIjNDEjJDEjJDgjJDgz,비대면진료 시범사업 휴일·야간 진료기관(의료기관)
JDQ4MTYyMiM1MSMkMiMkMCMkMDAkNTgxMzUxIzExIyQxIyQzIyQ5OSQzNjEwMDIjNjEjJDEjJDQjJDgz,아동 일차의료 심층상담 시범사업
JDQ4MTYyMiM1MSMkMiMkMCMkMDAkNTgxMzUxIzIxIyQxIyQxIyQ2MiQyNjEwMDIjNDEjJDEjJDQjJDgz,HPV 예방접종사업 참여기관
JDQ4MTYyMiM1MSMkMiMkMCMkMDAkNTgxMzUxIzMxIyQxIyQzIyQ4OSQyNjEwMDIjNzEjJDEjJDgjJDgz,비대면진료 시범사업 휴일·야간 진료기관(의료기관)
JDQ4MTYyMiM1MSMkMiMkMCMkMDAkNTgxMzUxIzMxIyQxIyQ3IyQ3OSQzNjEyMjIjNzEjJDEjJDgjJDgz,일차의료 만성질환관리 실시기관
JDQ4MTYyMiM1MSMkMiMkMCMkMDAkNTgxMzUxIzUxIyQxIyQ1IyQ5MiQzNjEwMDIjODEjJDEjJDYjJDgz,일차의료 방문진료 수가 시범기관
JDQ4MTYyMiM1MSMkMiMkMCMkMDAkNTgxMzUxIzUxIyQxIyQ1IyQ5MiQzNjEwMDIjODEjJDEjJDYjJDgz,일차의료 방문진료 수가 시범기관
JDQ4MTYyMiM1MSMkMiMkMCMkMDAkNTgxOTYxIzUxIyQxIyQxIyQ3MiQzNjE4MzIjNDEjJDEjJDQjJDgz,비대면진료 시범사업 휴일·야간 진료기관(의료기관)
JDQ4MTYyMiM1MSMkMSMkMCMkNjIkMzgxMzUxIzExIyQxIyQ3IyQ4OSQyNjEyMjIjNDEjJDEjJDgjJDgz,측두하악 관절자극요법 실시기관
JDQ4MTYyMiM1MSMkMSMkMCMkNzIkMzgxMTkxIzQxIyQxIyQ3IyQ5OSQyNjE0ODEjNjEjJDEjJDQjJDgz,측두하악 관절자극요법 실시기관
JDQ4MTYyMiM1MSMkMSMkMCMkNzIkMzgxNzAyIzIxIyQxIyQ1IyQ4OSQyNjE4MzIjNTEjJDEjJDIjJDgz,측두하악 관절자극요법 실시기관
JDQ4MTYyMiM1MSMkMiMkMCMkMDAkNTgxOTYxIzIxIyQxIyQ5IyQ4OSQzNjE0ODEjNDEjJDEjJDgjJDgz,일차의료 만성질환관리 실시기관
JDQ4MTYyMiM1MSMkMSMkMCMkNzIkNDgxMzUxIzUxIyQxIyQ1IyQ5OSQyNjEyMjIjNjEjJDEjJDQjJDgz,측두하악 관절자극요법 실시기관
JDQ4MTYyMiM1MSMkMSMkMCMkNzIkNDgxOTYxIzUxIyQxIyQ1IyQxMyQ0NjE0ODEjNDEjJDEjJDgjJDgz,측두하악 관절자극요법 실시기관
JDQ4MTYyMiM1MSMkMSMkMCMkNzIkNDgxMTkxIzIxIyQyIyQ5IyQwMCQzNjEwMDIjNjEjJDEjJDgjJDgz,측두하악 관절자극요법 실시기관
JDQ4MTYyMiM1MSMkMSMkMCMkNzIkNDgxMTkxIzMxIyQxIyQzIyQ5MiQzNjE0ODEjNTEjJDEjJDYjJDgz,측두하악 관절자극요법 실시기관
JDQ4MTYyMiM1MSMkMSMkMCMkNzIkNDgxMTkxIzMxIyQxIyQ3IyQxMyQyNjEwMDIjNDEjJDEjJDQjJDgz,측두하악 관절자극요법 실시기관
JDQ4MTYyMiM1MSMkMSMkMCMkNzIkNDgxNzAyIzExIyQxIyQ3IyQ3OSQyNjEwMDIjODEjJDEjJDIjJDgz,측두하악 관절자극요법 실시기관
JDQ4MTYyMiM1MSMkMSMkMCMkNzIkNDgxNzAyIzIxIyQxIyQxIyQxMyQzNjEyMjIjNDEjJDEjJDgjJDgz,측두하악 관절자극요법 실시기관
JDQ4MTYyMiM1MSMkMSMkMCMkNzIkNDgxNzAyIzMxIyQxIyQ3IyQ5OSQzNjEyMjIjNjEjJDEjJDQjJDgz,장애인 치과주치의 시범기관
JDQ4MTYyMiM1MSMkMSMkMCMkNzIkNDgxNzAyIzUxIyQxIyQxIyQ4MiQzNjE0ODEjNDEjJDEjJDgjJDgz,측두하악 관절자극요법 실시기관
JDQ4MTYyMiM1MSMkMSMkMCMkNzIkNDgxNzAyIzUxIyQxIyQxIyQ4MiQzNjEyMjIjNzEjJDEjJDgjJDgz,측두하악 관절자극요법 실시기관
JDQ4MTYyMiM1MSMkMSMkMCMkNzIkNDgxNzAyIzUxIyQxIyQ1IyQwMyQzNjEwMDIjNDEjJDEjJDQjJDgz,측두하악 관절자극요법 실시기관
JDQ4MTYyMiM1MSMkMSMkMCMkNzIkNTgxMzUxIzIxIyQxIyQ1IyQ4MiQ0NjEwMDIjNjEjJDEjJDQjJDgz,측두하악 관절자극요법 실시기관
JDQ4MTYyMiM1MSMkMSMkMCMkNzIkNTgxMzUxIzUxIyQxIyQ1IyQ5MiQzNjE4MzIjNjEjJDEjJDAjJDgz,측두하악 관절자극요법 실시기관
JDQ4MTYyMiM1MSMkMSMkMCMkNzIkNTgxOTYxIzExIyQxIyQ3IyQ4OSQyNjEyMjIjNjEjJDEjJDAjJDgz,측두하악 관절자극요법 실시기관
JDQ4MTYyMiM1MSMkMSMkMCMkNzIkNTgxOTYxIzExIyQxIyQ3IyQwMyQyNjE0ODEjODEjJDEjJDYjJDgz,측두하악 관절자극요법 실시기관
JDQ4MTYyMiM1MSMkMSMkMCMkMTMkMzgxMTkxIzExIyQxIyQzIyQ4OSQzNjEyMjIjNDEjJDEjJDgjJDgz,의ㆍ한협진 4단계 시범기관
JDQ4MTYyMiM1MSMkMSMkMCMkMTMkMzgxNzAyIzUxIyQxIyQxIyQ3MiQyNjE0ODEjNzEjJDEjJDgjJDgz,일차의료 한의 방문진료 수가 시범기관
JDQ4MTYyMiM1MSMkMSMkMCMkMTMkMzgxNzAyIzUxIyQxIyQxIyQ3MiQyNjE0ODEjNzEjJDEjJDgjJDgz,일차의료 한의 방문진료 수가 시범기관
JDQ4MTYyMiM1MSMkMSMkMCMkMTMkNDgxOTYxIzUxIyQxIyQxIyQ5OSQzNjEwMDIjNzEjJDEjJDgjJDgz,일차의료 한의 방문진료 수가 시범기관
JDQ4MTYyMiM1MSMkMSMkMCMkMTMkNDgxOTYxIzUxIyQxIyQxIyQ5OSQzNjEwMDIjNzEjJDEjJDgjJDgz,일차의료 한의 방문진료 수가 시범기관
JDQ4MTYyMiM1MSMkMSMkMCMkMTMkNDgxMTkxIzIxIyQxIyQ5IyQ2MiQzNjE0ODEjNTEjJDEjJDYjJDgz,일차의료 한의 방문진료 수가 시범기관
JDQ4MTYyMiM1MSMkMSMkMCMkMTMkNDgxMTkxIzIxIyQxIyQ5IyQ2MiQzNjE0ODEjNTEjJDEjJDYjJDgz,일차의료 한의 방문진료 수가 시범기관
JDQ4MTYyMiM1MSMkMSMkMCMkMTMkNDgxMTkxIzIxIyQxIyQ5IyQ3MiQyNjE4MzIjNTEjJDEjJDIjJDgz,일차의료 한의 방문진료 수가 시범기관
JDQ4MTYyMiM1MSMkMSMkMCMkMTMkNDgxMTkxIzIxIyQxIyQ5IyQ3MiQyNjE4MzIjNTEjJDEjJDIjJDgz,일차의료 한의 방문진료 수가 시범기관
JDQ4MTYyMiM1MSMkMSMkMCMkODkkMzgxMzUxIzExIyQxIyQzIyQ3MiQyNjEwMDIjNDEjJDEjJDgjJDgz,응급의료기관
JDQ4MTYyMiM1MSMkMSMkMCMkODkkMzgxMzUxIzExIyQxIyQzIyQ3MiQyNjEwMDIjNDEjJDEjJDgjJDgz,복막투석 환자 재택관리 시범기관
JDQ4MTYyMiM1MSMkMSMkMCMkODkkMzgxMzUxIzExIyQxIyQzIyQ3MiQyNjEwMDIjNDEjJDEjJDgjJDgz,1형 당뇨병 환자 재택의료 시범기관
JDU4MTI3MSM1MSMkMSMkMCMkOTkkNTgxMzUxIzExIyQxIyQzIyQ3OSQzNjE0ODEjNDEjJDEjJDgjJDgz,보훈위탁진료 요양기관
JDU4MTI3MSM1MSMkMiMkMCMkMDAkMzgxMzUxIzExIyQxIyQ3IyQ5OSQyNjEyMjIjNjEjJDEjJDgjJDgz,아동 일차의료 심층상담 시범사업
JDU4MTI3MSM1MSMkMiMkMCMkMDAkMzgxMzUxIzIxIyQxIyQ5IyQ3MiQzNjE0ODEjNTEjJDEjJDYjJDgz,비대면진료 시범사업 휴일·야간 진료기관(의료기관)
JDU4MTI3MSM1MSMkMiMkMCMkMDAkMzgxOTYxIzIxIyQxIyQxIyQ5OSQzNjE0ODEjNjEjJDEjJDAjJDgz,일차의료 만성질환관리 실시기관
JDU4MTI3MSM1MSMkMiMkMCMkMDAkMzgxOTYxIzUxIyQxIyQxIyQwMyQyNjE4MzIjODEjJDEjJDIjJDgz,비대면진료 시범사업 휴일·야간 진료기관(의료기관)
JDU4MTI3MSM1MSMkMiMkMCMkMDAkMzgxOTYxIzUxIyQxIyQ1IyQwMyQyNjEyMjIjNjEjJDEjJDgjJDgz,일차의료 방문진료 수가 시범기관
JDU4MTI3MSM1MSMkMiMkMCMkMDAkMzgxOTYxIzUxIyQxIyQ1IyQwMyQyNjEyMjIjNjEjJDEjJDgjJDgz,일차의료 방문진료 수가 시범기관
JDU4MTI3MSM1MSMkMiMkMCMkMDAkMzgxMTkxIzMxIyQxIyQ3IyQwMyQzNjE4MzIjNTEjJDEjJDYjJDgz,HPV 예방접종사업 참여기관
JDU4MTI3MSM1MSMkMiMkMCMkMDAkMzgxNzAyIzExIyQxIyQ3IyQ4MiQyNjE4MzIjNDEjJDEjJDQjJDgz,아동 일차의료 심층상담 시범사업
JDU4MTI3MSM1MSMkMiMkMCMkMDAkMzgxNzAyIzIxIyQxIyQ1IyQ3MiQyNjEyMjIjNzEjJDEjJDgjJDgz,비대면진료 시범사업 휴일·야간 진료기관(의료기관)
JDU4MTI3MSM1MSMkMiMkMCMkMDAkMzgxNzAyIzMxIyQxIyQzIyQ2MiQyNjE0ODEjNjEjJDEjJDgjJDgz,일차의료 만성질환관리 실시기관
JDU4MTI3MSM1MSMkMiMkMCMkMDAkMzgxNzAyIzMxIyQxIyQzIyQ2MiQzNjE0ODEjODEjJDEjJDYjJDgz,HPV 예방접종사업 참여기관
JDU4MTI3MSM1MSMkMiMkMCMkMDAkMzgxNzAyIzMxIyQxIyQzIyQ5MiQyNjEwMDIjNjEjJDEjJDgjJDgz,일차의료 만성질환관리 실시기관
JDU4MTI3MSM1MSMkMiMkMCMkMDAkNDgxMzUxIzMxIyQyIyQzIyQwMCQ0NjEwMDIjODEjJDEjJDIjJDgz,HPV 예방접종사업 참여기관
JDU4MTI3MSM1MSMkMiMkMCMkMDAkNDgxMzUxIzMxIyQyIyQzIyQwMCQ0NjEwMDIjODEjJDEjJDIjJDgz,아동 일차의료 심층상담 시범사업
JDU4MTI3MSM1MSMkMiMkMCMkMDAkNDgxMzUxIzQxIyQxIyQ3IyQ4OSQyNjEwMDIjNDEjJDEjJDgjJDgz,HPV 예방접종사업 참여기관
JDU4MTI3MSM1MSMkMiMkMCMkMDAkNDgxOTYxIzExIyQxIyQzIyQxMyQzNjE4MzIjODEjJDEjJDYjJDgz,HPV 예방접종사업 참여기관
JDU4MTI3MSM1MSMkMiMkMCMkMDAkNDgxOTYxIzIxIyQxIyQxIyQ4OSQzNjEwMDIjNzEjJDEjJDgjJDgz,HPV 예방접종사업 참여기관
JDU4MTI3MSM1MSMkMiMkMCMkMDAkNDgxOTYxIzIxIyQxIyQ1IyQ3MiQyNjEwMDIjNDEjJDEjJDQjJDgz,HPV 예방접종사업 참여기관
JDU4MTI3MSM1MSMkMiMkMCMkMDAkNDgxOTYxIzMxIyQxIyQ3IyQ2MiQzNjE0ODEjNjEjJDEjJDgjJDgz,아동 일차의료 심층상담 시범사업
JDU4MTI3MSM1MSMkMiMkMCMkMDAkNDgxOTYxIzQxIyQyIyQ3IyQwMCQzNjEwMDIjNTEjJDEjJDYjJDgz,비대면진료 시범사업 휴일·야간 진료기관(의료기관)
JDU4MTI3MSM1MSMkMiMkMCMkMDAkNDgxOTYxIzQxIyQxIyQ3IyQxMyQyNjEyMjIjNTEjJDEjJDIjJDgz,HPV 예방접종사업 참여기관
JDU4MTI3MSM1MSMkMiMkMCMkMDAkNDgxOTYxIzQxIyQxIyQ3IyQxMyQyNjEyMjIjNTEjJDEjJDIjJDgz,수면다원검사 실시기관
JDU4MTI3MSM1MSMkMiMkMCMkMDAkNDgxOTYxIzUxIyQxIyQxIyQwMyQyNjEyMjIjNDEjJDEjJDgjJDgz,HPV 예방접종사업 참여기관
JDU4MTI3MSM1MSMkMiMkMCMkMDAkNDgxMTkxIzExIyQxIyQzIyQwMyQ0NjEwMDIjNTEjJDEjJDYjJDgz,일차의료 방문진료 수가 시범기관
JDU4MTI3MSM1MSMkMiMkMCMkMDAkNDgxMTkxIzExIyQxIyQzIyQwMyQ0NjEwMDIjNTEjJDEjJDYjJDgz,일차의료 방문진료 수가 시범기관
JDU4MTI3MSM1MSMkMiMkMCMkMDAkNDgxMTkxIzExIyQxIyQ3IyQ4MiQyNjEwMDIjNDEjJDEjJDQjJDgz,수면다원검사 실시기관
JDU4MTI3MSM1MSMkMiMkMCMkMDAkNDgxMTkxIzIxIyQxIyQ1IyQ3OSQyNjEwMDIjODEjJDEjJDYjJDgz,HPV 예방접종사업 참여기관
JDU4MTI3MSM1MSMkMiMkMCMkMDAkNDgxNzAyIzMxIyQxIyQzIyQ5OSQ0NjE0ODEjODEjJDEjJDYjJDgz,HPV 예방접종사업 참여기관
JDU4MTI3MSM1MSMkMiMkMCMkMDAkNDgxNzAyIzMxIyQxIyQzIyQ3MiQzNjE4MzIjNTEjJDEjJDIjJDgz,비대면진료 시범사업 휴일·야간 진료기관(의료기관)
JDU4MTI3MSM1MSMkMiMkMCMkMDAkNDgxNzAyIzQxIyQxIyQ3IyQ4MiQzNjEwMDIjNjEjJDEjJDgjJDgz,일차의료 방문진료 수가 시범기관
JDU4MTI3MSM1MSMkMiMkMCMkMDAkNDgxNzAyIzQxIyQxIyQ3IyQ4MiQzNjEwMDIjNjEjJDEjJDgjJDgz,일차의료 방문진료 수가 시범기관
JDU4MTI3MSM1MSMkMiMkMCMkMDAkNDgxNzAyIzUxIyQxIyQ1IyQwMyQzNjEwMDIjNTEjJDEjJDYjJDgz,비대면진료 시범사업 휴일·야간 진료기관(의료기관)
JDU4MTI3MSM1MSMkMiMkMCMkMDAkNTgxMzUxIzExIyQxIyQzIyQ5MiQzNjEyMjIjNTEjJDEjJDIjJDgz,HPV 예방접종사업 참여기관
JDU4MTI3MSM1MSMkMiMkMCMkMDAkNTgxMzUxIzExIyQxIyQ3IyQ3MiQyNjE4MzIjNDEjJDEjJDQjJDgz,HPV 예방접종사업 참여기관
JDU4MTI3MSM1MSMkMiMkMCMkMDAkNTgxMzUxIzMxIyQxIyQzIyQ4OSQzNjEwMDIjNTEjJDEjJDIjJDgz,HPV 예방접종사업 참여기관
JDU4MTI3MSM1MSMkMiMkMCMkMDAkNTgxMzUxIzMxIyQxIyQzIyQ5MiQzNjE0ODEjODEjJDEjJDIjJDgz,HPV 예방접종사업 참여기관
JDU4MTI3MSM1MSMkMiMkMCMkMDAkNTgxMzUxIzMxIyQxIyQzIyQ5MiQzNjE0ODEjODEjJDEjJDIjJDgz,아동 일차의료 심층상담 시범사업
JDU4MTI3MSM1MSMkMiMkMCMkMDAkNTgxMzUxIzQxIyQxIyQ3IyQ5MiQzNjEwMDIjODEjJDEjJDYjJDgz,일차의료 만성질환관리 실시기관
JDU4MTI3MSM1MSMkMiMkMCMkMDAkNTgxMzUxIzUxIyQxIyQxIyQxMyQzNjE4MzIjNjEjJDEjJDgjJDgz,일차의료 만성질환관리 실시기관
JDU4MTI3MSM1MSMkMiMkMCMkMDAkNTgxOTYxIzIxIyQxIyQ1IyQ5OSQyNjEyMjIjODEjJDEjJDIjJDgz,HPV 예방접종사업 참여기관
JDU4MTI3MSM1MSMkMiMkMCMkMDAkNTgxOTYxIzIxIyQxIyQ1IyQwMyQyNjEyMjIjNDEjJDEjJDgjJDgz,일차의료 만성질환관리 실시기관
JDU4MTI3MSM1MSMkMSMkMCMkMTMkMzgxNzAyIzExIyQxIyQ3IyQwMyQ0NjE0ODEjNTEjJDEjJDIjJDgz,일차의료 한의 방문진료 수가 시범기관
JDU4MTI3MSM1MSMkMSMkMCMkMTMkMzgxNzAyIzExIyQxIyQ3IyQwMyQ0NjE0ODEjNTEjJDEjJDIjJDgz,일차의료 한의 방문진료 수가 시범기관
JDU4MTI3MSM1MSMkMSMkMCMkMTMkNDgxMzUxIzExIyQxIyQzIyQ3MiQyNjEwMDIjNTEjJDEjJDIjJDgz,일차의료 한의 방문진료 수가 시범기관
JDU4MTI3MSM1MSMkMSMkMCMkMTMkNDgxMzUxIzExIyQxIyQzIyQ3MiQyNjEwMDIjNTEjJDEjJDIjJDgz,일차의료 한의 방문진료 수가 시범기관
JDU4MTI3MSM1MSMkMSMkMCMkMTMkNDgxMzUxIzExIyQxIyQzIyQwMyQzNjEwMDIjNzEjJDEjJDgjJDgz,일차의료 한의 방문진료 수가 시범기관
JDU4MTI3MSM1MSMkMSMkMCMkMTMkNDgxMzUxIzExIyQxIyQzIyQwMyQzNjEwMDIjNzEjJDEjJDgjJDgz,일차의료 한의 방문진료 수가 시범기관
JDU4MTI3MSM1MSMkMSMkMCMkMTMkNDgxMzUxIzQxIyQxIyQ3IyQ5MiQzNjEwMDIjNjEjJDEjJDAjJDgz,일차의료 한의 방문진료 수가 시범기관
JDU4MTI3MSM1MSMkMSMkMCMkMTMkNDgxMzUxIzQxIyQxIyQ3IyQ5MiQzNjEwMDIjNjEjJDEjJDAjJDgz,일차의료 한의 방문진료 수가 시범기관
JDU4MTI3MSM1MSMkMSMkMCMkMTMkNDgxOTYxIzIxIyQyIyQxIyQwMCQ0NjE0ODEjNTEjJDEjJDYjJDgz,일차의료 한의 방문진료 수가 시범기관
JDU4MTI3MSM1MSMkMSMkMCMkMTMkNDgxOTYxIzIxIyQyIyQxIyQwMCQ0NjE0ODEjNTEjJDEjJDYjJDgz,일차의료 한의 방문진료 수가 시범기관
JDU4MTI3MSM1MSMkMSMkMCMkMTMkNDgxOTYxIzIxIyQxIyQ5IyQ3OSQzNjEyMjIjODEjJDEjJDIjJDgz,일차의료 한의 방문진료 수가 시범기관
JDU4MTI3MSM1MSMkMSMkMCMkMTMkNDgxOTYxIzIxIyQxIyQ5IyQ3OSQzNjEyMjIjODEjJDEjJDIjJDgz,일차의료 한의 방문진료 수가 시범기관
JDU4MTI3MSM1MSMkMSMkMCMkMTMkNDgxOTYxIzMxIyQxIyQzIyQ4OSQ0NjE0ODEjODEjJDEjJDIjJDgz,일차의료 한의 방문진료 수가 시범기관
JDU4MTI3MSM1MSMkMSMkMCMkMTMkNDgxOTYxIzMxIyQxIyQzIyQ4OSQ0NjE0ODEjODEjJDEjJDIjJDgz,일차의료 한의 방문진료 수가 시범기관
JDQ4MTYyMiM1MSMkMiMkMCMkMDAkNDgxOTYxIzExIyQxIyQ3IyQ4MiQ0NjEwMDIjNzEjJDEjJDgjJDgz,일차의료 만성질환관리 실시기관
JDQ4MTYyMiM1MSMkMSMkMCMkNjIkMzgxMzUxIzExIyQxIyQzIyQ5MiQ0NjE0ODEjNzEjJDEjJDgjJDgz,측두하악 관절자극요법 실시기관
JDQ4MTYyMiM1MSMkMSMkMCMkNzIkMzgxMzUxIzExIyQxIyQ3IyQ5OSQ0NjEwMDIjNDEjJDEjJDQjJDgz,장애인 치과주치의 시범기관
JDQ4MTYyMiM1MSMkMSMkMCMkNzIkMzgxMzUxIzMxIyQxIyQzIyQ5MiQzNjEyMjIjNzEjJDEjJDgjJDgz,측두하악 관절자극요법 실시기관
JDQ4MTYyMiM1MSMkMSMkMCMkNzIkMzgxOTYxIzUxIyQyIyQ1IyQwMCQ0NjEwMDIjNTEjJDEjJDYjJDgz,측두하악 관절자극요법 실시기관
JDQ4MTYyMiM1MSMkMSMkMCMkNzIkMzgxNzAyIzMxIyQxIyQzIyQ2MiQ0NjE0ODEjODEjJDEjJDIjJDgz,구순구개열 등 치과교정 및 악정형 치료 실시기관
JDQ4MTYyMiM1MSMkMSMkMCMkNzIkNDgxMzUxIzQxIyQxIyQ3IyQ5OSQzNjE0ODEjODEjJDEjJDYjJDgz,측두하악 관절자극요법 실시기관
JDQ4MTYyMiM1MSMkMSMkMCMkNzIkNDgxOTYxIzUxIyQxIyQ1IyQwMyQyNjE4MzIjNTEjJDEjJDIjJDgz,측두하악 관절자극요법 실시기관
JDQ4MTYyMiM1MSMkMSMkMCMkNzIkNDgxMTkxIzIxIyQxIyQ1IyQ4OSQzNjE4MzIjNDEjJDEjJDgjJDgz,측두하악 관절자극요법 실시기관
JDQ4MTYyMiM1MSMkMSMkMCMkNzIkNDgxMTkxIzIxIyQxIyQ5IyQ3OSQ0NjEwMDIjNzEjJDEjJDgjJDgz,측두하악 관절자극요법 실시기관
JDQ4MTYyMiM1MSMkMSMkMCMkNzIkNDgxMTkxIzIxIyQxIyQ5IyQwMyQyNjE4MzIjNjEjJDEjJDgjJDgz,측두하악 관절자극요법 실시기관
JDQ4MTYyMiM1MSMkMSMkMCMkNzIkNDgxNzAyIzExIyQxIyQzIyQ5MiQzNjE0ODEjNzEjJDEjJDgjJDgz,측두하악 관절자극요법 실시기관
JDQ4MTYyMiM1MSMkMSMkMCMkNzIkNDgxNzAyIzExIyQxIyQzIyQwMyQyNjE0ODEjNDEjJDEjJDgjJDgz,측두하악 관절자극요법 실시기관
JDQ4MTYyMiM1MSMkMSMkMCMkNzIkNDgxNzAyIzIxIyQxIyQ1IyQ2MiQyNjEyMjIjODEjJDEjJDIjJDgz,측두하악 관절자극요법 실시기관
JDQ4MTYyMiM1MSMkMSMkMCMkNzIkNDgxNzAyIzQxIyQyIyQ3IyQwMCQyNjEyMjIjNjEjJDEjJDgjJDgz,측두하악 관절자극요법 실시기관
JDQ4MTYyMiM1MSMkMSMkMCMkNzIkNDgxNzAyIzUxIyQxIyQxIyQ2MiQyNjEwMDIjNDEjJDEjJDgjJDgz,측두하악 관절자극요법 실시기관
JDQ4MTYyMiM1MSMkMSMkMCMkNzIkNTgxMzUxIzExIyQxIyQzIyQ5MiQyNjE4MzIjNjEjJDEjJDAjJDgz,측두하악 관절자극요법 실시기관
JDQ4MTYyMiM1MSMkMSMkMCMkNzIkNTgxMzUxIzExIyQxIyQ3IyQ2MiQyNjE0ODEjNjEjJDEjJDAjJDgz,측두하악 관절자극요법 실시기관
JDQ4MTYyMiM1MSMkMSMkMCMkNzIkNTgxMzUxIzIxIyQxIyQ1IyQ4MiQ0NjEwMDIjNjEjJDEjJDQjJDgz,장애인 치과주치의 시범기관
JDQ4MTYyMiM1MSMkMSMkMCMkNzIkNTgxMzUxIzIxIyQxIyQ1IyQ5MiQ0NjE0ODEjNjEjJDEjJDAjJDgz,측두하악 관절자극요법 실시기관
JDQ4MTYyMiM1MSMkMSMkMCMkNzIkNTgxMzUxIzMxIyQxIyQzIyQwMyQ0NjE0ODEjNjEjJDEjJDAjJDgz,측두하악 관절자극요법 실시기관
JDQ4MTYyMiM1MSMkMSMkMCMkNzIkNTgxOTYxIzIxIyQxIyQxIyQ3OSQ0NjEwMDIjNDEjJDEjJDgjJDgz,측두하악 관절자극요법 실시기관
JDQ4MTYyMiM1MSMkMSMkMCMkMTMkNDgxMzUxIzMxIyQxIyQ3IyQ2MiQzNjEyMjIjNDEjJDEjJDgjJDgz,일차의료 한의 방문진료 수가 시범기관
JDQ4MTYyMiM1MSMkMSMkMCMkMTMkNDgxMzUxIzMxIyQxIyQ3IyQ2MiQzNjEyMjIjNDEjJDEjJDgjJDgz,일차의료 한의 방문진료 수가 시범기관
JDQ4MTYyMiM1MSMkMSMkMCMkMTMkNDgxOTYxIzIxIyQxIyQ1IyQ4MiQyNjE0ODEjNTEjJDEjJDYjJDgz,일차의료 한의 방문진료 수가 시범기관
JDQ4MTYyMiM1MSMkMSMkMCMkMTMkNDgxOTYxIzIxIyQxIyQ1IyQ4MiQyNjE0ODEjNTEjJDEjJDYjJDgz,일차의료 한의 방문진료 수가 시범기관
JDQ4MTYyMiM1MSMkMSMkMCMkMTMkNDgxMTkxIzExIyQxIyQ3IyQ2MiQ0NjEwMDIjNjEjJDEjJDQjJDgz,일차의료 한의 방문진료 수가 시범기관
JDQ4MTYyMiM1MSMkMSMkMCMkMTMkNDgxMTkxIzExIyQxIyQ3IyQ2MiQ0NjEwMDIjNjEjJDEjJDQjJDgz,일차의료 한의 방문진료 수가 시범기관
JDU4MTI3MSM1MSMkMiMkMCMkMDAkMzgxMzUxIzIxIyQxIyQ5IyQ3MiQzNjE0ODEjNTEjJDEjJDYjJDgz,HPV 예방접종사업 참여기관
JDU4MTI3MSM1MSMkMiMkMCMkMDAkMzgxMzUxIzUxIyQyIyQ1IyQwMCQ0NjE0ODEjNTEjJDEjJDYjJDgz,HPV 예방접종사업 참여기관
JDU4MTI3MSM1MSMkMiMkMCMkMDAkMzgxMzUxIzUxIyQxIyQ1IyQ3MiQzNjEwMDIjNTEjJDEjJDYjJDgz,보훈위탁진료 요양기관
JDU4MTI3MSM1MSMkMiMkMCMkMDAkMzgxOTYxIzExIyQxIyQ3IyQ2MiQzNjE4MzIjNzEjJDEjJDgjJDgz,비대면진료 시범사업 휴일·야간 진료기관(의료기관)
JDU4MTI3MSM1MSMkMiMkMCMkMDAkMzgxNzAyIzExIyQxIyQzIyQxMyQzNjEyMjIjNDEjJDEjJDQjJDgz,HPV 예방접종사업 참여기관
JDQ4MTYyMiM1MSMkMiMkMCMkMDAkMzgxNzAyIzIxIyQxIyQxIyQ2MiQ0NjEwMDIjODEjJDEjJDIjJDgz,HPV 예방접종사업 참여기관
JDQ4MTYyMiM1MSMkMiMkMCMkMDAkMzgxNzAyIzIxIyQxIyQxIyQ5MiQyNjE4MzIjNDEjJDEjJDgjJDgz,HPV 예방접종사업 참여기관
JDQ4MTYyMiM1MSMkMiMkMCMkMDAkMzgxNzAyIzMxIyQxIyQ3IyQwMyQ0NjEwMDIjNTEjJDEjJDIjJDgz,일차의료 만성질환관리 실시기관
JDQ4MTYyMiM1MSMkMiMkMCMkMDAkMzgxNzAyIzUxIyQxIyQxIyQwMyQyNjEwMDIjNDEjJDEjJDQjJDgz,일차의료 만성질환관리 실시기관
JDQ4MTYyMiM1MSMkMiMkMCMkMDAkNDgxMzUxIzIxIyQxIyQ1IyQ5OSQyNjEwMDIjNDEjJDEjJDQjJDgz,일차의료 만성질환관리 실시기관
JDQ4MTYyMiM1MSMkMiMkMCMkMDAkNDgxMTkxIzIxIyQxIyQ1IyQ2MiQ0NjE0ODEjNTEjJDEjJDIjJDgz,HPV 예방접종사업 참여기관
JDQ4MTYyMiM1MSMkMiMkMCMkMDAkNDgxMTkxIzUxIyQxIyQ1IyQ3OSQyNjE0ODEjNjEjJDEjJDgjJDgz,HPV 예방접종사업 참여기관
JDQ4MTYyMiM1MSMkMiMkMCMkMDAkNDgxNzAyIzIxIyQyIyQxIyQwMCQ0NjEwMDIjNTEjJDEjJDIjJDgz,일차의료 만성질환관리 실시기관
JDQ4MTYyMiM1MSMkMiMkMCMkMDAkNDgxNzAyIzIxIyQxIyQ1IyQwMyQzNjEyMjIjNDEjJDEjJDgjJDgz,비대면진료 시범사업 휴일·야간 진료기관(의료기관)
JDQ4MTYyMiM1MSMkMiMkMCMkMDAkNDgxNzAyIzMxIyQyIyQ3IyQwMCQ0NjE0ODEjNDEjJDEjJDQjJDgz,HPV 예방접종사업 참여기관
JDQ4MTYyMiM1MSMkMiMkMCMkMDAkNDgxNzAyIzQxIyQxIyQ3IyQ3OSQzNjEyMjIjODEjJDEjJDIjJDgz,HPV 예방접종사업 참여기관
JDQ4MTYyMiM1MSMkMiMkMCMkMDAkNDgxNzAyIzUxIyQxIyQxIyQ5OSQyNjE0ODEjNDEjJDEjJDQjJDgz,비대면진료 시범사업 휴일·야간 진료기관(의료기관)
JDQ4MTYyMiM1MSMkMiMkMCMkMDAkNTgxMzUxIzIxIyQxIyQxIyQ2MiQyNjEwMDIjNDEjJDEjJDQjJDgz,아동 일차의료 심층상담 시범사업
JDQ4MTYyMiM1MSMkMiMkMCMkMDAkNTgxMzUxIzIxIyQxIyQ5IyQ4MiQyNjE0ODEjODEjJDEjJDYjJDgz,일차의료 방문진료 수가 시범기관
JDQ4MTYyMiM1MSMkMiMkMCMkMDAkNTgxMzUxIzIxIyQxIyQ5IyQ4MiQyNjE0ODEjODEjJDEjJDYjJDgz,일차의료 방문진료 수가 시범기관
JDQ4MTYyMiM1MSMkMiMkMCMkMDAkNTgxMzUxIzIxIyQxIyQ5IyQ4MiQyNjE0ODEjODEjJDEjJDYjJDgz,비대면진료 시범사업 휴일·야간 진료기관(의료기관)
JDQ4MTYyMiM1MSMkMiMkMCMkMDAkNTgxMzUxIzQxIyQyIyQ3IyQwMCQzNjEwMDIjNzEjJDEjJDgjJDgz,HPV 예방접종사업 참여기관
JDQ4MTYyMiM1MSMkMiMkMCMkMDAkNTgxMzUxIzUxIyQxIyQ1IyQ5MiQzNjEwMDIjODEjJDEjJDYjJDgz,일차의료 만성질환관리 실시기관
JDQ4MTYyMiM1MSMkMiMkMCMkMDAkNTgxOTYxIzMxIyQxIyQzIyQ5OSQyNjE4MzIjNjEjJDEjJDgjJDgz,HPV 예방접종사업 참여기관
JDQ4MTYyMiM1MSMkMiMkMCMkMDAkNTgxOTYxIzMxIyQxIyQzIyQ4MiQ0NjE0ODEjNjEjJDEjJDgjJDgz,비대면진료 시범사업 휴일·야간 진료기관(의료기관)
JDU4MTI3MSM1MSMkMiMkMCMkMDAkMzgxMzUxIzExIyQxIyQ3IyQ5OSQyNjEyMjIjNjEjJDEjJDgjJDgz,HPV 예방접종사업 참여기관
JDU4MTI3MSM1MSMkMiMkMCMkMDAkMzgxMzUxIzUxIyQxIyQ1IyQ4OSQ0NjE0ODEjODEjJDEjJDYjJDgz,비대면진료 시범사업 휴일·야간 진료기관(의료기관)
JDU4MTI3MSM1MSMkMiMkMCMkMDAkMzgxMzUxIzUxIyQxIyQ1IyQ4OSQ0NjE0ODEjODEjJDEjJDYjJDgz,일차의료 만성질환관리 실시기관
JDU4MTI3MSM1MSMkMiMkMCMkMDAkMzgxOTYxIzExIyQxIyQzIyQxMyQzNjE0ODEjNTEjJDEjJDIjJDgz,일차의료 만성질환관리 실시기관
JDU4MTI3MSM1MSMkMiMkMCMkMDAkMzgxOTYxIzExIyQxIyQ3IyQwMyQzNjEyMjIjODEjJDEjJDIjJDgz,비대면진료 시범사업 휴일·야간 진료기관(의료기관)
JDU4MTI3MSM1MSMkMiMkMCMkMDAkMzgxOTYxIzQxIyQxIyQ3IyQ5OSQyNjE4MzIjODEjJDEjJDIjJDgz,일차의료 만성질환관리 실시기관
JDU4MTI3MSM1MSMkMiMkMCMkMDAkMzgxMTkxIzExIyQxIyQ3IyQ4MiQyNjE0ODEjNDEjJDEjJDQjJDgz,비대면진료 시범사업 휴일·야간 진료기관(의료기관)
JDU4MTI3MSM1MSMkMiMkMCMkMDAkMzgxMTkxIzIxIyQxIyQxIyQ4OSQzNjEyMjIjODEjJDEjJDYjJDgz,비대면진료 시범사업 휴일·야간 진료기관(의료기관)
JDU4MTI3MSM1MSMkMiMkMCMkMDAkMzgxMTkxIzIxIyQxIyQxIyQ4OSQzNjEyMjIjODEjJDEjJDYjJDgz,일차의료 만성질환관리 실시기관
JDU4MTI3MSM1MSMkMiMkMCMkMDAkMzgxMTkxIzUxIyQxIyQxIyQ3MiQzNjE4MzIjNjEjJDEjJDAjJDgz,HPV 예방접종사업 참여기관
JDU4MTI3MSM1MSMkMiMkMCMkMDAkMzgxNzAyIzIxIyQyIyQ5IyQwMCQyNjE4MzIjNzEjJDEjJDgjJDgz,비대면진료 시범사업 휴일·야간 진료기관(의료기관)
JDU4MTI3MSM1MSMkMiMkMCMkMDAkMzgxNzAyIzMxIyQxIyQ3IyQxMyQyNjE4MzIjNTEjJDEjJDYjJDgz,HPV 예방접종사업 참여기관
JDU4MTI3MSM1MSMkMiMkMCMkMDAkNDgxMzUxIzExIyQxIyQ3IyQ4OSQyNjEyMjIjNDEjJDEjJDgjJDgz,일차의료 방문진료 수가 시범기관
JDU4MTI3MSM1MSMkMiMkMCMkMDAkNDgxMzUxIzExIyQxIyQ3IyQ4OSQyNjEyMjIjNDEjJDEjJDgjJDgz,일차의료 방문진료 수가 시범기관
JDU4MTI3MSM1MSMkMiMkMCMkMDAkNDgxMzUxIzIxIyQxIyQxIyQ3OSQzNjEyMjIjNTEjJDEjJDIjJDgz,비대면진료 시범사업 휴일·야간 진료기관(의료기관)
JDU4MTI3MSM1MSMkMiMkMCMkMDAkNDgxMzUxIzIxIyQxIyQ5IyQ4MiQzNjEwMDIjNDEjJDEjJDgjJDgz,HPV 예방접종사업 참여기관
JDU4MTI3MSM1MSMkMiMkMCMkMDAkNDgxOTYxIzIxIyQxIyQ1IyQ3MiQyNjEwMDIjNDEjJDEjJDQjJDgz,아동 일차의료 심층상담 시범사업
JDU4MTI3MSM1MSMkMiMkMCMkMDAkNDgxOTYxIzIxIyQxIyQ5IyQ3MiQzNjEyMjIjNzEjJDEjJDgjJDgz,HPV 예방접종사업 참여기관
JDU4MTI3MSM1MSMkMiMkMCMkMDAkNDgxOTYxIzIxIyQxIyQ5IyQ4MiQ0NjEwMDIjODEjJDEjJDYjJDgz,HPV 예방접종사업 참여기관
JDU4MTI3MSM1MSMkMiMkMCMkMDAkNDgxOTYxIzMxIyQxIyQzIyQ2MiQyNjEyMjIjNTEjJDEjJDYjJDgz,일차의료 방문진료 수가 시범기관
JDU4MTI3MSM1MSMkMiMkMCMkMDAkNDgxOTYxIzMxIyQxIyQzIyQ2MiQyNjEyMjIjNTEjJDEjJDYjJDgz,일차의료 방문진료 수가 시범기관
JDU4MTI3MSM1MSMkMiMkMCMkMDAkNDgxOTYxIzMxIyQxIyQzIyQ5MiQyNjE0ODEjODEjJDEjJDYjJDgz,NGS유전자패널검사 실시기관
JDU4MTI3MSM1MSMkMiMkMCMkMDAkNDgxOTYxIzMxIyQxIyQ3IyQ4MiQyNjEwMDIjNjEjJDEjJDgjJDgz,HPV 예방접종사업 참여기관
JDU4MTI3MSM1MSMkMiMkMCMkMDAkNDgxOTYxIzMxIyQxIyQ3IyQ5MiQyNjE4MzIjNDEjJDEjJDQjJDgz,HPV 예방접종사업 참여기관
JDU4MTI3MSM1MSMkMiMkMCMkMDAkNDgxMTkxIzIxIyQxIyQ1IyQwMyQzNjE0ODEjNDEjJDEjJDgjJDgz,일차의료 방문진료 수가 시범기관
JDU4MTI3MSM1MSMkMiMkMCMkMDAkNDgxMTkxIzIxIyQxIyQ1IyQwMyQzNjE0ODEjNDEjJDEjJDgjJDgz,일차의료 방문진료 수가 시범기관
JDU4MTI3MSM1MSMkMiMkMCMkMDAkNDgxNzAyIzIxIyQxIyQ1IyQ2MiQyNjE0ODEjNjEjJDEjJDQjJDgz,일차의료 방문진료 수가 시범기관
JDU4MTI3MSM1MSMkMiMkMCMkMDAkNDgxNzAyIzIxIyQxIyQ1IyQ2MiQyNjE0ODEjNjEjJDEjJDQjJDgz,일차의료 방문진료 수가 시범기관
JDU4MTI3MSM1MSMkMiMkMCMkMDAkNDgxNzAyIzMxIyQxIyQzIyQ5OSQzNjEyMjIjNTEjJDEjJDIjJDgz,수면다원검사 실시기관
JDU4MTI3MSM1MSMkMiMkMCMkMDAkNDgxNzAyIzMxIyQxIyQzIyQ4MiQyNjE0ODEjNTEjJDEjJDIjJDgz,일차의료 만성질환관리 실시기관
JDU4MTI3MSM1MSMkMiMkMCMkMDAkNDgxNzAyIzMxIyQxIyQ3IyQ3MiQzNjE4MzIjODEjJDEjJDYjJDgz,HPV 예방접종사업 참여기관
JDU4MTI3MSM1MSMkMiMkMCMkMDAkNDgxNzAyIzUxIyQxIyQ1IyQxMyQzNjE0ODEjNTEjJDEjJDIjJDgz,HPV 예방접종사업 참여기관
JDU4MTI3MSM1MSMkMiMkMCMkMDAkNTgxMzUxIzMxIyQxIyQzIyQxMyQyNjE0ODEjNDEjJDEjJDQjJDgz,HPV 예방접종사업 참여기관
JDU4MTI3MSM1MSMkMiMkMCMkMDAkNTgxMzUxIzQxIyQxIyQ3IyQ5MiQzNjEyMjIjNzEjJDEjJDgjJDgz,HPV 예방접종사업 참여기관
JDU4MTI3MSM1MSMkMiMkMCMkMDAkNTgxMzUxIzUxIyQxIyQxIyQwMyQyNjE4MzIjNjEjJDEjJDgjJDgz,HPV 예방접종사업 참여기관
JDU4MTI3MSM1MSMkMiMkMCMkMDAkNTgxOTYxIzExIyQxIyQ3IyQ5MiQzNjE0ODEjODEjJDEjJDIjJDgz,HPV 예방접종사업 참여기관
JDU4MTI3MSM1MSMkMiMkMCMkMDAkNTgxOTYxIzQxIyQxIyQ3IyQ5OSQzNjEyMjIjNjEjJDEjJDgjJDgz,일차의료 방문진료 수가 시범기관
JDU4MTI3MSM1MSMkMiMkMCMkMDAkNTgxOTYxIzQxIyQxIyQ3IyQ5OSQzNjEyMjIjNjEjJDEjJDgjJDgz,일차의료 방문진료 수가 시범기관
JDU4MTI3MSM1MSMkMSMkMCMkMTMkNDgxMzUxIzIxIyQyIyQxIyQwMCQ0NjEwMDIjNjEjJDEjJDgjJDgz,일차의료 한의 방문진료 수가 시범기관
JDU4MTI3MSM1MSMkMSMkMCMkMTMkNDgxMzUxIzIxIyQyIyQxIyQwMCQ0NjEwMDIjNjEjJDEjJDgjJDgz,일차의료 한의 방문진료 수가 시범기관
JDU4MTI3MSM1MSMkMSMkMCMkMTMkNDgxOTYxIzExIyQxIyQzIyQwMyQzNjEyMjIjNDEjJDEjJDgjJDgz,일차의료 한의 방문진료 수가 시범기관
JDU4MTI3MSM1MSMkMSMkMCMkMTMkNDgxOTYxIzExIyQxIyQzIyQwMyQzNjEyMjIjNDEjJDEjJDgjJDgz,일차의료 한의 방문진료 수가 시범기관
JDU4MTI3MSM1MSMkMSMkMCMkMTMkNDgxOTYxIzIxIyQxIyQxIyQ4OSQyNjE0ODEjNTEjJDEjJDYjJDgz,일차의료 한의 방문진료 수가 시범기관
JDU4MTI3MSM1MSMkMSMkMCMkMTMkNDgxOTYxIzIxIyQxIyQxIyQ4OSQyNjE0ODEjNTEjJDEjJDYjJDgz,일차의료 한의 방문진료 수가 시범기관
JDQ4MTYyMiM1MSMkMSMkMCMkODkkMzgxMzUxIzExIyQxIyQzIyQ3OSQzNjE4MzIjNjEjJDEjJDAjJDgz,보훈위탁진료 요양기관
JDQ4MTYyMiM1MSMkMSMkMCMkODkkMzgxMzUxIzExIyQxIyQzIyQ3MiQyNjEwMDIjNDEjJDEjJDgjJDgz,인공와우 실시기관
JDQ4MTYyMiM1MSMkMSMkMCMkODkkMzgxMzUxIzExIyQxIyQzIyQ3MiQyNjEwMDIjNDEjJDEjJDgjJDgz,장애인 건강주치의 시범기관
JDQ4MTYyMiM1MSMkMSMkMCMkODkkMzgxMzUxIzExIyQxIyQzIyQwMyQyNjEwMDIjNTEjJDEjJDYjJDgz,인공와우 실시기관
JDQ4MTYyMiM1MSMkMSMkMCMkODkkMzgxMzUxIzExIyQxIyQzIyQwMyQyNjEwMDIjNTEjJDEjJDYjJDgz,복막투석 환자 재택관리 시범기관
JDQ4MTYyMiM1MSMkMSMkMCMkODkkMzgxMzUxIzExIyQyIyQ3IyQwMCQzNjEyMjIjNjEjJDEjJDAjJDgz,소외계층 의료서비스지원 사업기관
JDQ4MTYyMiM1MSMkMSMkMCMkODkkMzgxMzUxIzExIyQyIyQ3IyQwMCQzNjEyMjIjNjEjJDEjJDAjJDgz,HPV 예방접종사업 참여기관
JDQ4MTYyMiM1MSMkMSMkMCMkOTkkMzgxMzUxIzMxIyQxIyQ3IyQ5OSQyNjEyMjIjNDEjJDEjJDgjJDgz,재활환자 재택의료 시범기관
JDQ4MTYyMiM1MSMkMSMkMCMkMTMkNDgxMzUxIzMxIyQxIyQ3IyQ4MiQyNjE4MzIjNDEjJDEjJDgjJDgz,일차의료 한의 방문진료 수가 시범기관
JDQ4MTYyMiM1MSMkMSMkMCMkMTMkNDgxMzUxIzMxIyQxIyQ3IyQ4MiQyNjE4MzIjNDEjJDEjJDgjJDgz,일차의료 한의 방문진료 수가 시범기관
JDQ4MTYyMiM1MSMkMSMkMCMkMTMkNDgxMzUxIzQxIyQxIyQ3IyQ3MiQyNjEyMjIjNTEjJDEjJDIjJDgz,일차의료 한의 방문진료 수가 시범기관
JDQ4MTYyMiM1MSMkMSMkMCMkMTMkNDgxMzUxIzQxIyQxIyQ3IyQ3MiQyNjEyMjIjNTEjJDEjJDIjJDgz,일차의료 한의 방문진료 수가 시범기관
JDQ4MTYyMiM1MSMkMSMkMCMkMTMkNDgxMTkxIzIxIyQxIyQxIyQ2MiQzNjE4MzIjNjEjJDEjJDQjJDgz,일차의료 한의 방문진료 수가 시범기관
JDQ4MTYyMiM1MSMkMSMkMCMkMTMkNDgxMTkxIzIxIyQxIyQxIyQ2MiQzNjE4MzIjNjEjJDEjJDQjJDgz,일차의료 한의 방문진료 수가 시범기관
JDQ4MTYyMiM1MSMkMSMkMCMkMTMkNDgxNzAyIzExIyQxIyQzIyQ4OSQzNjE4MzIjNjEjJDEjJDgjJDgz,일차의료 한의 방문진료 수가 시범기관
JDQ4MTYyMiM1MSMkMSMkMCMkMTMkNDgxNzAyIzExIyQxIyQzIyQ4OSQzNjE4MzIjNjEjJDEjJDgjJDgz,일차의료 한의 방문진료 수가 시범기관
JDQ4MTYyMiM1MSMkMSMkMCMkNzIkNTgxMzUxIzMxIyQxIyQzIyQ3OSQyNjEyMjIjNzEjJDEjJDgjJDgz,측두하악 관절자극요법 실시기관
JDQ4MTYyMiM1MSMkMSMkMCMkNzIkNTgxMzUxIzMxIyQxIyQzIyQ5MiQzNjEyMjIjNDEjJDEjJDgjJDgz,측두하악 관절자극요법 실시기관
JDQ4MTYyMiM1MSMkMSMkMCMkNzIkNTgxMzUxIzMxIyQxIyQ3IyQ3OSQzNjEwMDIjODEjJDEjJDIjJDgz,측두하악 관절자극요법 실시기관
JDQ4MTYyMiM1MSMkMSMkMCMkNzIkNTgxMzUxIzMxIyQxIyQ3IyQ3OSQ0NjE0ODEjNTEjJDEjJDIjJDgz,측두하악 관절자극요법 실시기관
JDQ4MTYyMiM1MSMkMSMkMCMkNzIkNTgxMzUxIzMxIyQxIyQ3IyQ5MiQyNjE0ODEjODEjJDEjJDIjJDgz,측두하악 관절자극요법 실시기관
JDQ4MTYyMiM1MSMkMSMkMCMkNzIkNTgxOTYxIzExIyQxIyQ3IyQ3MiQzNjEyMjIjNjEjJDEjJDgjJDgz,측두하악 관절자극요법 실시기관
JDQ4MTYyMiM1MSMkMSMkMCMkNzIkNTgxOTYxIzExIyQxIyQ3IyQ5MiQyNjEwMDIjNDEjJDEjJDQjJDgz,측두하악 관절자극요법 실시기관
JDQ4MTYyMiM1MSMkMSMkMCMkMTMkMzgxNzAyIzIxIyQxIyQ1IyQ3MiQzNjEwMDIjNjEjJDEjJDgjJDgz,일차의료 한의 방문진료 수가 시범기관
JDQ4MTYyMiM1MSMkMSMkMCMkMTMkMzgxNzAyIzIxIyQxIyQ1IyQ3MiQzNjEwMDIjNjEjJDEjJDgjJDgz,일차의료 한의 방문진료 수가 시범기관
JDQ4MTYyMiM1MSMkMSMkMCMkMTMkMzgxNzAyIzUxIyQxIyQxIyQ2MiQzNjEwMDIjNDEjJDEjJDgjJDgz,일차의료 한의 방문진료 수가 시범기관
JDQ4MTYyMiM1MSMkMSMkMCMkMTMkMzgxNzAyIzUxIyQxIyQxIyQ2MiQzNjEwMDIjNDEjJDEjJDgjJDgz,일차의료 한의 방문진료 수가 시범기관
JDU4MTI3MSM1MSMkMiMkMCMkMDAkNDgxOTYxIzQxIyQxIyQ3IyQ4OSQyNjEwMDIjNjEjJDEjJDgjJDgz,아동 일차의료 심층상담 시범사업
JDU4MTI3MSM1MSMkMiMkMCMkMDAkNDgxOTYxIzQxIyQxIyQ3IyQxMyQyNjEwMDIjNjEjJDEjJDAjJDgz,일차의료 만성질환관리 실시기관
JDU4MTI3MSM1MSMkMiMkMCMkMDAkNDgxMTkxIzIxIyQxIyQxIyQ4OSQzNjEwMDIjNTEjJDEjJDIjJDgz,일차의료 만성질환관리 실시기관
JDU4MTI3MSM1MSMkMiMkMCMkMDAkNDgxMTkxIzIxIyQyIyQxIyQwMCQ0NjEwMDIjNDEjJDEjJDQjJDgz,일차의료 만성질환관리 실시기관
JDU4MTI3MSM1MSMkMiMkMCMkMDAkNDgxMTkxIzMxIyQxIyQ3IyQ5MiQzNjE0ODEjNTEjJDEjJDYjJDgz,비대면진료 시범사업 휴일·야간 진료기관(의료기관)
JDU4MTI3MSM1MSMkMiMkMCMkMDAkNDgxNzAyIzIxIyQxIyQ5IyQ2MiQzNjE0ODEjNjEjJDEjJDAjJDgz,HPV 예방접종사업 참여기관
JDU4MTI3MSM1MSMkMiMkMCMkMDAkNDgxNzAyIzUxIyQxIyQxIyQ2MiQzNjEyMjIjNjEjJDEjJDgjJDgz,HPV 예방접종사업 참여기관
JDU4MTI3MSM1MSMkMiMkMCMkMDAkNTgxMzUxIzExIyQxIyQzIyQwMyQyNjEyMjIjNzEjJDEjJDgjJDgz,비대면진료 시범사업 휴일·야간 진료기관(의료기관)
JDU4MTI3MSM1MSMkMiMkMCMkMDAkNTgxMzUxIzIxIyQxIyQ5IyQ3MiQzNjEyMjIjNTEjJDEjJDYjJDgz,일차의료 방문진료 수가 시범기관
JDU4MTI3MSM1MSMkMiMkMCMkMDAkNTgxMzUxIzIxIyQxIyQ5IyQ3MiQzNjEyMjIjNTEjJDEjJDYjJDgz,일차의료 방문진료 수가 시범기관
JDU4MTI3MSM1MSMkMiMkMCMkMDAkNTgxMzUxIzIxIyQxIyQ5IyQ4MiQ0NjEwMDIjNjEjJDEjJDQjJDgz,HPV 예방접종사업 참여기관
JDU4MTI3MSM1MSMkMiMkMCMkMDAkNTgxMzUxIzUxIyQxIyQ1IyQ3OSQzNjEyMjIjODEjJDEjJDYjJDgz,HPV 예방접종사업 참여기관
JDU4MTI3MSM1MSMkMiMkMCMkMDAkNTgxMzUxIzUxIyQxIyQ1IyQ3OSQzNjEyMjIjODEjJDEjJDYjJDgz,비대면진료 시범사업 휴일·야간 진료기관(의료기관)
JDU4MTI3MSM1MSMkMiMkMCMkMDAkNTgxOTYxIzIxIyQxIyQxIyQxMyQzNjE0ODEjODEjJDEjJDYjJDgz,수면다원검사 실시기관
JDU4MTI3MSM1MSMkMiMkMCMkMDAkNTgxOTYxIzIxIyQxIyQ5IyQ4MiQzNjEwMDIjODEjJDEjJDIjJDgz,HPV 예방접종사업 참여기관
JDU4MTI3MSM1MSMkMSMkMCMkMTMkMzgxNzAyIzIxIyQxIyQxIyQxMyQzNjEwMDIjNDEjJDEjJDgjJDgz,일차의료 한의 방문진료 수가 시범기관
JDU4MTI3MSM1MSMkMSMkMCMkMTMkMzgxNzAyIzIxIyQxIyQxIyQxMyQzNjEwMDIjNDEjJDEjJDgjJDgz,일차의료 한의 방문진료 수가 시범기관
JDU4MTI3MSM1MSMkMSMkMCMkMTMkMzgxNzAyIzIxIyQyIyQ1IyQwMCQyNjE4MzIjODEjJDEjJDIjJDgz,일차의료 한의 방문진료 수가 시범기관
JDU4MTI3MSM1MSMkMSMkMCMkMTMkMzgxNzAyIzIxIyQyIyQ1IyQwMCQyNjE4MzIjODEjJDEjJDIjJDgz,일차의료 한의 방문진료 수가 시범기관
JDU4MTI3MSM1MSMkMSMkMCMkMTMkMzgxNzAyIzMxIyQxIyQ3IyQ5MiQyNjE4MzIjNjEjJDEjJDgjJDgz,일차의료 한의 방문진료 수가 시범기관
JDU4MTI3MSM1MSMkMSMkMCMkMTMkMzgxNzAyIzMxIyQxIyQ3IyQ5MiQyNjE4MzIjNjEjJDEjJDgjJDgz,일차의료 한의 방문진료 수가 시범기관
JDU4MTI3MSM1MSMkMSMkMCMkMTMkNDgxOTYxIzIxIyQxIyQxIyQ4OSQyNjE0ODEjNTEjJDEjJDYjJDgz,비대면진료 시범사업 휴일·야간 진료기관(의료기관)
JDU4MTI3MSM1MSMkMSMkMCMkMTMkNDgxOTYxIzIxIyQxIyQ1IyQ2MiQzNjEyMjIjNDEjJDEjJDgjJDgz,일차의료 한의 방문진료 수가 시범기관
JDU4MTI3MSM1MSMkMSMkMCMkMTMkNDgxOTYxIzIxIyQxIyQ1IyQ2MiQzNjEyMjIjNDEjJDEjJDgjJDgz,일차의료 한의 방문진료 수가 시범기관
JDQ4MTYyMiM1MSMkMSMkMCMkODkkMzgxMzUxIzExIyQxIyQzIyQ3OSQzNjE4MzIjNjEjJDEjJDAjJDgz,응급의료기관
JDQ4MTYyMiM1MSMkMSMkMCMkODkkMzgxMzUxIzExIyQxIyQzIyQ3OSQzNjE4MzIjNjEjJDEjJDAjJDgz,측두하악 관절자극요법 실시기관
JDQ4MTYyMiM1MSMkMSMkMCMkODkkMzgxMzUxIzExIyQxIyQzIyQ3MiQyNjEwMDIjNDEjJDEjJDgjJDgz,HPV 예방접종사업 참여기관
JDQ4MTYyMiM1MSMkMSMkMCMkODkkMzgxMzUxIzExIyQxIyQzIyQ3MiQyNjEwMDIjNDEjJDEjJDgjJDgz,NGS유전자패널검사 실시기관
JDQ4MTYyMiM1MSMkMSMkMCMkODkkMzgxMzUxIzExIyQxIyQzIyQ3MiQyNjEwMDIjNDEjJDEjJDgjJDgz,결핵환자 재택의료 시범기관
JDQ4MTYyMiM1MSMkMSMkMCMkODkkMzgxMzUxIzExIyQxIyQzIyQwMyQyNjEwMDIjNTEjJDEjJDYjJDgz,HPV 예방접종사업 참여기관
JDQ4MTYyMiM1MSMkMSMkMCMkODkkMzgxMzUxIzExIyQxIyQzIyQwMyQyNjEwMDIjNTEjJDEjJDYjJDgz,NGS유전자패널검사 실시기관
JDQ4MTYyMiM1MSMkMSMkMCMkODkkMzgxMzUxIzExIyQxIyQzIyQwMyQyNjEwMDIjNTEjJDEjJDYjJDgz,장애인 건강주치의 시범기관
JDQ4MTYyMiM1MSMkMSMkMCMkODkkMzgxMzUxIzExIyQxIyQzIyQwMyQyNjEwMDIjNTEjJDEjJDYjJDgz,구순구개열 등 치과교정 및 악정형 치료 실시기관
JDQ4MTYyMiM1MSMkMSMkMCMkODkkMzgxMzUxIzExIyQxIyQzIyQwMyQyNjEwMDIjNTEjJDEjJDYjJDgz,가정용 인공호흡기 환자 재택의료 시범기관
JDQ4MTYyMiM1MSMkMSMkMCMkODkkMzgxMzUxIzExIyQxIyQ3IyQ3OSQzNjE0ODEjNjEjJDEjJDgjJDgz,응급의료기관
JDQ4MTYyMiM1MSMkMSMkMCMkODkkMzgxMzUxIzExIyQyIyQ3IyQwMCQzNjEyMjIjNjEjJDEjJDAjJDgz,가정간호 실시기관
JDQ4MTYyMiM1MSMkMSMkMCMkOTkkMzgxOTYxIzExIyQxIyQzIyQxMyQzNjE4MzIjNDEjJDEjJDQjJDgz,HPV 예방접종사업 참여기관
JDQ4MTYyMiM1MSMkMSMkMCMkOTkkMzgxOTYxIzExIyQxIyQ3IyQ2MiQzNjE0ODEjNjEjJDEjJDQjJDgz,개방병원
JDQ4MTYyMiM1MSMkMSMkMCMkOTkkMzgxOTYxIzIxIyQxIyQxIyQ3MiQ0NjEwMDIjNDEjJDEjJDQjJDgz,HPV 예방접종사업 참여기관
JDQ4MTYyMiM1MSMkMiMkMCMkMDAkMzgxOTYxIzIxIyQxIyQxIyQ5MiQyNjE0ODEjNjEjJDEjJDQjJDgz,HPV 예방접종사업 참여기관
JDQ4MTYyMiM1MSMkMiMkMCMkMDAkMzgxNzAyIzMxIyQxIyQ3IyQwMyQ0NjEwMDIjNTEjJDEjJDIjJDgz,일차의료 방문진료 수가 시범기관
JDQ4MTYyMiM1MSMkMiMkMCMkMDAkMzgxNzAyIzMxIyQxIyQ3IyQwMyQ0NjEwMDIjNTEjJDEjJDIjJDgz,일차의료 방문진료 수가 시범기관
JDQ4MTYyMiM1MSMkMiMkMCMkMDAkNDgxMzUxIzExIyQxIyQ3IyQ3OSQyNjEwMDIjNTEjJDEjJDIjJDgz,일차의료 만성질환관리 실시기관
JDQ4MTYyMiM1MSMkMiMkMCMkMDAkNDgxMzUxIzIxIyQxIyQ1IyQ5OSQyNjEwMDIjNDEjJDEjJDQjJDgz,HPV 예방접종사업 참여기관
JDQ4MTYyMiM1MSMkMiMkMCMkMDAkNDgxMzUxIzIxIyQyIyQ1IyQwMCQzNjE0ODEjNDEjJDEjJDgjJDgz,HPV 예방접종사업 참여기관
JDQ4MTYyMiM1MSMkMiMkMCMkMDAkNDgxMzUxIzUxIyQyIyQxIyQwMCQyNjE4MzIjNjEjJDEjJDQjJDgz,아동 일차의료 심층상담 시범사업
JDQ4MTYyMiM1MSMkMiMkMCMkMDAkNDgxMTkxIzIxIyQxIyQxIyQ3OSQyNjE4MzIjNjEjJDEjJDgjJDgz,HPV 예방접종사업 참여기관
JDQ4MTYyMiM1MSMkMiMkMCMkMDAkNDgxMTkxIzMxIyQxIyQzIyQ4OSQzNjEyMjIjNzEjJDEjJDgjJDgz,HPV 예방접종사업 참여기관
JDQ4MTYyMiM1MSMkMiMkMCMkMDAkNDgxMTkxIzMxIyQxIyQzIyQ4OSQzNjEyMjIjNzEjJDEjJDgjJDgz,아동 일차의료 심층상담 시범사업
JDQ4MTYyMiM1MSMkMiMkMCMkMDAkNDgxMTkxIzMxIyQxIyQzIyQ4MiQyNjE0ODEjNjEjJDEjJDAjJDgz,일차의료 방문진료 수가 시범기관
JDQ4MTYyMiM1MSMkMiMkMCMkMDAkNDgxMTkxIzMxIyQxIyQzIyQ4MiQyNjE0ODEjNjEjJDEjJDAjJDgz,일차의료 방문진료 수가 시범기관
JDQ4MTYyMiM1MSMkMiMkMCMkMDAkNDgxMTkxIzQxIyQxIyQ3IyQ3OSQ0NjE0ODEjODEjJDEjJDYjJDgz,아동 일차의료 심층상담 시범사업
JDQ4MTYyMiM1MSMkMiMkMCMkMDAkNDgxNzAyIzIxIyQxIyQxIyQ3OSQyNjEwMDIjNjEjJDEjJDQjJDgz,일차의료 만성질환관리 실시기관
JDQ4MTYyMiM1MSMkMiMkMCMkMDAkNDgxNzAyIzIxIyQxIyQ1IyQwMyQ0NjEwMDIjNjEjJDEjJDQjJDgz,HPV 예방접종사업 참여기관
JDQ4MTYyMiM1MSMkMiMkMCMkMDAkNDgxNzAyIzMxIyQxIyQ3IyQ2MiQzNjE0ODEjNjEjJDEjJDAjJDgz,HPV 예방접종사업 참여기관
JDQ4MTYyMiM1MSMkMiMkMCMkMDAkNDgxNzAyIzUxIyQxIyQxIyQ3MiQyNjE4MzIjNjEjJDEjJDgjJDgz,일차의료 방문진료 수가 시범기관
JDQ4MTYyMiM1MSMkMiMkMCMkMDAkNDgxNzAyIzUxIyQxIyQxIyQ3MiQyNjE4MzIjNjEjJDEjJDgjJDgz,일차의료 방문진료 수가 시범기관
JDQ4MTYyMiM1MSMkMiMkMCMkMDAkNTgxMzUxIzExIyQxIyQzIyQ5OSQyNjEyMjIjNDEjJDEjJDgjJDgz,장애인 건강주치의 시범기관
JDQ4MTYyMiM1MSMkMiMkMCMkMDAkNTgxMzUxIzIxIyQxIyQ5IyQ3MiQ0NjEwMDIjNjEjJDEjJDQjJDgz,비대면진료 시범사업 휴일·야간 진료기관(의료기관)
JDQ4MTYyMiM1MSMkMiMkMCMkMDAkNTgxMzUxIzMxIyQxIyQ3IyQ3MiQzNjE0ODEjNzEjJDEjJDgjJDgz,일차의료 만성질환관리 실시기관
JDQ4MTYyMiM1MSMkMiMkMCMkMDAkNTgxMzUxIzMxIyQxIyQ3IyQxMyQyNjEyMjIjNDEjJDEjJDQjJDgz,HPV 예방접종사업 참여기관
JDQ4MTYyMiM1MSMkMiMkMCMkMDAkNTgxMzUxIzUxIyQxIyQ1IyQ5OSQyNjEyMjIjODEjJDEjJDIjJDgz,HPV 예방접종사업 참여기관
JDQ4MTYyMiM1MSMkMiMkMCMkMDAkNTgxOTYxIzIxIyQyIyQxIyQwMCQzNjE0ODEjNTEjJDEjJDIjJDgz,일차의료 만성질환관리 실시기관
JDQ4MTYyMiM1MSMkMiMkMCMkMDAkNTgxOTYxIzIxIyQxIyQxIyQ3MiQzNjEwMDIjNjEjJDEjJDQjJDgz,비대면진료 시범사업 휴일·야간 진료기관(의료기관)
JDQ4MTYyMiM1MSMkMiMkMCMkMDAkNTgxOTYxIzMxIyQxIyQ3IyQ5OSQzNjEyMjIjNzEjJDEjJDgjJDgz,일차의료 방문진료 수가 시범기관
JDQ4MTYyMiM1MSMkMiMkMCMkMDAkNTgxOTYxIzMxIyQxIyQ3IyQ5OSQzNjEyMjIjNzEjJDEjJDgjJDgz,일차의료 방문진료 수가 시범기관
JDQ4MTYyMiM1MSMkMSMkMCMkNjIkMzgxMzUxIzExIyQxIyQ3IyQ3OSQzNjEwMDIjODEjJDEjJDIjJDgz,측두하악 관절자극요법 실시기관
JDQ4MTYyMiM1MSMkMSMkMCMkNzIkMzgxMzUxIzExIyQxIyQ3IyQ5OSQ0NjEwMDIjNDEjJDEjJDQjJDgz,측두하악 관절자극요법 실시기관
JDQ4MTYyMiM1MSMkMSMkMCMkNzIkMzgxOTYxIzExIyQxIyQzIyQ3OSQ0NjEwMDIjNjEjJDEjJDAjJDgz,측두하악 관절자극요법 실시기관
JDQ4MTYyMiM1MSMkMSMkMCMkNzIkMzgxOTYxIzExIyQxIyQ3IyQ2MiQzNjE4MzIjNTEjJDEjJDYjJDgz,측두하악 관절자극요법 실시기관
JDQ4MTYyMiM1MSMkMSMkMCMkNzIkMzgxMTkxIzQxIyQxIyQ3IyQ2MiQzNjE0ODEjNTEjJDEjJDIjJDgz,측두하악 관절자극요법 실시기관
JDQ4MTYyMiM1MSMkMSMkMCMkNzIkMzgxNzAyIzMxIyQxIyQzIyQ3MiQ0NjE0ODEjNjEjJDEjJDQjJDgz,측두하악 관절자극요법 실시기관
JDQ4MTYyMiM1MSMkMSMkMCMkNzIkNDgxMzUxIzExIyQxIyQ3IyQ5MiQ0NjE0ODEjNDEjJDEjJDQjJDgz,측두하악 관절자극요법 실시기관
JDQ4MTYyMiM1MSMkMSMkMCMkNzIkNDgxMzUxIzMxIyQxIyQzIyQwMyQzNjEyMjIjNjEjJDEjJDgjJDgz,측두하악 관절자극요법 실시기관
JDQ4MTYyMiM1MSMkMSMkMCMkNzIkNDgxMzUxIzMxIyQxIyQ3IyQ5MiQ0NjE0ODEjNDEjJDEjJDgjJDgz,측두하악 관절자극요법 실시기관
JDQ4MTYyMiM1MSMkMSMkMCMkNzIkNDgxMzUxIzQxIyQxIyQ3IyQ3MiQyNjEyMjIjNjEjJDEjJDAjJDgz,측두하악 관절자극요법 실시기관
JDQ4MTYyMiM1MSMkMSMkMCMkNzIkNDgxMzUxIzQxIyQxIyQ3IyQxMyQzNjEyMjIjNjEjJDEjJDgjJDgz,측두하악 관절자극요법 실시기관
JDQ4MTYyMiM1MSMkMSMkMCMkNzIkNDgxOTYxIzQxIyQxIyQ3IyQ5MiQyNjE4MzIjNTEjJDEjJDIjJDgz,측두하악 관절자극요법 실시기관
JDQ4MTYyMiM1MSMkMSMkMCMkNzIkNDgxMTkxIzMxIyQxIyQ3IyQ3OSQzNjEwMDIjNzEjJDEjJDgjJDgz,장애인 치과주치의 시범기관
JDQ4MTYyMiM1MSMkMSMkMCMkNzIkNDgxMTkxIzUxIyQxIyQ1IyQ3OSQzNjE4MzIjNTEjJDEjJDIjJDgz,측두하악 관절자극요법 실시기관
JDQ4MTYyMiM1MSMkMSMkMCMkNzIkNDgxNzAyIzExIyQxIyQ3IyQ3OSQzNjE0ODEjNTEjJDEjJDIjJDgz,측두하악 관절자극요법 실시기관
JDQ4MTYyMiM1MSMkMSMkMCMkNzIkNTgxMzUxIzIxIyQxIyQxIyQ5OSQyNjEwMDIjNjEjJDEjJDAjJDgz,측두하악 관절자극요법 실시기관
JDU4MTI3MSM1MSMkMiMkMCMkMDAkMzgxNzAyIzQxIyQxIyQ3IyQ3MiQzNjEyMjIjNjEjJDEjJDQjJDgz,HPV 예방접종사업 참여기관
JDU4MTI3MSM1MSMkMiMkMCMkMDAkNDgxMzUxIzExIyQxIyQzIyQ5OSQzNjEwMDIjNjEjJDEjJDgjJDgz,HPV 예방접종사업 참여기관
JDU4MTI3MSM1MSMkMiMkMCMkMDAkNDgxMzUxIzIxIyQxIyQxIyQ3OSQzNjEyMjIjNTEjJDEjJDIjJDgz,HPV 예방접종사업 참여기관
JDU4MTI3MSM1MSMkMiMkMCMkMDAkNDgxOTYxIzMxIyQxIyQzIyQ2MiQyNjEyMjIjNTEjJDEjJDYjJDgz,HPV 예방접종사업 참여기관
JDU4MTI3MSM1MSMkMSMkMCMkMTMkMzgxNzAyIzIxIyQyIyQxIyQwMCQyNjEyMjIjNTEjJDEjJDYjJDgz,일차의료 한의 방문진료 수가 시범기관
JDU4MTI3MSM1MSMkMSMkMCMkMTMkMzgxNzAyIzIxIyQyIyQxIyQwMCQyNjEyMjIjNTEjJDEjJDYjJDgz,일차의료 한의 방문진료 수가 시범기관
JDU4MTI3MSM1MSMkMSMkMCMkMTMkMzgxNzAyIzMxIyQxIyQ3IyQ5MiQyNjE4MzIjNjEjJDEjJDgjJDgz,비대면진료 시범사업 휴일·야간 진료기관(의료기관)
JDU4MTI3MSM1MSMkMSMkMCMkMTMkNDgxMzUxIzExIyQxIyQzIyQ5MiQ0NjEwMDIjNTEjJDEjJDIjJDgz,일차의료 한의 방문진료 수가 시범기관
JDU4MTI3MSM1MSMkMSMkMCMkMTMkNDgxMzUxIzExIyQxIyQzIyQ5MiQ0NjEwMDIjNTEjJDEjJDIjJDgz,일차의료 한의 방문진료 수가 시범기관
JDU4MTI3MSM1MSMkMSMkMCMkMTMkNDgxMzUxIzIxIyQxIyQ5IyQ4MiQyNjE4MzIjNDEjJDEjJDgjJDgz,일차의료 한의 방문진료 수가 시범기관
JDU4MTI3MSM1MSMkMSMkMCMkMTMkNDgxMzUxIzIxIyQxIyQ5IyQ4MiQyNjE4MzIjNDEjJDEjJDgjJDgz,일차의료 한의 방문진료 수가 시범기관
JDU4MTI3MSM1MSMkMSMkMCMkMTMkNDgxOTYxIzIxIyQxIyQxIyQ3MiQzNjEyMjIjNDEjJDEjJDgjJDgz,일차의료 한의 방문진료 수가 시범기관
JDU4MTI3MSM1MSMkMSMkMCMkMTMkNDgxOTYxIzIxIyQxIyQxIyQ3MiQzNjEyMjIjNDEjJDEjJDgjJDgz,일차의료 한의 방문진료 수가 시범기관
JDU4MTI3MSM1MSMkMSMkMCMkMTMkNDgxOTYxIzIxIyQxIyQ1IyQ3MiQ0NjEwMDIjNTEjJDEjJDIjJDgz,일차의료 한의 방문진료 수가 시범기관
JDU4MTI3MSM1MSMkMSMkMCMkMTMkNDgxOTYxIzIxIyQxIyQ1IyQ3MiQ0NjEwMDIjNTEjJDEjJDIjJDgz,일차의료 한의 방문진료 수가 시범기관
JDU4MTI3MSM1MSMkMiMkMCMkMDAkMzgxMzUxIzIxIyQxIyQ5IyQ3MiQzNjE0ODEjNTEjJDEjJDYjJDgz,일차의료 방문진료 수가 시범기관
JDU4MTI3MSM1MSMkMiMkMCMkMDAkMzgxMzUxIzIxIyQxIyQ5IyQ3MiQzNjE0ODEjNTEjJDEjJDYjJDgz,일차의료 방문진료 수가 시범기관
JDU4MTI3MSM1MSMkMiMkMCMkMDAkMzgxMzUxIzMxIyQxIyQ3IyQ3OSQyNjEyMjIjNTEjJDEjJDYjJDgz,HPV 예방접종사업 참여기관
JDU4MTI3MSM1MSMkMiMkMCMkMDAkMzgxOTYxIzIxIyQxIyQxIyQ3MiQzNjE4MzIjNDEjJDEjJDgjJDgz,비대면진료 시범사업 휴일·야간 진료기관(의료기관)
JDU4MTI3MSM1MSMkMiMkMCMkMDAkMzgxOTYxIzMxIyQxIyQ3IyQxMyQ0NjEwMDIjNDEjJDEjJDgjJDgz,HPV 예방접종사업 참여기관
JDU4MTI3MSM1MSMkMiMkMCMkMDAkMzgxOTYxIzQxIyQxIyQ3IyQ5OSQyNjE4MzIjODEjJDEjJDIjJDgz,HPV 예방접종사업 참여기관
JDU4MTI3MSM1MSMkMiMkMCMkMDAkMzgxMTkxIzQxIyQxIyQ3IyQ4MiQyNjEyMjIjNjEjJDEjJDAjJDgz,일차의료 만성질환관리 실시기관
JDU4MTI3MSM1MSMkMiMkMCMkMDAkMzgxMTkxIzUxIyQxIyQ1IyQxMyQyNjE4MzIjNzEjJDEjJDgjJDgz,HPV 예방접종사업 참여기관
JDU4MTI3MSM1MSMkMiMkMCMkMDAkMzgxNzAyIzQxIyQxIyQ3IyQwMyQyNjE0ODEjODEjJDEjJDIjJDgz,HPV 예방접종사업 참여기관
JDU4MTI3MSM1MSMkMiMkMCMkMDAkNDgxMzUxIzIxIyQxIyQxIyQ3MiQyNjE4MzIjNjEjJDEjJDAjJDgz,비대면진료 시범사업 휴일·야간 진료기관(의료기관)
JDU4MTI3MSM1MSMkMiMkMCMkMDAkNDgxOTYxIzIxIyQxIyQxIyQ5MiQyNjEyMjIjNjEjJDEjJDgjJDgz,비대면진료 시범사업 휴일·야간 진료기관(의료기관)
JDU4MTI3MSM1MSMkMiMkMCMkMDAkNDgxOTYxIzIxIyQxIyQxIyQ5MiQyNjEyMjIjNjEjJDEjJDgjJDgz,일차의료 만성질환관리 실시기관
JDU4MTI3MSM1MSMkMiMkMCMkMDAkNDgxOTYxIzQxIyQyIyQ3IyQwMCQzNjEwMDIjNTEjJDEjJDYjJDgz,일차의료 만성질환관리 실시기관
JDU4MTI3MSM1MSMkMiMkMCMkMDAkNDgxOTYxIzQxIyQxIyQ3IyQ3MiQyNjE4MzIjNDEjJDEjJDgjJDgz,수면다원검사 실시기관
JDU4MTI3MSM1MSMkMiMkMCMkMDAkNDgxMTkxIzExIyQxIyQ3IyQ3OSQzNjEwMDIjODEjJDEjJDYjJDgz,일차의료 만성질환관리 실시기관
JDU4MTI3MSM1MSMkMiMkMCMkMDAkNDgxMTkxIzMxIyQxIyQ3IyQ5MiQzNjE0ODEjNTEjJDEjJDYjJDgz,HPV 예방접종사업 참여기관
JDU4MTI3MSM1MSMkMiMkMCMkMDAkNDgxNzAyIzIxIyQxIyQ5IyQ5OSQyNjE4MzIjNDEjJDEjJDgjJDgz,HPV 예방접종사업 참여기관
JDU4MTI3MSM1MSMkMiMkMCMkMDAkNDgxNzAyIzMxIyQxIyQ3IyQ3MiQzNjE4MzIjODEjJDEjJDYjJDgz,아동 일차의료 심층상담 시범사업
JDU4MTI3MSM1MSMkMiMkMCMkMDAkNDgxNzAyIzMxIyQxIyQ3IyQ4MiQyNjE4MzIjNTEjJDEjJDYjJDgz,HPV 예방접종사업 참여기관
JDU4MTI3MSM1MSMkMiMkMCMkMDAkNTgxMzUxIzIxIyQxIyQ5IyQ4OSQzNjE4MzIjNTEjJDEjJDIjJDgz,HPV 예방접종사업 참여기관
JDU4MTI3MSM1MSMkMiMkMCMkMDAkNTgxMzUxIzIxIyQxIyQ5IyQ4MiQzNjEyMjIjNDEjJDEjJDgjJDgz,HPV 예방접종사업 참여기관
JDU4MTI3MSM1MSMkMiMkMCMkMDAkNTgxMzUxIzIxIyQxIyQ5IyQ4MiQ0NjEwMDIjNjEjJDEjJDQjJDgz,비대면진료 시범사업 휴일·야간 진료기관(의료기관)
JDU4MTI3MSM1MSMkMiMkMCMkMDAkNTgxMzUxIzUxIyQxIyQxIyQxMyQzNjE4MzIjNjEjJDEjJDgjJDgz,HPV 예방접종사업 참여기관
JDU4MTI3MSM1MSMkMiMkMCMkMDAkNTgxOTYxIzIxIyQyIyQxIyQwMCQzNjEwMDIjNTEjJDEjJDYjJDgz,HPV 예방접종사업 참여기관
JDU4MTI3MSM1MSMkMiMkMCMkMDAkNTgxOTYxIzIxIyQxIyQ5IyQ4MiQyNjEyMjIjNTEjJDEjJDYjJDgz,비대면진료 시범사업 휴일·야간 진료기관(의료기관)
JDU4MTI3MSM1MSMkMiMkMCMkMDAkNTgxOTYxIzMxIyQxIyQ3IyQ3MiQ0NjE0ODEjODEjJDEjJDIjJDgz,HPV 예방접종사업 참여기관
JDQ4MTYyMiM1MSMkMSMkMCMkODkkMzgxMzUxIzExIyQxIyQzIyQwMyQyNjEwMDIjNTEjJDEjJDYjJDgz,가정간호 실시기관
JDQ4MTYyMiM1MSMkMSMkMCMkODkkMzgxMzUxIzExIyQxIyQzIyQwMyQyNjEwMDIjNTEjJDEjJDYjJDgz,상급종합병원 심층진찰 시범기관
JDQ4MTYyMiM1MSMkMSMkMCMkODkkMzgxMzUxIzExIyQxIyQzIyQwMyQyNjEwMDIjNTEjJDEjJDYjJDgz,자문형 호스피스 전문기관
JDQ4MTYyMiM1MSMkMSMkMCMkODkkMzgxMzUxIzExIyQyIyQ3IyQwMCQzNjEyMjIjNjEjJDEjJDAjJDgz,입원형 호스피스 전문기관
JDQ4MTYyMiM1MSMkMSMkMCMkODkkMzgxMzUxIzExIyQxIyQzIyQ3MiQyNjEwMDIjNDEjJDEjJDgjJDgz,구순구개열 등 치과교정 및 악정형 치료 실시기관
JDQ4MTYyMiM1MSMkMSMkMCMkODkkMzgxMzUxIzExIyQxIyQzIyQ3MiQyNjEwMDIjNDEjJDEjJDgjJDgz,조혈모세포이식 실시기관
JDQ4MTYyMiM1MSMkMSMkMCMkODkkMzgxMzUxIzExIyQxIyQzIyQ3MiQzNjE4MzIjNDEjJDEjJDgjJDgz,수면다원검사 실시기관
JDQ4MTYyMiM1MSMkMiMkMCMkMDAkMzgxMTkxIzUxIyQxIyQxIyQ5OSQzNjE4MzIjNDEjJDEjJDQjJDgz,HPV 예방접종사업 참여기관
JDQ4MTYyMiM1MSMkMiMkMCMkMDAkMzgxNzAyIzExIyQxIyQ3IyQwMyQ0NjE0ODEjNTEjJDEjJDIjJDgz,장애인 건강주치의 시범기관
JDQ4MTYyMiM1MSMkMiMkMCMkMDAkMzgxNzAyIzUxIyQxIyQxIyQwMyQyNjEwMDIjNDEjJDEjJDQjJDgz,비대면진료 시범사업 휴일·야간 진료기관(의료기관)
JDQ4MTYyMiM1MSMkMiMkMCMkMDAkMzgxNzAyIzUxIyQxIyQ1IyQ3MiQyNjEwMDIjNjEjJDEjJDAjJDgz,일차의료 만성질환관리 실시기관
JDQ4MTYyMiM1MSMkMiMkMCMkMDAkNDgxMzUxIzExIyQxIyQzIyQwMyQ0NjEwMDIjNDEjJDEjJDQjJDgz,일차의료 방문진료 수가 시범기관
JDQ4MTYyMiM1MSMkMiMkMCMkMDAkNDgxMzUxIzExIyQxIyQzIyQwMyQ0NjEwMDIjNDEjJDEjJDQjJDgz,일차의료 방문진료 수가 시범기관
JDQ4MTYyMiM1MSMkMiMkMCMkMDAkNDgxMzUxIzExIyQxIyQzIyQwMyQ0NjEwMDIjNDEjJDEjJDQjJDgz,비대면진료 시범사업 휴일·야간 진료기관(의료기관)
JDQ4MTYyMiM1MSMkMiMkMCMkMDAkNDgxMzUxIzExIyQxIyQ3IyQ3MiQzNjEwMDIjNDEjJDEjJDgjJDgz,일차의료 방문진료 수가 시범기관
JDQ4MTYyMiM1MSMkMiMkMCMkMDAkNDgxMzUxIzExIyQxIyQ3IyQ3MiQzNjEwMDIjNDEjJDEjJDgjJDgz,일차의료 방문진료 수가 시범기관
JDQ4MTYyMiM1MSMkMiMkMCMkMDAkNDgxMzUxIzUxIyQyIyQ1IyQwMCQzNjE4MzIjNjEjJDEjJDAjJDgz,HPV 예방접종사업 참여기관
JDQ4MTYyMiM1MSMkMiMkMCMkMDAkNDgxMzUxIzUxIyQxIyQ1IyQxMyQyNjEwMDIjODEjJDEjJDYjJDgz,일차의료 만성질환관리 실시기관
JDQ4MTYyMiM1MSMkMiMkMCMkMDAkNDgxMzUxIzUxIyQxIyQ1IyQxMyQzNjE4MzIjODEjJDEjJDIjJDgz,비대면진료 시범사업 휴일·야간 진료기관(의료기관)
JDQ4MTYyMiM1MSMkMiMkMCMkMDAkNDgxMzUxIzUxIyQxIyQ1IyQxMyQzNjE4MzIjODEjJDEjJDIjJDgz,일차의료 만성질환관리 실시기관
JDQ4MTYyMiM1MSMkMiMkMCMkMDAkNDgxOTYxIzIxIyQxIyQ5IyQ4MiQ0NjE0ODEjODEjJDEjJDIjJDgz,일차의료 만성질환관리 실시기관
JDQ4MTYyMiM1MSMkMiMkMCMkMDAkNDgxOTYxIzMxIyQxIyQ3IyQ4OSQ0NjEwMDIjNTEjJDEjJDIjJDgz,HPV 예방접종사업 참여기관
JDQ4MTYyMiM1MSMkMiMkMCMkMDAkNDgxOTYxIzMxIyQxIyQ3IyQ4MiQzNjEwMDIjNjEjJDEjJDgjJDgz,HPV 예방접종사업 참여기관
JDQ4MTYyMiM1MSMkMiMkMCMkMDAkNDgxMTkxIzIxIyQxIyQ1IyQ2MiQyNjEwMDIjNjEjJDEjJDQjJDgz,비대면진료 시범사업 휴일·야간 진료기관(의료기관)
JDQ4MTYyMiM1MSMkMiMkMCMkMDAkNDgxMTkxIzMxIyQxIyQzIyQ3OSQzNjEyMjIjNDEjJDEjJDQjJDgz,HPV 예방접종사업 참여기관
JDQ4MTYyMiM1MSMkMiMkMCMkMDAkNDgxMTkxIzQxIyQxIyQ3IyQ3OSQ0NjE0ODEjODEjJDEjJDYjJDgz,HPV 예방접종사업 참여기관
JDQ4MTYyMiM1MSMkMiMkMCMkMDAkNTgxOTYxIzIxIyQxIyQxIyQ3MiQyNjEyMjIjNDEjJDEjJDgjJDgz,HPV 예방접종사업 참여기관
JDQ4MTYyMiM1MSMkMiMkMCMkMDAkNTgxOTYxIzQxIyQyIyQ3IyQwMCQ0NjE0ODEjNzEjJDEjJDgjJDgz,HPV 예방접종사업 참여기관
JDQ4MTYyMiM1MSMkMSMkMCMkNzIkMzgxOTYxIzMxIyQxIyQzIyQ3MiQzNjE0ODEjNDEjJDEjJDgjJDgz,측두하악 관절자극요법 실시기관
JDQ4MTYyMiM1MSMkMSMkMCMkNzIkMzgxMTkxIzIxIyQxIyQxIyQ5OSQzNjEyMjIjNTEjJDEjJDIjJDgz,측두하악 관절자극요법 실시기관
JDQ4MTYyMiM1MSMkMSMkMCMkNzIkMzgxNzAyIzIxIyQxIyQ5IyQ4MiQ0NjE0ODEjNjEjJDEjJDgjJDgz,측두하악 관절자극요법 실시기관
JDQ4MTYyMiM1MSMkMSMkMCMkNzIkNDgxMzUxIzIxIyQxIyQxIyQwMyQzNjE4MzIjNjEjJDEjJDQjJDgz,측두하악 관절자극요법 실시기관
JDQ4MTYyMiM1MSMkMSMkMCMkNzIkNDgxMzUxIzIxIyQxIyQ1IyQxMyQyNjE0ODEjNDEjJDEjJDgjJDgz,측두하악 관절자극요법 실시기관
JDQ4MTYyMiM1MSMkMSMkMCMkNzIkNDgxMzUxIzMxIyQxIyQzIyQ4MiQzNjE4MzIjNDEjJDEjJDQjJDgz,측두하악 관절자극요법 실시기관
JDU4MTI3MSM1MSMkMiMkMCMkMDAkMzgxMzUxIzIxIyQyIyQ5IyQwMCQzNjE4MzIjNTEjJDEjJDYjJDgz,HPV 예방접종사업 참여기관
JDU4MTI3MSM1MSMkMiMkMCMkMDAkMzgxOTYxIzIxIyQxIyQxIyQ5OSQyNjE0ODEjNDEjJDEjJDgjJDgz,HPV 예방접종사업 참여기관
JDU4MTI3MSM1MSMkMiMkMCMkMDAkMzgxOTYxIzMxIyQxIyQ3IyQ5OSQzNjE0ODEjNDEjJDEjJDQjJDgz,비대면진료 시범사업 휴일·야간 진료기관(의료기관)
JDU4MTI3MSM1MSMkMiMkMCMkMDAkMzgxOTYxIzMxIyQxIyQ3IyQxMyQ0NjEwMDIjNDEjJDEjJDgjJDgz,일차의료 만성질환관리 실시기관
JDU4MTI3MSM1MSMkMiMkMCMkMDAkMzgxOTYxIzUxIyQxIyQxIyQwMyQzNjEwMDIjNjEjJDEjJDAjJDgz,보훈위탁진료 요양기관
JDU4MTI3MSM1MSMkMiMkMCMkMDAkMzgxOTYxIzUxIyQxIyQxIyQwMyQzNjEwMDIjNjEjJDEjJDAjJDgz,수면다원검사 실시기관
JDU4MTI3MSM1MSMkMiMkMCMkMDAkMzgxNzAyIzQxIyQxIyQ3IyQ5MiQ0NjEwMDIjNjEjJDEjJDAjJDgz,HPV 예방접종사업 참여기관
JDU4MTI3MSM1MSMkMiMkMCMkMDAkMzgxNzAyIzQxIyQxIyQ3IyQwMyQ0NjE0ODEjNTEjJDEjJDYjJDgz,비대면진료 시범사업 휴일·야간 진료기관(의료기관)
JDU4MTI3MSM1MSMkMiMkMCMkMDAkNDgxMzUxIzIxIyQxIyQxIyQ3MiQyNjE4MzIjNjEjJDEjJDAjJDgz,아동 일차의료 심층상담 시범사업
JDU4MTI3MSM1MSMkMiMkMCMkMDAkNDgxMzUxIzMxIyQxIyQ3IyQ3MiQyNjEwMDIjNTEjJDEjJDYjJDgz,비대면진료 시범사업 휴일·야간 진료기관(의료기관)
JDU4MTI3MSM1MSMkMiMkMCMkMDAkNDgxMzUxIzUxIyQxIyQxIyQ4MiQyNjE4MzIjNDEjJDEjJDQjJDgz,수면다원검사 실시기관
JDU4MTI3MSM1MSMkMiMkMCMkMDAkNDgxOTYxIzIxIyQxIyQ5IyQ4MiQ0NjEwMDIjODEjJDEjJDYjJDgz,아동 일차의료 심층상담 시범사업
JDU4MTI3MSM1MSMkMiMkMCMkMDAkNDgxOTYxIzMxIyQxIyQ3IyQ4MiQyNjEwMDIjNjEjJDEjJDgjJDgz,아동 일차의료 심층상담 시범사업
JDU4MTI3MSM1MSMkMiMkMCMkMDAkNDgxOTYxIzMxIyQxIyQ3IyQ5MiQzNjEwMDIjNjEjJDEjJDgjJDgz,HPV 예방접종사업 참여기관
JDU4MTI3MSM1MSMkMiMkMCMkMDAkNDgxOTYxIzQxIyQyIyQ3IyQwMCQzNjEyMjIjNDEjJDEjJDgjJDgz,아동 일차의료 심층상담 시범사업
JDU4MTI3MSM1MSMkMiMkMCMkMDAkNDgxOTYxIzQxIyQxIyQ3IyQxMyQyNjEwMDIjNjEjJDEjJDAjJDgz,HPV 예방접종사업 참여기관
JDQ4MTYyMiM1MSMkMSMkMCMkNzIkNDgxNzAyIzIxIyQxIyQ5IyQ5MiQyNjEwMDIjODEjJDEjJDIjJDgz,측두하악 관절자극요법 실시기관
JDQ4MTYyMiM1MSMkMSMkMCMkNzIkNTgxMzUxIzExIyQxIyQzIyQxMyQyNjE0ODEjNjEjJDEjJDAjJDgz,측두하악 관절자극요법 실시기관
JDQ4MTYyMiM1MSMkMSMkMCMkNzIkNTgxMzUxIzIxIyQxIyQ1IyQ5MiQyNjE4MzIjNTEjJDEjJDYjJDgz,측두하악 관절자극요법 실시기관
JDQ4MTYyMiM1MSMkMSMkMCMkNzIkNTgxMzUxIzIxIyQxIyQ5IyQ3OSQ0NjEwMDIjODEjJDEjJDIjJDgz,측두하악 관절자극요법 실시기관
JDQ4MTYyMiM1MSMkMSMkMCMkNzIkNTgxMzUxIzMxIyQxIyQzIyQ5OSQyNjE0ODEjNjEjJDEjJDQjJDgz,측두하악 관절자극요법 실시기관
JDQ4MTYyMiM1MSMkMSMkMCMkNzIkNTgxMzUxIzUxIyQxIyQ1IyQxMyQyNjEwMDIjNDEjJDEjJDQjJDgz,측두하악 관절자극요법 실시기관
JDQ4MTYyMiM1MSMkMSMkMCMkNzIkNTgxOTYxIzIxIyQxIyQxIyQ2MiQyNjEwMDIjNjEjJDEjJDAjJDgz,측두하악 관절자극요법 실시기관
JDQ4MTYyMiM1MSMkMSMkMCMkOTIkMzgxMzUxIzExIyQyIyQzIyQwMCQ0NjE0ODEjNDEjJDEjJDgjJDgz,노숙인 진료기관
JDQ4MTYyMiM1MSMkMSMkMCMkOTIkMzgxMzUxIzExIyQxIyQzIyQ2MiQ0NjE0ODEjODEjJDEjJDYjJDgz,노숙인 진료기관
JDQ4MTYyMiM1MSMkMSMkMCMkMTMkMzgxMTkxIzExIyQxIyQ3IyQ3MiQyNjE4MzIjNDEjJDEjJDgjJDgz,의ㆍ한협진 4단계 시범기관
JDQ4MTYyMiM1MSMkMSMkMCMkMTMkMzgxNzAyIzIxIyQxIyQ5IyQ5MiQzNjEyMjIjNjEjJDEjJDQjJDgz,일차의료 한의 방문진료 수가 시범기관
JDQ4MTYyMiM1MSMkMSMkMCMkMTMkMzgxNzAyIzIxIyQxIyQ5IyQ5MiQzNjEyMjIjNjEjJDEjJDQjJDgz,일차의료 한의 방문진료 수가 시범기관
JDQ4MTYyMiM1MSMkMSMkMCMkMTMkNDgxMTkxIzIxIyQxIyQxIyQwMyQzNjE4MzIjNjEjJDEjJDAjJDgz,일차의료 한의 방문진료 수가 시범기관
JDQ4MTYyMiM1MSMkMSMkMCMkMTMkNDgxMTkxIzIxIyQxIyQxIyQwMyQzNjE4MzIjNjEjJDEjJDAjJDgz,일차의료 한의 방문진료 수가 시범기관
JDQ4MTYyMiM1MSMkMSMkMCMkMTMkNDgxNzAyIzExIyQyIyQzIyQwMCQzNjE4MzIjNDEjJDEjJDgjJDgz,일차의료 한의 방문진료 수가 시범기관
JDQ4MTYyMiM1MSMkMSMkMCMkMTMkNDgxNzAyIzExIyQyIyQzIyQwMCQzNjE4MzIjNDEjJDEjJDgjJDgz,일차의료 한의 방문진료 수가 시범기관
JDQ4MTYyMiM1MSMkMSMkMCMkNzIkNDgxOTYxIzUxIyQxIyQxIyQ5OSQzNjEwMDIjODEjJDEjJDYjJDgz,측두하악 관절자극요법 실시기관
JDQ4MTYyMiM1MSMkMSMkMCMkNzIkNDgxMTkxIzIxIyQxIyQxIyQ5OSQyNjE0ODEjNjEjJDEjJDQjJDgz,측두하악 관절자극요법 실시기관
JDQ4MTYyMiM1MSMkMSMkMCMkNzIkNDgxMTkxIzIxIyQxIyQ5IyQwMyQyNjE0ODEjNDEjJDEjJDgjJDgz,측두하악 관절자극요법 실시기관
JDU4MTI3MSM1MSMkMiMkMCMkMDAkNDgxNzAyIzIxIyQxIyQ5IyQ5OSQyNjE4MzIjNDEjJDEjJDgjJDgz,일차의료 만성질환관리 실시기관
JDU4MTI3MSM1MSMkMiMkMCMkMDAkNDgxNzAyIzUxIyQxIyQ1IyQxMyQzNjEyMjIjODEjJDEjJDYjJDgz,HPV 예방접종사업 참여기관
JDU4MTI3MSM1MSMkMiMkMCMkMDAkNTgxMzUxIzExIyQxIyQzIyQ5MiQzNjEyMjIjNTEjJDEjJDIjJDgz,아동 일차의료 심층상담 시범사업
JDU4MTI3MSM1MSMkMiMkMCMkMDAkNTgxMzUxIzIxIyQxIyQ5IyQ3MiQ0NjE0ODEjNDEjJDEjJDQjJDgz,HPV 예방접종사업 참여기관
JDU4MTI3MSM1MSMkMiMkMCMkMDAkNTgxMzUxIzUxIyQxIyQxIyQ5OSQzNjE0ODEjNDEjJDEjJDgjJDgz,HPV 예방접종사업 참여기관
JDU4MTI3MSM1MSMkMiMkMCMkMDAkNTgxMzUxIzUxIyQxIyQ1IyQ3OSQzNjE0ODEjNTEjJDEjJDIjJDgz,HPV 예방접종사업 참여기관
JDU4MTI3MSM1MSMkMiMkMCMkMDAkNTgxOTYxIzExIyQxIyQ3IyQ4OSQyNjE0ODEjNDEjJDEjJDgjJDgz,보훈위탁진료 요양기관
JDU4MTI3MSM1MSMkMiMkMCMkMDAkNTgxOTYxIzIxIyQyIyQxIyQwMCQ0NjEwMDIjNjEjJDEjJDgjJDgz,HPV 예방접종사업 참여기관
JDU4MTI3MSM1MSMkMiMkMCMkMDAkNTgxOTYxIzIxIyQxIyQ5IyQ4OSQ0NjEwMDIjNjEjJDEjJDAjJDgz,HPV 예방접종사업 참여기관
JDU4MTI3MSM1MSMkMSMkMCMkNzIkMzgxMzUxIzExIyQxIyQzIyQ4MiQ0NjEwMDIjNjEjJDEjJDQjJDgz,측두하악 관절자극요법 실시기관
JDU4MTI3MSM1MSMkMSMkMCMkMTMkNDgxMzUxIzExIyQxIyQ3IyQ5MiQyNjEyMjIjNDEjJDEjJDgjJDgz,일차의료 한의 방문진료 수가 시범기관
JDU4MTI3MSM1MSMkMSMkMCMkMTMkNDgxMzUxIzExIyQxIyQ3IyQ5MiQyNjEyMjIjNDEjJDEjJDgjJDgz,일차의료 한의 방문진료 수가 시범기관
JDU4MTI3MSM1MSMkMSMkMCMkMTMkNDgxMzUxIzMxIyQxIyQzIyQ4OSQzNjE4MzIjNjEjJDEjJDAjJDgz,일차의료 한의 방문진료 수가 시범기관
JDU4MTI3MSM1MSMkMSMkMCMkMTMkNDgxMzUxIzMxIyQxIyQzIyQ4OSQzNjE4MzIjNjEjJDEjJDAjJDgz,일차의료 한의 방문진료 수가 시범기관
JDU4MTI3MSM1MSMkMSMkMCMkMTMkNDgxMzUxIzQxIyQxIyQ3IyQ4MiQyNjEyMjIjNTEjJDEjJDIjJDgz,일차의료 한의 방문진료 수가 시범기관
JDU4MTI3MSM1MSMkMSMkMCMkMTMkNDgxMzUxIzQxIyQxIyQ3IyQ4MiQyNjEyMjIjNTEjJDEjJDIjJDgz,일차의료 한의 방문진료 수가 시범기관
JDU4MTI3MSM1MSMkMSMkMCMkMTMkNDgxOTYxIzIxIyQxIyQ1IyQ3MiQzNjE0ODEjNDEjJDEjJDgjJDgz,일차의료 한의 방문진료 수가 시범기관
JDU4MTI3MSM1MSMkMSMkMCMkMTMkNDgxOTYxIzIxIyQxIyQ1IyQ3MiQzNjE0ODEjNDEjJDEjJDgjJDgz,일차의료 한의 방문진료 수가 시범기관
JDU4MTI3MSM1MSMkMSMkMCMkMTMkNDgxOTYxIzIxIyQxIyQ5IyQ4OSQyNjEyMjIjNTEjJDEjJDIjJDgz,일차의료 한의 방문진료 수가 시범기관
JDU4MTI3MSM1MSMkMSMkMCMkMTMkNDgxOTYxIzIxIyQxIyQ5IyQ4OSQyNjEyMjIjNTEjJDEjJDIjJDgz,일차의료 한의 방문진료 수가 시범기관
JDU4MTI3MSM1MSMkMiMkMCMkMDAkNDgxMTkxIzExIyQxIyQ3IyQ3MiQ0NjEwMDIjODEjJDEjJDIjJDgz,일차의료 만성질환관리 실시기관
JDU4MTI3MSM1MSMkMiMkMCMkMDAkNDgxMTkxIzMxIyQxIyQzIyQ3OSQyNjE0ODEjNTEjJDEjJDYjJDgz,소아 야간·휴일 진료기관
JDU4MTI3MSM1MSMkMiMkMCMkMDAkNDgxNzAyIzMxIyQxIyQ3IyQxMyQzNjEwMDIjNDEjJDEjJDgjJDgz,HPV 예방접종사업 참여기관
JDU4MTI3MSM1MSMkMiMkMCMkMDAkNDgxNzAyIzUxIyQxIyQ1IyQ4OSQzNjE0ODEjNjEjJDEjJDAjJDgz,일차의료 만성질환관리 실시기관
JDU4MTI3MSM1MSMkMiMkMCMkMDAkMzgxOTYxIzExIyQxIyQzIyQxMyQzNjE0ODEjNTEjJDEjJDIjJDgz,HPV 예방접종사업 참여기관
JDU4MTI3MSM1MSMkMiMkMCMkMDAkMzgxOTYxIzIxIyQxIyQxIyQ5OSQyNjE0ODEjNDEjJDEjJDgjJDgz,일차의료 만성질환관리 실시기관
JDU4MTI3MSM1MSMkMiMkMCMkMDAkMzgxMTkxIzIxIyQxIyQ5IyQ2MiQyNjE4MzIjODEjJDEjJDYjJDgz,HPV 예방접종사업 참여기관
JDU4MTI3MSM1MSMkMiMkMCMkMDAkMzgxMTkxIzMxIyQxIyQzIyQwMyQzNjE4MzIjNzEjJDEjJDgjJDgz,일차의료 방문진료 수가 시범기관
JDU4MTI3MSM1MSMkMiMkMCMkMDAkMzgxMTkxIzMxIyQxIyQzIyQwMyQzNjE4MzIjNzEjJDEjJDgjJDgz,일차의료 방문진료 수가 시범기관
JDU4MTI3MSM1MSMkMiMkMCMkMDAkMzgxMTkxIzUxIyQxIyQ1IyQ5MiQzNjEyMjIjNzEjJDEjJDgjJDgz,일차의료 만성질환관리 실시기관
JDU4MTI3MSM1MSMkMiMkMCMkMDAkMzgxNzAyIzIxIyQxIyQ5IyQwMyQ0NjEwMDIjNTEjJDEjJDIjJDgz,일차의료 만성질환관리 실시기관
JDU4MTI3MSM1MSMkMiMkMCMkMDAkMzgxNzAyIzQxIyQxIyQ3IyQ4MiQ0NjEwMDIjNzEjJDEjJDgjJDgz,HPV 예방접종사업 참여기관
JDU4MTI3MSM1MSMkMiMkMCMkMDAkNDgxMzUxIzExIyQxIyQzIyQ5OSQzNjEwMDIjNjEjJDEjJDgjJDgz,아동 일차의료 심층상담 시범사업
JDU4MTI3MSM1MSMkMiMkMCMkMDAkNDgxMzUxIzIxIyQxIyQxIyQ3MiQyNjE4MzIjNjEjJDEjJDAjJDgz,HPV 예방접종사업 참여기관
JDU4MTI3MSM1MSMkMiMkMCMkMDAkNDgxMzUxIzMxIyQxIyQ3IyQ5OSQzNjEwMDIjNjEjJDEjJDAjJDgz,아동 일차의료 심층상담 시범사업
JDU4MTI3MSM1MSMkMiMkMCMkMDAkNDgxOTYxIzIxIyQxIyQ1IyQwMyQzNjEwMDIjNjEjJDEjJDAjJDgz,HPV 예방접종사업 참여기관
JDU4MTI3MSM1MSMkMiMkMCMkMDAkNDgxOTYxIzMxIyQyIyQ3IyQwMCQzNjEyMjIjNjEjJDEjJDQjJDgz,수면다원검사 실시기관
JDU4MTI3MSM1MSMkMiMkMCMkMDAkNDgxOTYxIzMxIyQxIyQ3IyQ2MiQzNjE0ODEjNjEjJDEjJDgjJDgz,HPV 예방접종사업 참여기관
JDU4MTI3MSM1MSMkMiMkMCMkMDAkNDgxOTYxIzMxIyQxIyQ3IyQ5MiQzNjE4MzIjNTEjJDEjJDIjJDgz,비대면진료 시범사업 휴일·야간 진료기관(의료기관)
JDU4MTI3MSM1MSMkMiMkMCMkMDAkNDgxOTYxIzQxIyQxIyQ3IyQ4OSQyNjEwMDIjNjEjJDEjJDgjJDgz,비대면진료 시범사업 휴일·야간 진료기관(의료기관)
JDU4MTI3MSM1MSMkMiMkMCMkMDAkNDgxOTYxIzQxIyQyIyQ3IyQwMCQzNjEwMDIjNTEjJDEjJDYjJDgz,HPV 예방접종사업 참여기관
JDU4MTI3MSM1MSMkMiMkMCMkMDAkNDgxOTYxIzUxIyQxIyQxIyQ3OSQzNjEyMjIjNjEjJDEjJDgjJDgz,HPV 예방접종사업 참여기관
JDU4MTI3MSM1MSMkMiMkMCMkMDAkNDgxOTYxIzUxIyQxIyQxIyQ4MiQyNjEyMjIjNzEjJDEjJDgjJDgz,HPV 예방접종사업 참여기관
JDU4MTI3MSM1MSMkMiMkMCMkMDAkNDgxOTYxIzUxIyQxIyQ1IyQ3OSQyNjE4MzIjODEjJDEjJDIjJDgz,HPV 예방접종사업 참여기관
JDU4MTI3MSM1MSMkMiMkMCMkMDAkNDgxMTkxIzIxIyQxIyQ1IyQ3OSQyNjEwMDIjODEjJDEjJDYjJDgz,일차의료 방문진료 수가 시범기관
JDU4MTI3MSM1MSMkMiMkMCMkMDAkNDgxMTkxIzIxIyQxIyQ1IyQ3OSQyNjEwMDIjODEjJDEjJDYjJDgz,일차의료 방문진료 수가 시범기관
JDU4MTI3MSM1MSMkMiMkMCMkMDAkNDgxNzAyIzUxIyQxIyQxIyQ3MiQyNjEwMDIjNTEjJDEjJDIjJDgz,HPV 예방접종사업 참여기관
JDU4MTI3MSM1MSMkMiMkMCMkMDAkNDgxNzAyIzUxIyQxIyQ1IyQ4OSQzNjE0ODEjNjEjJDEjJDAjJDgz,비대면진료 시범사업 휴일·야간 진료기관(의료기관)
JDU4MTI3MSM1MSMkMiMkMCMkMDAkNTgxMzUxIzQxIyQxIyQ3IyQ5OSQ0NjEwMDIjNjEjJDEjJDQjJDgz,일차의료 만성질환관리 실시기관
JDU4MTI3MSM1MSMkMiMkMCMkMDAkNTgxMzUxIzUxIyQxIyQ1IyQ4OSQzNjE4MzIjNjEjJDEjJDAjJDgz,HPV 예방접종사업 참여기관
JDU4MTI3MSM1MSMkMiMkMCMkMDAkNTgxMzUxIzUxIyQxIyQ1IyQ4MiQyNjE0ODEjNTEjJDEjJDYjJDgz,HPV 예방접종사업 참여기관
JDU4MTI3MSM1MSMkMiMkMCMkMDAkNTgxMzUxIzUxIyQxIyQ1IyQxMyQzNjE4MzIjNTEjJDEjJDIjJDgz,HPV 예방접종사업 참여기관
JDU4MTI3MSM1MSMkMiMkMCMkMDAkNTgxOTYxIzExIyQxIyQ3IyQ5OSQ0NjEwMDIjNTEjJDEjJDIjJDgz,HPV 예방접종사업 참여기관
JDU4MTI3MSM1MSMkMiMkMCMkMDAkNTgxOTYxIzIxIyQxIyQxIyQ5OSQyNjE0ODEjNjEjJDEjJDQjJDgz,장애인 건강주치의 시범기관
JDU4MTI3MSM1MSMkMiMkMCMkMDAkNTgxOTYxIzIxIyQxIyQxIyQwMyQyNjEwMDIjNzEjJDEjJDgjJDgz,비대면진료 시범사업 휴일·야간 진료기관(의료기관)
JDU4MTI3MSM1MSMkMiMkMCMkMDAkNTgxOTYxIzIxIyQxIyQ1IyQ4MiQzNjEwMDIjNDEjJDEjJDgjJDgz,HPV 예방접종사업 참여기관
JDU4MTI3MSM1MSMkMiMkMCMkMDAkNTgxOTYxIzMxIyQxIyQzIyQxMyQ0NjEwMDIjODEjJDEjJDYjJDgz,비대면진료 시범사업 휴일·야간 진료기관(의료기관)
JDU4MTI3MSM1MSMkMSMkMCMkNzIkMzgxMzUxIzExIyQxIyQzIyQ5MiQyNjEwMDIjNzEjJDEjJDgjJDgz,측두하악 관절자극요법 실시기관
JDU4MTI3MSM1MSMkMSMkMCMkMTMkMzgxNzAyIzIxIyQxIyQ1IyQ4OSQzNjEyMjIjODEjJDEjJDIjJDgz,일차의료 한의 방문진료 수가 시범기관
JDU4MTI3MSM1MSMkMSMkMCMkMTMkMzgxNzAyIzIxIyQxIyQ1IyQ4OSQzNjEyMjIjODEjJDEjJDIjJDgz,일차의료 한의 방문진료 수가 시범기관
JDU4MTI3MSM1MSMkMSMkMCMkMTMkNDgxMzUxIzQxIyQxIyQ3IyQ4MiQyNjEyMjIjNTEjJDEjJDIjJDgz,비대면진료 시범사업 휴일·야간 진료기관(의료기관)
JDU4MTI3MSM1MSMkMSMkMCMkMTMkNDgxOTYxIzIxIyQxIyQ1IyQ3OSQyNjEyMjIjODEjJDEjJDYjJDgz,일차의료 한의 방문진료 수가 시범기관
JDU4MTI3MSM1MSMkMSMkMCMkMTMkNDgxOTYxIzIxIyQxIyQ1IyQ3OSQyNjEyMjIjODEjJDEjJDYjJDgz,일차의료 한의 방문진료 수가 시범기관
JDU4MTI3MSM1MSMkMSMkMCMkMTMkNDgxOTYxIzIxIyQyIyQ1IyQwMCQ0NjEwMDIjODEjJDEjJDIjJDgz,일차의료 한의 방문진료 수가 시범기관
JDU4MTI3MSM1MSMkMSMkMCMkMTMkNDgxOTYxIzIxIyQyIyQ1IyQwMCQ0NjEwMDIjODEjJDEjJDIjJDgz,일차의료 한의 방문진료 수가 시범기관
JDU4MTI3MSM1MSMkMiMkMCMkMDAkNDgxMTkxIzMxIyQxIyQ3IyQwMyQyNjE4MzIjNTEjJDEjJDIjJDgz,HPV 예방접종사업 참여기관
JDU4MTI3MSM1MSMkMiMkMCMkMDAkNDgxMTkxIzUxIyQxIyQ1IyQ3OSQzNjEwMDIjNDEjJDEjJDQjJDgz,아동 일차의료 심층상담 시범사업
JDQ4MTYyMiM1MSMkMSMkMCMkODkkMzgxMzUxIzExIyQxIyQzIyQ3MiQzNjE4MzIjNDEjJDEjJDgjJDgz,인공와우 실시기관
JDQ4MTYyMiM1MSMkMSMkMCMkODkkMzgxMzUxIzExIyQxIyQzIyQ5MiQzNjEwMDIjODEjJDEjJDYjJDgz,응급의료기관
JDQ4MTYyMiM1MSMkMSMkMCMkODkkMzgxMzUxIzExIyQxIyQzIyQwMyQyNjEwMDIjNTEjJDEjJDYjJDgz,심장질환자 재택의료 시범기관
JDQ4MTYyMiM1MSMkMSMkMCMkODkkMzgxMzUxIzExIyQxIyQzIyQwMyQyNjEwMDIjNTEjJDEjJDYjJDgz,심장질환자 재택의료 시범기관
JDQ4MTYyMiM1MSMkMSMkMCMkODkkMzgxMzUxIzExIyQxIyQzIyQwMyQyNjEwMDIjNTEjJDEjJDYjJDgz,재활환자 재택의료 시범기관
JDQ4MTYyMiM1MSMkMSMkMCMkODkkMzgxMzUxIzExIyQxIyQzIyQwMyQyNjEwMDIjNTEjJDEjJDYjJDgz,조혈모세포이식 실시기관
JDQ4MTYyMiM1MSMkMSMkMCMkODkkMzgxMzUxIzExIyQyIyQ3IyQwMCQzNjEyMjIjNjEjJDEjJDAjJDgz,응급의료기관
JDQ4MTYyMiM1MSMkMSMkMCMkOTkkMzgxMzUxIzMxIyQxIyQ3IyQ5OSQyNjEyMjIjNDEjJDEjJDgjJDgz,(회복기)재활의료기관
JDQ4MTYyMiM1MSMkMSMkMCMkOTkkNTgxMzUxIzQxIyQxIyQ3IyQ3MiQyNjE4MzIjNDEjJDEjJDgjJDgz,(정신질환)낮병동 시범기관
JDQ4MTYyMiM1MSMkMiMkMCMkMDAkMzgxNzAyIzExIyQxIyQzIyQ3OSQyNjEyMjIjODEjJDEjJDYjJDgz,일차의료 만성질환관리 실시기관
JDQ4MTYyMiM1MSMkMiMkMCMkMDAkMzgxNzAyIzExIyQxIyQ3IyQwMyQ0NjE0ODEjNTEjJDEjJDIjJDgz,HPV 예방접종사업 참여기관
JDQ4MTYyMiM1MSMkMiMkMCMkMDAkMzgxNzAyIzExIyQxIyQ3IyQwMyQ0NjE0ODEjNTEjJDEjJDIjJDgz,일차의료 만성질환관리 실시기관
JDQ4MTYyMiM1MSMkMiMkMCMkMDAkMzgxNzAyIzIxIyQxIyQxIyQ5MiQzNjEyMjIjNjEjJDEjJDQjJDgz,일차의료 만성질환관리 실시기관
JDQ4MTYyMiM1MSMkMiMkMCMkMDAkNDgxMzUxIzExIyQxIyQ3IyQ3MiQzNjEwMDIjNDEjJDEjJDgjJDgz,HPV 예방접종사업 참여기관
JDQ4MTYyMiM1MSMkMiMkMCMkMDAkNDgxMzUxIzIxIyQxIyQxIyQ5MiQzNjEwMDIjNTEjJDEjJDIjJDgz,비대면진료 시범사업 휴일·야간 진료기관(의료기관)
JDQ4MTYyMiM1MSMkMiMkMCMkMDAkNDgxMzUxIzIxIyQxIyQ1IyQ4OSQzNjE0ODEjNzEjJDEjJDgjJDgz,HPV 예방접종사업 참여기관
JDQ4MTYyMiM1MSMkMiMkMCMkMDAkNDgxMzUxIzUxIyQyIyQ1IyQwMCQzNjE4MzIjNjEjJDEjJDAjJDgz,아동 일차의료 심층상담 시범사업
JDQ4MTYyMiM1MSMkMiMkMCMkMDAkNDgxMzUxIzUxIyQxIyQ1IyQxMyQyNjEwMDIjODEjJDEjJDYjJDgz,HPV 예방접종사업 참여기관
JDQ4MTYyMiM1MSMkMiMkMCMkMDAkNDgxMzUxIzUxIyQxIyQ1IyQxMyQzNjE4MzIjODEjJDEjJDIjJDgz,HPV 예방접종사업 참여기관
JDQ4MTYyMiM1MSMkMiMkMCMkMDAkNDgxOTYxIzExIyQxIyQ3IyQ4MiQ0NjEwMDIjNzEjJDEjJDgjJDgz,HPV 예방접종사업 참여기관
JDQ4MTYyMiM1MSMkMiMkMCMkMDAkNDgxMTkxIzIxIyQxIyQ1IyQ2MiQyNjEwMDIjNjEjJDEjJDQjJDgz,장애인 건강주치의 시범기관
JDQ4MTYyMiM1MSMkMiMkMCMkMDAkNDgxMTkxIzMxIyQxIyQzIyQ3OSQzNjEyMjIjNDEjJDEjJDQjJDgz,아동 일차의료 심층상담 시범사업
JDQ4MTYyMiM1MSMkMiMkMCMkMDAkNDgxMTkxIzMxIyQxIyQzIyQ4OSQzNjEyMjIjNzEjJDEjJDgjJDgz,일차의료 만성질환관리 실시기관
JDQ4MTYyMiM1MSMkMiMkMCMkMDAkNDgxNzAyIzIxIyQxIyQxIyQ4OSQyNjEwMDIjNTEjJDEjJDIjJDgz,HPV 예방접종사업 참여기관
JDQ4MTYyMiM1MSMkMiMkMCMkMDAkNDgxNzAyIzIxIyQyIyQxIyQwMCQ0NjEwMDIjNTEjJDEjJDIjJDgz,HPV 예방접종사업 참여기관
JDQ4MTYyMiM1MSMkMiMkMCMkMDAkNDgxNzAyIzQxIyQxIyQ3IyQ3MiQyNjE4MzIjNDEjJDEjJDQjJDgz,아동 일차의료 심층상담 시범사업
JDQ4MTYyMiM1MSMkMiMkMCMkMDAkNTgxMzUxIzExIyQxIyQzIyQ3MiQyNjE0ODEjNjEjJDEjJDgjJDgz,아동 일차의료 심층상담 시범사업
JDQ4MTYyMiM1MSMkMiMkMCMkMDAkNTgxMzUxIzIxIyQxIyQ5IyQ3MiQ0NjEwMDIjNjEjJDEjJDQjJDgz,HPV 예방접종사업 참여기관
JDQ4MTYyMiM1MSMkMiMkMCMkMDAkNTgxMzUxIzIxIyQxIyQ5IyQ4MiQyNjE0ODEjODEjJDEjJDYjJDgz,일차의료 만성질환관리 실시기관
JDQ4MTYyMiM1MSMkMiMkMCMkMDAkNTgxMzUxIzMxIyQxIyQzIyQ4OSQzNjEwMDIjNDEjJDEjJDQjJDgz,일차의료 만성질환관리 실시기관
JDQ4MTYyMiM1MSMkMiMkMCMkMDAkNTgxMzUxIzQxIyQxIyQ3IyQ2MiQ0NjEwMDIjNzEjJDEjJDgjJDgz,HPV 예방접종사업 참여기관
JDQ4MTYyMiM1MSMkMiMkMCMkMDAkNTgxMzUxIzUxIyQxIyQ1IyQxMyQzNjE4MzIjNDEjJDEjJDQjJDgz,비대면진료 시범사업 휴일·야간 진료기관(의료기관)
JDQ4MTYyMiM1MSMkMiMkMCMkMDAkNTgxOTYxIzIxIyQyIyQxIyQwMCQzNjE0ODEjNTEjJDEjJDIjJDgz,비대면진료 시범사업 휴일·야간 진료기관(의료기관)
JDQ4MTYyMiM1MSMkMiMkMCMkMDAkNTgxOTYxIzMxIyQxIyQ3IyQ5OSQzNjEyMjIjNzEjJDEjJDgjJDgz,비대면진료 시범사업 휴일·야간 진료기관(의료기관)
JDQ4MTYyMiM1MSMkMSMkMCMkNzIkMzgxNzAyIzIxIyQxIyQ1IyQ3MiQyNjE0ODEjNzEjJDEjJDgjJDgz,측두하악 관절자극요법 실시기관
JDQ4MTYyMiM1MSMkMSMkMCMkNzIkMzgxNzAyIzMxIyQxIyQzIyQ4MiQyNjE0ODEjNzEjJDEjJDgjJDgz,측두하악 관절자극요법 실시기관
JDQ4MTYyMiM1MSMkMSMkMCMkNzIkNDgxMzUxIzIxIyQxIyQ1IyQ3OSQyNjE4MzIjNDEjJDEjJDgjJDgz,측두하악 관절자극요법 실시기관
JDQ4MTYyMiM1MSMkMSMkMCMkNzIkNDgxOTYxIzIxIyQxIyQxIyQ2MiQzNjE4MzIjNDEjJDEjJDgjJDgz,측두하악 관절자극요법 실시기관
JDQ4MTYyMiM1MSMkMSMkMCMkNzIkNDgxNzAyIzExIyQxIyQ3IyQ4OSQzNjEyMjIjNjEjJDEjJDgjJDgz,측두하악 관절자극요법 실시기관
JDQ4MTYyMiM1MSMkMSMkMCMkNzIkNDgxNzAyIzUxIyQxIyQxIyQ5MiQ0NjEwMDIjODEjJDEjJDYjJDgz,측두하악 관절자극요법 실시기관
JDQ4MTYyMiM1MSMkMSMkMCMkNzIkNTgxMzUxIzExIyQxIyQ3IyQ2MiQyNjE4MzIjODEjJDEjJDYjJDgz,보훈위탁진료 요양기관
JDQ4MTYyMiM1MSMkMSMkMCMkNzIkNTgxMzUxIzQxIyQxIyQ3IyQ3OSQzNjE0ODEjNjEjJDEjJDgjJDgz,구순구개열 등 치과교정 및 악정형 치료 실시기관
JDQ4MTYyMiM1MSMkMSMkMCMkNzIkNTgxMzUxIzQxIyQxIyQ3IyQ3MiQ0NjE0ODEjNjEjJDEjJDQjJDgz,측두하악 관절자극요법 실시기관
JDQ4MTYyMiM1MSMkMSMkMCMkNzIkNTgxMzUxIzUxIyQxIyQxIyQ5OSQyNjE0ODEjNjEjJDEjJDAjJDgz,측두하악 관절자극요법 실시기관
JDQ4MTYyMiM1MSMkMSMkMCMkNzIkNTgxOTYxIzExIyQxIyQzIyQ3OSQzNjEyMjIjNTEjJDEjJDYjJDgz,측두하악 관절자극요법 실시기관
JDQ4MTYyMiM1MSMkMSMkMCMkNzIkNTgxOTYxIzExIyQxIyQzIyQ5OSQzNjE0ODEjNDEjJDEjJDgjJDgz,측두하악 관절자극요법 실시기관
JDQ4MTYyMiM1MSMkMSMkMCMkNzIkNTgxOTYxIzExIyQxIyQzIyQ5OSQ0NjE0ODEjNjEjJDEjJDAjJDgz,측두하악 관절자극요법 실시기관
JDQ4MTYyMiM1MSMkMSMkMCMkNzIkNTgxOTYxIzExIyQxIyQ3IyQ2MiQzNjE0ODEjNTEjJDEjJDIjJDgz,측두하악 관절자극요법 실시기관
JDQ4MTYyMiM1MSMkMSMkMCMkNzIkNTgxOTYxIzExIyQxIyQ3IyQ3MiQzNjEwMDIjODEjJDEjJDIjJDgz,측두하악 관절자극요법 실시기관
JDQ4MTYyMiM1MSMkMSMkMCMkNzIkNTgxOTYxIzExIyQxIyQ3IyQxMyQyNjE4MzIjNDEjJDEjJDgjJDgz,측두하악 관절자극요법 실시기관
JDQ4MTYyMiM1MSMkMSMkMCMkMTMkNDgxMTkxIzExIyQxIyQzIyQ3OSQyNjE0ODEjNjEjJDEjJDgjJDgz,일차의료 한의 방문진료 수가 시범기관
JDQ4MTYyMiM1MSMkMSMkMCMkMTMkNDgxMTkxIzExIyQxIyQzIyQ3OSQyNjE0ODEjNjEjJDEjJDgjJDgz,일차의료 한의 방문진료 수가 시범기관
JDQ4MTYyMiM1MSMkMSMkMCMkMTMkNDgxNzAyIzUxIyQxIyQ1IyQ3MiQzNjEwMDIjNjEjJDEjJDgjJDgz,일차의료 한의 방문진료 수가 시범기관
JDQ4MTYyMiM1MSMkMSMkMCMkMTMkNDgxNzAyIzUxIyQxIyQ1IyQ3MiQzNjEwMDIjNjEjJDEjJDgjJDgz,일차의료 한의 방문진료 수가 시범기관
JDQ4MTYyMiM1MSMkMSMkMCMkMTMkNDgxNzAyIzUxIyQxIyQ1IyQwMyQzNjE4MzIjNjEjJDEjJDAjJDgz,일차의료 한의 방문진료 수가 시범기관
JDQ4MTYyMiM1MSMkMSMkMCMkMTMkNDgxNzAyIzUxIyQxIyQ1IyQwMyQzNjE4MzIjNjEjJDEjJDAjJDgz,일차의료 한의 방문진료 수가 시범기관
JDQ4MTYyMiM1MSMkMSMkMCMkODkkMzgxMzUxIzExIyQxIyQzIyQ3OSQzNjE4MzIjNjEjJDEjJDAjJDgz,HPV 예방접종사업 참여기관
JDQ4MTYyMiM1MSMkMSMkMCMkODkkMzgxMzUxIzExIyQxIyQzIyQ3MiQyNjEwMDIjNDEjJDEjJDgjJDgz,신속대응시스템 시범기관
JDQ4MTYyMiM1MSMkMSMkMCMkODkkMzgxMzUxIzExIyQxIyQzIyQ3MiQyNjEwMDIjNDEjJDEjJDgjJDgz,가정용 인공호흡기 환자 재택의료 시범기관
JDQ4MTYyMiM1MSMkMSMkMCMkODkkMzgxMzUxIzExIyQxIyQzIyQ3MiQzNjE4MzIjNDEjJDEjJDgjJDgz,가정간호 실시기관
JDQ4MTYyMiM1MSMkMSMkMCMkODkkMzgxMzUxIzExIyQxIyQzIyQ3MiQzNjE4MzIjNDEjJDEjJDgjJDgz,HPV 예방접종사업 참여기관
JDQ4MTYyMiM1MSMkMSMkMCMkODkkMzgxMzUxIzExIyQxIyQzIyQwMyQyNjEwMDIjNTEjJDEjJDYjJDgz,측두하악 관절자극요법 실시기관
JDQ4MTYyMiM1MSMkMSMkMCMkODkkMzgxMzUxIzExIyQxIyQzIyQwMyQyNjEwMDIjNTEjJDEjJDYjJDgz,1형 당뇨병 환자 재택의료 시범기관
JDQ4MTYyMiM1MSMkMSMkMCMkOTkkMzgxOTYxIzExIyQxIyQ3IyQ2MiQyNjEyMjIjODEjJDEjJDYjJDgz,장애인 건강주치의 시범기관
JDQ4MTYyMiM1MSMkMiMkMCMkMDAkMzgxOTYxIzIxIyQxIyQ5IyQ5MiQyNjE4MzIjNTEjJDEjJDIjJDgz,일차의료 만성질환관리 실시기관
JDQ4MTYyMiM1MSMkMiMkMCMkMDAkMzgxMTkxIzQxIyQxIyQ3IyQ5OSQyNjEyMjIjNTEjJDEjJDIjJDgz,비대면진료 시범사업 휴일·야간 진료기관(의료기관)
JDQ4MTYyMiM1MSMkMiMkMCMkMDAkMzgxNzAyIzIxIyQxIyQxIyQ5MiQyNjEwMDIjNjEjJDEjJDAjJDgz,아동 일차의료 심층상담 시범사업
JDQ4MTYyMiM1MSMkMiMkMCMkMDAkMzgxNzAyIzUxIyQxIyQ1IyQ5MiQyNjEwMDIjODEjJDEjJDYjJDgz,일차의료 만성질환관리 실시기관
JDQ4MTYyMiM1MSMkMiMkMCMkMDAkNDgxMzUxIzIxIyQxIyQxIyQwMyQyNjEwMDIjNzEjJDEjJDgjJDgz,HPV 예방접종사업 참여기관
JDQ4MTYyMiM1MSMkMiMkMCMkMDAkNDgxMzUxIzIxIyQxIyQ1IyQ4OSQzNjE0ODEjNzEjJDEjJDgjJDgz,아동 일차의료 심층상담 시범사업
JDQ4MTYyMiM1MSMkMiMkMCMkMDAkNDgxMTkxIzIxIyQxIyQxIyQ5MiQ0NjEwMDIjNjEjJDEjJDgjJDgz,비대면진료 시범사업 휴일·야간 진료기관(의료기관)
JDQ4MTYyMiM1MSMkMiMkMCMkMDAkNDgxMTkxIzIxIyQxIyQ1IyQ2MiQyNjEwMDIjNjEjJDEjJDQjJDgz,HPV 예방접종사업 참여기관
JDQ4MTYyMiM1MSMkMiMkMCMkMDAkNDgxMTkxIzIxIyQxIyQ1IyQ2MiQyNjEwMDIjNjEjJDEjJDQjJDgz,일차의료 만성질환관리 실시기관
JDQ4MTYyMiM1MSMkMiMkMCMkMDAkNDgxMTkxIzMxIyQxIyQ3IyQ5MiQyNjE4MzIjNTEjJDEjJDIjJDgz,일차의료 만성질환관리 실시기관
JDQ4MTYyMiM1MSMkMiMkMCMkMDAkNDgxNzAyIzMxIyQxIyQzIyQ3OSQ0NjEwMDIjNDEjJDEjJDQjJDgz,보훈위탁진료 요양기관
JDQ4MTYyMiM1MSMkMiMkMCMkMDAkNTgxMzUxIzExIyQxIyQzIyQ5OSQzNjEwMDIjNjEjJDEjJDQjJDgz,HPV 예방접종사업 참여기관
JDQ4MTYyMiM1MSMkMiMkMCMkMDAkNTgxMzUxIzMxIyQxIyQ3IyQxMyQyNjEyMjIjNDEjJDEjJDQjJDgz,아동 일차의료 심층상담 시범사업
JDQ4MTYyMiM1MSMkMiMkMCMkMDAkNTgxMzUxIzUxIyQxIyQ1IyQxMyQzNjE4MzIjNDEjJDEjJDQjJDgz,일차의료 만성질환관리 실시기관
JDQ4MTYyMiM1MSMkMiMkMCMkMDAkNTgxOTYxIzUxIyQxIyQ1IyQ5MiQ0NjE0ODEjODEjJDEjJDYjJDgz,일차의료 만성질환관리 실시기관
JDQ4MTYyMiM1MSMkMSMkMCMkNzIkMzgxOTYxIzMxIyQxIyQzIyQ3OSQyNjEyMjIjODEjJDEjJDYjJDgz,측두하악 관절자극요법 실시기관
JDQ4MTYyMiM1MSMkMSMkMCMkNzIkMzgxOTYxIzUxIyQxIyQxIyQ4MiQzNjEyMjIjNjEjJDEjJDAjJDgz,측두하악 관절자극요법 실시기관
JDQ4MTYyMiM1MSMkMSMkMCMkNzIkMzgxNzAyIzIxIyQxIyQ1IyQ4MiQzNjE4MzIjNDEjJDEjJDgjJDgz,측두하악 관절자극요법 실시기관
JDQ4MTYyMiM1MSMkMSMkMCMkNzIkMzgxNzAyIzUxIyQxIyQ1IyQ4OSQyNjE0ODEjNjEjJDEjJDgjJDgz,측두하악 관절자극요법 실시기관
JDQ4MTYyMiM1MSMkMSMkMCMkNzIkNDgxMzUxIzIxIyQxIyQxIyQ4MiQ0NjEwMDIjNzEjJDEjJDgjJDgz,측두하악 관절자극요법 실시기관
JDQ4MTYyMiM1MSMkMSMkMCMkNzIkNDgxNzAyIzIxIyQxIyQ1IyQ5OSQyNjEwMDIjNjEjJDEjJDQjJDgz,측두하악 관절자극요법 실시기관
JDQ4MTYyMiM1MSMkMSMkMCMkNzIkNDgxNzAyIzIxIyQxIyQ5IyQwMyQzNjEyMjIjNjEjJDEjJDgjJDgz,측두하악 관절자극요법 실시기관
JDQ4MTYyMiM1MSMkMSMkMCMkNzIkNTgxMzUxIzIxIyQxIyQxIyQ3OSQ0NjEwMDIjNjEjJDEjJDQjJDgz,측두하악 관절자극요법 실시기관
JDQ4MTYyMiM1MSMkMSMkMCMkNzIkNTgxMzUxIzIxIyQxIyQ1IyQxMyQzNjE0ODEjNjEjJDEjJDgjJDgz,측두하악 관절자극요법 실시기관
JDQ4MTYyMiM1MSMkMSMkMCMkNzIkNTgxMzUxIzIxIyQxIyQ5IyQ3OSQzNjEyMjIjNTEjJDEjJDYjJDgz,측두하악 관절자극요법 실시기관
JDQ4MTYyMiM1MSMkMSMkMCMkNzIkNTgxOTYxIzExIyQxIyQzIyQ4OSQyNjE4MzIjNjEjJDEjJDgjJDgz,측두하악 관절자극요법 실시기관
JDQ4MTYyMiM1MSMkMSMkMCMkNzIkNTgxOTYxIzExIyQxIyQzIyQ2MiQzNjEwMDIjNjEjJDEjJDAjJDgz,측두하악 관절자극요법 실시기관
JDQ4MTYyMiM1MSMkMSMkMCMkNzIkNTgxOTYxIzExIyQxIyQ3IyQ3MiQzNjE4MzIjNjEjJDEjJDAjJDgz,측두하악 관절자극요법 실시기관
JDQ4MTYyMiM1MSMkMSMkMCMkNzIkNTgxOTYxIzIxIyQxIyQxIyQ5MiQyNjEyMjIjNjEjJDEjJDAjJDgz,측두하악 관절자극요법 실시기관
JDQ4MTYyMiM1MSMkMSMkMCMkMTMkNDgxMTkxIzMxIyQxIyQ3IyQ4OSQyNjEwMDIjNDEjJDEjJDQjJDgz,일차의료 한의 방문진료 수가 시범기관
JDQ4MTYyMiM1MSMkMSMkMCMkMTMkNDgxMTkxIzMxIyQxIyQ3IyQ4OSQyNjEwMDIjNDEjJDEjJDQjJDgz,일차의료 한의 방문진료 수가 시범기관
JDQ4MTYyMiM1MSMkMSMkMCMkMTMkNDgxMTkxIzUxIyQxIyQxIyQ5MiQyNjE0ODEjODEjJDEjJDIjJDgz,일차의료 한의 방문진료 수가 시범기관
JDQ4MTYyMiM1MSMkMSMkMCMkMTMkNDgxMTkxIzUxIyQxIyQxIyQ5MiQyNjE0ODEjODEjJDEjJDIjJDgz,일차의료 한의 방문진료 수가 시범기관
JDU4MTI3MSM1MSMkMiMkMCMkMDAkMzgxMzUxIzMxIyQxIyQzIyQ5MiQzNjEyMjIjNDEjJDEjJDgjJDgz,일차의료 만성질환관리 실시기관
JDU4MTI3MSM1MSMkMiMkMCMkMDAkMzgxOTYxIzIxIyQxIyQxIyQ5OSQzNjE0ODEjNjEjJDEjJDAjJDgz,일차의료 방문진료 수가 시범기관
JDU4MTI3MSM1MSMkMiMkMCMkMDAkMzgxOTYxIzIxIyQxIyQxIyQ5OSQzNjE0ODEjNjEjJDEjJDAjJDgz,일차의료 방문진료 수가 시범기관
JDU4MTI3MSM1MSMkMiMkMCMkMDAkMzgxOTYxIzUxIyQxIyQxIyQ5MiQyNjEwMDIjNjEjJDEjJDAjJDgz,(정신질환)낮병동 시범기관
JDU4MTI3MSM1MSMkMiMkMCMkMDAkMzgxMTkxIzUxIyQxIyQ1IyQxMyQyNjE4MzIjNzEjJDEjJDgjJDgz,비대면진료 시범사업 휴일·야간 진료기관(의료기관)
JDU4MTI3MSM1MSMkMiMkMCMkMDAkMzgxMTkxIzUxIyQxIyQ1IyQxMyQyNjE4MzIjNzEjJDEjJDgjJDgz,일차의료 만성질환관리 실시기관
JDU4MTI3MSM1MSMkMiMkMCMkMDAkMzgxNzAyIzExIyQxIyQ3IyQ4MiQyNjE4MzIjNDEjJDEjJDQjJDgz,HPV 예방접종사업 참여기관
JDU4MTI3MSM1MSMkMiMkMCMkMDAkMzgxNzAyIzIxIyQxIyQ5IyQwMyQzNjEyMjIjODEjJDEjJDIjJDgz,HPV 예방접종사업 참여기관
JDU4MTI3MSM1MSMkMiMkMCMkMDAkMzgxNzAyIzMxIyQxIyQzIyQ5OSQzNjEwMDIjNTEjJDEjJDIjJDgz,HPV 예방접종사업 참여기관
JDU4MTI3MSM1MSMkMiMkMCMkMDAkMzgxNzAyIzQxIyQxIyQ3IyQwMyQ0NjE0ODEjNTEjJDEjJDYjJDgz,HPV 예방접종사업 참여기관
JDU4MTI3MSM1MSMkMiMkMCMkMDAkNDgxMzUxIzMxIyQyIyQzIyQwMCQ0NjEwMDIjODEjJDEjJDIjJDgz,일차의료 만성질환관리 실시기관
JDU4MTI3MSM1MSMkMiMkMCMkMDAkNDgxOTYxIzMxIyQxIyQ3IyQ5MiQyNjE4MzIjNDEjJDEjJDQjJDgz,수면다원검사 실시기관
JDU4MTI3MSM1MSMkMiMkMCMkMDAkNDgxOTYxIzQxIyQxIyQ3IyQ4OSQyNjEwMDIjNjEjJDEjJDgjJDgz,HPV 예방접종사업 참여기관
JDU4MTI3MSM1MSMkMiMkMCMkMDAkNDgxOTYxIzQxIyQyIyQ3IyQwMCQzNjEwMDIjNTEjJDEjJDYjJDgz,일차의료 방문진료 수가 시범기관
JDU4MTI3MSM1MSMkMiMkMCMkMDAkNDgxOTYxIzQxIyQyIyQ3IyQwMCQzNjEwMDIjNTEjJDEjJDYjJDgz,일차의료 방문진료 수가 시범기관
JDU4MTI3MSM1MSMkMiMkMCMkMDAkNDgxMTkxIzExIyQxIyQ3IyQ4MiQyNjEwMDIjNDEjJDEjJDQjJDgz,HPV 예방접종사업 참여기관
JDU4MTI3MSM1MSMkMiMkMCMkMDAkNDgxMTkxIzIxIyQxIyQxIyQ4OSQzNjEwMDIjNTEjJDEjJDIjJDgz,일차의료 방문진료 수가 시범기관
JDU4MTI3MSM1MSMkMiMkMCMkMDAkNDgxMTkxIzIxIyQxIyQxIyQ4OSQzNjEwMDIjNTEjJDEjJDIjJDgz,일차의료 방문진료 수가 시범기관
JDU4MTI3MSM1MSMkMiMkMCMkMDAkNDgxMTkxIzIxIyQxIyQ1IyQ5MiQyNjEyMjIjODEjJDEjJDIjJDgz,가정간호 실시기관
JDU4MTI3MSM1MSMkMiMkMCMkMDAkNDgxMTkxIzMxIyQxIyQzIyQwMyQzNjEwMDIjNTEjJDEjJDIjJDgz,일차의료 만성질환관리 실시기관
JDU4MTI3MSM1MSMkMiMkMCMkMDAkNDgxMTkxIzMxIyQxIyQ3IyQ5MiQzNjE0ODEjNTEjJDEjJDYjJDgz,아동 일차의료 심층상담 시범사업
JDU4MTI3MSM1MSMkMiMkMCMkMDAkNDgxMTkxIzMxIyQxIyQ3IyQwMyQyNjE4MzIjNTEjJDEjJDIjJDgz,일차의료 방문진료 수가 시범기관
JDU4MTI3MSM1MSMkMiMkMCMkMDAkNDgxMTkxIzMxIyQxIyQ3IyQwMyQyNjE4MzIjNTEjJDEjJDIjJDgz,일차의료 방문진료 수가 시범기관
JDU4MTI3MSM1MSMkMiMkMCMkMDAkNDgxMTkxIzUxIyQxIyQ1IyQ3OSQzNjEwMDIjNDEjJDEjJDQjJDgz,HPV 예방접종사업 참여기관
JDU4MTI3MSM1MSMkMiMkMCMkMDAkNDgxNzAyIzExIyQxIyQzIyQ5OSQyNjE4MzIjNjEjJDEjJDgjJDgz,일차의료 만성질환관리 실시기관
JDU4MTI3MSM1MSMkMiMkMCMkMDAkNDgxNzAyIzMxIyQxIyQzIyQ4MiQyNjEwMDIjNDEjJDEjJDgjJDgz,비대면진료 시범사업 휴일·야간 진료기관(의료기관)
JDU4MTI3MSM1MSMkMiMkMCMkMDAkNDgxNzAyIzMxIyQxIyQ3IyQxMyQzNjEwMDIjNDEjJDEjJDgjJDgz,아동 일차의료 심층상담 시범사업
JDU4MTI3MSM1MSMkMiMkMCMkMDAkNDgxNzAyIzUxIyQxIyQxIyQ3MiQyNjEwMDIjNTEjJDEjJDIjJDgz,일차의료 만성질환관리 실시기관
JDU4MTI3MSM1MSMkMiMkMCMkMDAkNTgxMzUxIzMxIyQxIyQzIyQ4OSQzNjEwMDIjNTEjJDEjJDIjJDgz,아동 일차의료 심층상담 시범사업
JDU4MTI3MSM1MSMkMiMkMCMkMDAkNTgxMzUxIzUxIyQxIyQxIyQ3MiQzNjE0ODEjNTEjJDEjJDIjJDgz,비대면진료 시범사업 휴일·야간 진료기관(의료기관)
JDU4MTI3MSM1MSMkMiMkMCMkMDAkNTgxOTYxIzIxIyQxIyQ1IyQ5OSQyNjEyMjIjODEjJDEjJDIjJDgz,비대면진료 시범사업 휴일·야간 진료기관(의료기관)
JDU4MTI3MSM1MSMkMSMkMCMkMTMkMzgxNzAyIzExIyQxIyQ3IyQwMyQ0NjE0ODEjNTEjJDEjJDIjJDgz,비대면진료 시범사업 휴일·야간 진료기관(의료기관)
JDU4MTI3MSM1MSMkMSMkMCMkMTMkMzgxNzAyIzIxIyQxIyQ1IyQ4MiQzNjEyMjIjNjEjJDEjJDAjJDgz,일차의료 한의 방문진료 수가 시범기관
JDU4MTI3MSM1MSMkMSMkMCMkMTMkMzgxNzAyIzIxIyQxIyQ1IyQ4MiQzNjEyMjIjNjEjJDEjJDAjJDgz,일차의료 한의 방문진료 수가 시범기관
JDU4MTI3MSM1MSMkMSMkMCMkMTMkMzgxNzAyIzMxIyQxIyQ3IyQ3OSQyNjE4MzIjNjEjJDEjJDQjJDgz,일차의료 한의 방문진료 수가 시범기관
JDU4MTI3MSM1MSMkMSMkMCMkMTMkMzgxNzAyIzMxIyQxIyQ3IyQ3OSQyNjE4MzIjNjEjJDEjJDQjJDgz,일차의료 한의 방문진료 수가 시범기관
JDQ4MTYyMiM1MSMkMiMkMCMkMDAkMzgxMzUxIzMxIyQxIyQ3IyQwMyQyNjE0ODEjNTEjJDEjJDIjJDgz,그린처방의원
JDQ4MTYyMiM1MSMkMiMkMCMkMDAkMzgxOTYxIzUxIyQxIyQxIyQ2MiQzNjE0ODEjNjEjJDEjJDAjJDgz,그린처방의원
JDQ4MTYyMiM1MSMkMiMkMCMkMDAkMzgxMTkxIzIxIyQxIyQxIyQxMyQyNjE4MzIjNDEjJDEjJDQjJDgz,그린처방의원
JDQ4MTYyMiM1MSMkMiMkMCMkMDAkMzgxMTkxIzUxIyQxIyQxIyQ3OSQzNjEwMDIjODEjJDEjJDYjJDgz,그린처방의원
JDQ4MTYyMiM1MSMkMiMkMCMkMDAkMzgxMTkxIzUxIyQxIyQxIyQ5MiQyNjEyMjIjNjEjJDEjJDQjJDgz,그린처방의원
JDQ4MTYyMiM1MSMkMiMkMCMkMDAkNDgxOTYxIzExIyQxIyQ3IyQxMyQzNjEwMDIjNjEjJDEjJDgjJDgz,그린처방의원
JDQ4MTYyMiM1MSMkMiMkMCMkMDAkNDgxOTYxIzIxIyQxIyQ5IyQ4OSQyNjE4MzIjNDEjJDEjJDgjJDgz,그린처방의원
JDQ4MTYyMiM1MSMkMiMkMCMkMDAkNDgxOTYxIzMxIyQxIyQzIyQwMyQzNjEwMDIjNjEjJDEjJDAjJDgz,그린처방의원
JDQ4MTYyMiM1MSMkMiMkMCMkMDAkNDgxOTYxIzMxIyQxIyQ3IyQ2MiQzNjE4MzIjODEjJDEjJDIjJDgz,그린처방의원
JDQ4MTYyMiM1MSMkMiMkMCMkMDAkNDgxOTYxIzUxIyQxIyQ1IyQ5OSQzNjE0ODEjODEjJDEjJDIjJDgz,그린처방의원
JDQ4MTYyMiM1MSMkMiMkMCMkMDAkNDgxMTkxIzIxIyQxIyQ1IyQwMyQzNjEyMjIjNjEjJDEjJDQjJDgz,그린처방의원
JDQ4MTYyMiM1MSMkMiMkMCMkMDAkNDgxNzAyIzIxIyQxIyQxIyQ2MiQyNjE4MzIjNDEjJDEjJDgjJDgz,그린처방의원
JDQ4MTYyMiM1MSMkMiMkMCMkMDAkNDgxNzAyIzQxIyQxIyQ3IyQ3MiQyNjE4MzIjNDEjJDEjJDQjJDgz,그린처방의원
JDQ4MTYyMiM1MSMkMiMkMCMkMDAkNTgxMzUxIzIxIyQxIyQ1IyQ4OSQzNjE0ODEjODEjJDEjJDYjJDgz,그린처방의원
JDQ4MTYyMiM1MSMkMiMkMCMkMDAkNTgxMzUxIzIxIyQxIyQ5IyQ3MiQyNjE4MzIjNjEjJDEjJDgjJDgz,그린처방의원
JDQ4MTYyMiM1MSMkMiMkMCMkMDAkNTgxMzUxIzMxIyQxIyQzIyQ3MiQzNjEyMjIjNzEjJDEjJDgjJDgz,그린처방의원
JDQ4MTYyMiM1MSMkMiMkMCMkMDAkNTgxMzUxIzQxIyQxIyQ3IyQ3OSQyNjEyMjIjNDEjJDEjJDgjJDgz,그린처방의원
JDQ4MTYyMiM1MSMkMiMkMCMkMDAkNTgxMzUxIzQxIyQxIyQ3IyQ5MiQzNjE0ODEjODEjJDEjJDIjJDgz,그린처방의원
JDQ4MTYyMiM1MSMkMiMkMCMkMDAkNTgxMzUxIzQxIyQxIyQ3IyQwMyQzNjEyMjIjNDEjJDEjJDgjJDgz,그린처방의원
JDQ4MTYyMiM1MSMkMiMkMCMkMDAkNTgxOTYxIzIxIyQxIyQ1IyQ5OSQzNjE4MzIjNjEjJDEjJDgjJDgz,그린처방의원
JDQ4MTYyMiM1MSMkMiMkMCMkMDAkNTgxOTYxIzIxIyQxIyQ1IyQwMyQyNjEwMDIjNDEjJDEjJDgjJDgz,그린처방의원
JDQ4MTYyMiM1MSMkMiMkMCMkMDAkNTgxOTYxIzMxIyQxIyQ3IyQ3OSQyNjEwMDIjNDEjJDEjJDgjJDgz,그린처방의원
JDQ4MTYyMiM1MSMkMiMkMCMkMDAkNTgxOTYxIzQxIyQxIyQ3IyQ3MiQyNjE4MzIjNDEjJDEjJDgjJDgz,그린처방의원
JDU4MTI3MSM1MSMkMiMkMCMkMDAkMzgxMzUxIzIxIyQxIyQ5IyQ4OSQyNjE4MzIjNjEjJDEjJDgjJDgz,그린처방의원
JDU4MTI3MSM1MSMkMiMkMCMkMDAkMzgxMzUxIzQxIyQxIyQ3IyQ3OSQzNjEwMDIjNjEjJDEjJDAjJDgz,그린처방의원
JDU4MTI3MSM1MSMkMiMkMCMkMDAkMzgxMzUxIzQxIyQyIyQ3IyQwMCQyNjE0ODEjNjEjJDEjJDQjJDgz,그린처방의원
JDU4MTI3MSM1MSMkMiMkMCMkMDAkMzgxMTkxIzExIyQxIyQzIyQ3OSQ0NjE0ODEjNjEjJDEjJDQjJDgz,그린처방의원
JDU4MTI3MSM1MSMkMiMkMCMkMDAkMzgxMTkxIzIxIyQxIyQ5IyQ5MiQ0NjEwMDIjNDEjJDEjJDQjJDgz,그린처방의원
JDU4MTI3MSM1MSMkMiMkMCMkMDAkMzgxMTkxIzMxIyQxIyQzIyQ3OSQzNjEwMDIjNTEjJDEjJDIjJDgz,그린처방의원
JDU4MTI3MSM1MSMkMiMkMCMkMDAkMzgxMTkxIzMxIyQxIyQ3IyQ3MiQyNjEyMjIjNDEjJDEjJDgjJDgz,그린처방의원
JDU4MTI3MSM1MSMkMiMkMCMkMDAkMzgxMTkxIzQxIyQxIyQ3IyQ5MiQyNjE4MzIjNDEjJDEjJDQjJDgz,그린처방의원
JDU4MTI3MSM1MSMkMiMkMCMkMDAkMzgxNzAyIzExIyQxIyQzIyQ2MiQ0NjE0ODEjNDEjJDEjJDQjJDgz,그린처방의원
JDU4MTI3MSM1MSMkMiMkMCMkMDAkMzgxNzAyIzIxIyQxIyQxIyQwMyQyNjE4MzIjNDEjJDEjJDgjJDgz,그린처방의원
JDU4MTI3MSM1MSMkMiMkMCMkMDAkMzgxNzAyIzIxIyQxIyQ5IyQwMyQzNjEyMjIjODEjJDEjJDIjJDgz,그린처방의원
JDU4MTI3MSM1MSMkMiMkMCMkMDAkMzgxNzAyIzIxIyQxIyQ5IyQwMyQ0NjE0ODEjNjEjJDEjJDAjJDgz,그린처방의원
JDU4MTI3MSM1MSMkMiMkMCMkMDAkMzgxNzAyIzMxIyQxIyQzIyQ5OSQzNjEwMDIjNTEjJDEjJDIjJDgz,그린처방의원
JDU4MTI3MSM1MSMkMiMkMCMkMDAkMzgxNzAyIzMxIyQxIyQ3IyQwMyQzNjEwMDIjNTEjJDEjJDIjJDgz,그린처방의원
JDU4MTI3MSM1MSMkMiMkMCMkMDAkMzgxNzAyIzQxIyQyIyQ3IyQwMCQzNjEwMDIjNTEjJDEjJDIjJDgz,그린처방의원
JDU4MTI3MSM1MSMkMiMkMCMkMDAkNDgxMzUxIzExIyQxIyQzIyQ5OSQzNjEwMDIjNjEjJDEjJDgjJDgz,그린처방의원
JDU4MTI3MSM1MSMkMiMkMCMkMDAkNDgxMzUxIzExIyQxIyQ3IyQ5OSQzNjEyMjIjNDEjJDEjJDgjJDgz,그린처방의원
JDU4MTI3MSM1MSMkMiMkMCMkMDAkNDgxOTYxIzExIyQxIyQ3IyQ3OSQzNjEyMjIjNDEjJDEjJDgjJDgz,그린처방의원
JDU4MTI3MSM1MSMkMiMkMCMkMDAkNDgxOTYxIzIxIyQxIyQ1IyQwMyQzNjEwMDIjNjEjJDEjJDAjJDgz,그린처방의원
JDU4MTI3MSM1MSMkMiMkMCMkMDAkNDgxOTYxIzMxIyQxIyQ3IyQ3MiQzNjEyMjIjNDEjJDEjJDQjJDgz,그린처방의원
JDU4MTI3MSM1MSMkMiMkMCMkMDAkNDgxOTYxIzQxIyQyIyQ3IyQwMCQzNjEyMjIjNDEjJDEjJDgjJDgz,그린처방의원
JDU4MTI3MSM1MSMkMiMkMCMkMDAkNDgxOTYxIzQxIyQyIyQ3IyQwMCQ0NjE0ODEjODEjJDEjJDIjJDgz,그린처방의원
JDU4MTI3MSM1MSMkMiMkMCMkMDAkNDgxOTYxIzUxIyQxIyQxIyQ3OSQzNjEwMDIjODEjJDEjJDIjJDgz,그린처방의원
JDU4MTI3MSM1MSMkMiMkMCMkMDAkNDgxOTYxIzUxIyQxIyQxIyQ4MiQyNjEyMjIjNzEjJDEjJDgjJDgz,그린처방의원
JDU4MTI3MSM1MSMkMiMkMCMkMDAkNDgxMTkxIzExIyQxIyQ3IyQwMyQzNjE0ODEjODEjJDEjJDYjJDgz,그린처방의원
JDU4MTI3MSM1MSMkMiMkMCMkMDAkNDgxMTkxIzIxIyQxIyQ1IyQ2MiQzNjEyMjIjODEjJDEjJDYjJDgz,그린처방의원
JDU4MTI3MSM1MSMkMiMkMCMkMDAkNDgxMTkxIzMxIyQxIyQzIyQwMyQzNjEwMDIjNTEjJDEjJDIjJDgz,그린처방의원
JDU4MTI3MSM1MSMkMiMkMCMkMDAkMzgxMzUxIzMxIyQxIyQ3IyQ3OSQyNjEyMjIjNTEjJDEjJDYjJDgz,일차의료 만성질환관리 실시기관
JDU4MTI3MSM1MSMkMiMkMCMkMDAkMzgxNzAyIzIxIyQyIyQ5IyQwMCQyNjE4MzIjNzEjJDEjJDgjJDgz,HPV 예방접종사업 참여기관
JDU4MTI3MSM1MSMkMiMkMCMkMDAkMzgxNzAyIzMxIyQxIyQzIyQ2MiQzNjE0ODEjODEjJDEjJDYjJDgz,일차의료 만성질환관리 실시기관
JDU4MTI3MSM1MSMkMiMkMCMkMDAkNDgxMzUxIzExIyQxIyQ3IyQ4OSQyNjEyMjIjNDEjJDEjJDgjJDgz,비대면진료 시범사업 휴일·야간 진료기관(의료기관)
JDU4MTI3MSM1MSMkMiMkMCMkMDAkNDgxMzUxIzMxIyQxIyQ3IyQ5OSQzNjEwMDIjNjEjJDEjJDAjJDgz,HPV 예방접종사업 참여기관
JDU4MTI3MSM1MSMkMiMkMCMkMDAkNDgxOTYxIzMxIyQxIyQzIyQ3OSQyNjE4MzIjNTEjJDEjJDIjJDgz,일차의료 방문진료 수가 시범기관
JDU4MTI3MSM1MSMkMiMkMCMkMDAkNDgxOTYxIzMxIyQxIyQzIyQ3OSQyNjE4MzIjNTEjJDEjJDIjJDgz,일차의료 방문진료 수가 시범기관
JDU4MTI3MSM1MSMkMiMkMCMkMDAkNDgxOTYxIzMxIyQxIyQzIyQ3OSQyNjE4MzIjNTEjJDEjJDIjJDgz,일차의료 만성질환관리 실시기관
JDU4MTI3MSM1MSMkMiMkMCMkMDAkNDgxOTYxIzMxIyQxIyQzIyQ2MiQyNjEyMjIjNTEjJDEjJDYjJDgz,수면다원검사 실시기관
JDU4MTI3MSM1MSMkMiMkMCMkMDAkNDgxOTYxIzMxIyQxIyQ3IyQ5MiQzNjEwMDIjNjEjJDEjJDgjJDgz,아동 일차의료 심층상담 시범사업
JDU4MTI3MSM1MSMkMiMkMCMkMDAkNDgxOTYxIzQxIyQyIyQ3IyQwMCQzNjEyMjIjNDEjJDEjJDgjJDgz,HPV 예방접종사업 참여기관
JDU4MTI3MSM1MSMkMiMkMCMkMDAkNDgxOTYxIzQxIyQxIyQ3IyQxMyQzNjEwMDIjNzEjJDEjJDgjJDgz,일차의료 만성질환관리 실시기관
JDU4MTI3MSM1MSMkMiMkMCMkMDAkNDgxMTkxIzIxIyQxIyQ1IyQ3OSQyNjEwMDIjODEjJDEjJDYjJDgz,일차의료 만성질환관리 실시기관
JDU4MTI3MSM1MSMkMiMkMCMkMDAkNDgxMTkxIzIxIyQxIyQ1IyQ5MiQ0NjEwMDIjNjEjJDEjJDQjJDgz,비대면진료 시범사업 휴일·야간 진료기관(의료기관)
JDU4MTI3MSM1MSMkMiMkMCMkMDAkNDgxMTkxIzIxIyQxIyQ1IyQ5MiQ0NjEwMDIjNjEjJDEjJDQjJDgz,일차의료 만성질환관리 실시기관
JDU4MTI3MSM1MSMkMiMkMCMkMDAkNDgxMTkxIzMxIyQxIyQzIyQ3OSQyNjE0ODEjNTEjJDEjJDYjJDgz,일차의료 방문진료 수가 시범기관
JDU4MTI3MSM1MSMkMiMkMCMkMDAkNDgxMTkxIzMxIyQxIyQzIyQ3OSQyNjE0ODEjNTEjJDEjJDYjJDgz,일차의료 방문진료 수가 시범기관
JDU4MTI3MSM1MSMkMiMkMCMkMDAkNDgxMTkxIzMxIyQxIyQzIyQ3OSQyNjE0ODEjNTEjJDEjJDYjJDgz,비대면진료 시범사업 휴일·야간 진료기관(의료기관)
JDU4MTI3MSM1MSMkMiMkMCMkMDAkNDgxMTkxIzMxIyQxIyQ3IyQ5OSQyNjE4MzIjODEjJDEjJDYjJDgz,HPV 예방접종사업 참여기관
JDU4MTI3MSM1MSMkMiMkMCMkMDAkNDgxNzAyIzMxIyQxIyQzIyQ4OSQ0NjEwMDIjNDEjJDEjJDQjJDgz,수면다원검사 실시기관
JDU4MTI3MSM1MSMkMiMkMCMkMDAkNDgxNzAyIzMxIyQxIyQzIyQ5OSQzNjEyMjIjNTEjJDEjJDIjJDgz,HPV 예방접종사업 참여기관
JDU4MTI3MSM1MSMkMiMkMCMkMDAkNDgxNzAyIzMxIyQxIyQzIyQ3MiQzNjE4MzIjNTEjJDEjJDIjJDgz,일차의료 만성질환관리 실시기관
JDU4MTI3MSM1MSMkMiMkMCMkMDAkNTgxMzUxIzExIyQxIyQ3IyQ5OSQ0NjE0ODEjODEjJDEjJDYjJDgz,보훈위탁진료 요양기관
JDU4MTI3MSM1MSMkMiMkMCMkMDAkNTgxMzUxIzIxIyQxIyQxIyQxMyQyNjE0ODEjNDEjJDEjJDgjJDgz,비대면진료 시범사업 휴일·야간 진료기관(의료기관)
JDU4MTI3MSM1MSMkMiMkMCMkMDAkMzgxOTYxIzUxIyQxIyQxIyQ5MiQyNjEwMDIjNjEjJDEjJDAjJDgz,일차의료 방문진료 수가 시범기관
JDU4MTI3MSM1MSMkMiMkMCMkMDAkMzgxOTYxIzUxIyQxIyQxIyQ5MiQyNjEwMDIjNjEjJDEjJDAjJDgz,일차의료 방문진료 수가 시범기관
JDU4MTI3MSM1MSMkMiMkMCMkMDAkMzgxMTkxIzQxIyQxIyQ3IyQ4MiQyNjEyMjIjNjEjJDEjJDAjJDgz,HPV 예방접종사업 참여기관
JDU4MTI3MSM1MSMkMiMkMCMkMDAkMzgxNzAyIzExIyQxIyQzIyQxMyQzNjEyMjIjNDEjJDEjJDQjJDgz,아동 일차의료 심층상담 시범사업
JDU4MTI3MSM1MSMkMiMkMCMkMDAkNTgxMzUxIzIxIyQxIyQ5IyQ3MiQ0NjE0ODEjNDEjJDEjJDQjJDgz,일차의료 만성질환관리 실시기관
JDU4MTI3MSM1MSMkMiMkMCMkMDAkNTgxMzUxIzUxIyQxIyQxIyQ4MiQzNjEwMDIjODEjJDEjJDIjJDgz,수면다원검사 실시기관
JDU4MTI3MSM1MSMkMiMkMCMkMDAkNTgxOTYxIzIxIyQyIyQ5IyQwMCQyNjEyMjIjNDEjJDEjJDgjJDgz,비대면진료 시범사업 휴일·야간 진료기관(의료기관)
JDU4MTI3MSM1MSMkMiMkMCMkMDAkNTgxOTYxIzIxIyQyIyQ5IyQwMCQyNjEyMjIjNDEjJDEjJDgjJDgz,일차의료 만성질환관리 실시기관
JDU4MTI3MSM1MSMkMiMkMCMkMDAkNTgxOTYxIzIxIyQxIyQ5IyQ4MiQyNjEyMjIjNTEjJDEjJDYjJDgz,HPV 예방접종사업 참여기관
JDU4MTI3MSM1MSMkMiMkMCMkMDAkNTgxOTYxIzQxIyQxIyQ3IyQ5OSQzNjEyMjIjNjEjJDEjJDgjJDgz,장애인 건강주치의 시범기관
JDU4MTI3MSM1MSMkMSMkMCMkMTMkMzgxNzAyIzQxIyQxIyQ3IyQxMyQyNjE0ODEjNTEjJDEjJDIjJDgz,일차의료 한의 방문진료 수가 시범기관
JDU4MTI3MSM1MSMkMSMkMCMkMTMkMzgxNzAyIzQxIyQxIyQ3IyQxMyQyNjE0ODEjNTEjJDEjJDIjJDgz,일차의료 한의 방문진료 수가 시범기관
JDU4MTI3MSM1MSMkMSMkMCMkMTMkMzgxNzAyIzUxIyQxIyQ1IyQ3MiQ0NjEwMDIjNDEjJDEjJDQjJDgz,일차의료 한의 방문진료 수가 시범기관
JDU4MTI3MSM1MSMkMSMkMCMkMTMkMzgxNzAyIzUxIyQxIyQ1IyQ3MiQ0NjEwMDIjNDEjJDEjJDQjJDgz,일차의료 한의 방문진료 수가 시범기관
JDU4MTI3MSM1MSMkMSMkMCMkMTMkNDgxMzUxIzIxIyQxIyQxIyQ4OSQyNjEwMDIjNjEjJDEjJDgjJDgz,일차의료 한의 방문진료 수가 시범기관
JDU4MTI3MSM1MSMkMSMkMCMkMTMkNDgxMzUxIzIxIyQxIyQxIyQ4OSQyNjEwMDIjNjEjJDEjJDgjJDgz,일차의료 한의 방문진료 수가 시범기관
JDU4MTI3MSM1MSMkMSMkMCMkMTMkNDgxMzUxIzMxIyQxIyQzIyQ3OSQyNjEyMjIjNjEjJDEjJDgjJDgz,일차의료 한의 방문진료 수가 시범기관
JDU4MTI3MSM1MSMkMSMkMCMkMTMkNDgxMzUxIzMxIyQxIyQzIyQ3OSQyNjEyMjIjNjEjJDEjJDgjJDgz,일차의료 한의 방문진료 수가 시범기관
JDQ4MTYyMiM1MSMkMSMkMCMkODkkMzgxMzUxIzExIyQxIyQzIyQ3MiQyNjEwMDIjNDEjJDEjJDgjJDgz,개방병원
JDQ4MTYyMiM1MSMkMSMkMCMkODkkMzgxMzUxIzExIyQxIyQzIyQ3MiQyNjEwMDIjNDEjJDEjJDgjJDgz,수면다원검사 실시기관
JDQ4MTYyMiM1MSMkMSMkMCMkODkkMzgxMzUxIzExIyQxIyQzIyQ3MiQzNjE4MzIjNDEjJDEjJDgjJDgz,응급의료기관
JDQ4MTYyMiM1MSMkMSMkMCMkODkkMzgxMzUxIzExIyQxIyQzIyQ3MiQzNjE4MzIjNDEjJDEjJDgjJDgz,측두하악 관절자극요법 실시기관
JDQ4MTYyMiM1MSMkMSMkMCMkODkkMzgxMzUxIzExIyQxIyQzIyQwMyQyNjEwMDIjNTEjJDEjJDYjJDgz,제3차 의료급여기관
JDQ4MTYyMiM1MSMkMSMkMCMkODkkMzgxMzUxIzExIyQxIyQzIyQwMyQyNjEwMDIjNTEjJDEjJDYjJDgz,신속대응시스템 시범기관
JDQ4MTYyMiM1MSMkMSMkMCMkODkkMzgxMzUxIzExIyQxIyQzIyQwMyQyNjEwMDIjNTEjJDEjJDYjJDgz,암환자 재택의료 시범기관
JDQ4MTYyMiM1MSMkMSMkMCMkODkkMzgxMzUxIzExIyQxIyQzIyQwMyQyNjEwMDIjNTEjJDEjJDYjJDgz,경피적 좌심방이 폐색술(LAAO) 실시기관
JDQ4MTYyMiM1MSMkMSMkMCMkODkkMzgxMzUxIzExIyQyIyQ3IyQwMCQzNjEyMjIjNjEjJDEjJDAjJDgz,복막투석 환자 재택관리 시범기관
JDQ4MTYyMiM1MSMkMSMkMCMkOTkkMzgxOTYxIzExIyQxIyQzIyQ4MiQyNjEyMjIjNzEjJDEjJDgjJDgz,보훈위탁진료 요양기관
JDQ4MTYyMiM1MSMkMiMkMCMkMDAkMzgxOTYxIzMxIyQyIyQzIyQwMCQ0NjE0ODEjNDEjJDEjJDgjJDgz,HPV 예방접종사업 참여기관
JDQ4MTYyMiM1MSMkMiMkMCMkMDAkMzgxMTkxIzIxIyQxIyQ5IyQwMyQzNjEwMDIjNDEjJDEjJDgjJDgz,HPV 예방접종사업 참여기관
JDQ4MTYyMiM1MSMkMiMkMCMkMDAkMzgxMTkxIzQxIyQxIyQ3IyQ5OSQyNjEyMjIjNTEjJDEjJDIjJDgz,HPV 예방접종사업 참여기관
JDQ4MTYyMiM1MSMkMiMkMCMkMDAkMzgxNzAyIzExIyQxIyQzIyQ3OSQyNjEyMjIjODEjJDEjJDYjJDgz,아동 일차의료 심층상담 시범사업
JDQ4MTYyMiM1MSMkMiMkMCMkMDAkMzgxNzAyIzExIyQxIyQ3IyQ3MiQzNjEyMjIjNjEjJDEjJDAjJDgz,일차의료 방문진료 수가 시범기관
JDQ4MTYyMiM1MSMkMiMkMCMkMDAkMzgxNzAyIzExIyQxIyQ3IyQ3MiQzNjEyMjIjNjEjJDEjJDAjJDgz,일차의료 방문진료 수가 시범기관
JDQ4MTYyMiM1MSMkMiMkMCMkMDAkMzgxNzAyIzIxIyQxIyQxIyQ5MiQyNjEwMDIjNjEjJDEjJDAjJDgz,HPV 예방접종사업 참여기관
JDQ4MTYyMiM1MSMkMiMkMCMkMDAkMzgxNzAyIzIxIyQxIyQxIyQ5MiQzNjEyMjIjNjEjJDEjJDQjJDgz,HPV 예방접종사업 참여기관
JDQ4MTYyMiM1MSMkMiMkMCMkMDAkMzgxNzAyIzIxIyQxIyQ5IyQ4OSQzNjE0ODEjODEjJDEjJDIjJDgz,일차의료 만성질환관리 실시기관
JDQ4MTYyMiM1MSMkMiMkMCMkMDAkNDgxMzUxIzExIyQxIyQzIyQwMyQ0NjEwMDIjNDEjJDEjJDQjJDgz,일차의료 만성질환관리 실시기관
JDQ4MTYyMiM1MSMkMiMkMCMkMDAkNDgxMzUxIzIxIyQyIyQ1IyQwMCQzNjE0ODEjNDEjJDEjJDgjJDgz,아동 일차의료 심층상담 시범사업
JDQ4MTYyMiM1MSMkMiMkMCMkMDAkNDgxOTYxIzExIyQyIyQzIyQwMCQyNjE4MzIjNDEjJDEjJDQjJDgz,HPV 예방접종사업 참여기관
JDQ4MTYyMiM1MSMkMiMkMCMkMDAkNDgxOTYxIzExIyQxIyQ3IyQ4MiQ0NjEwMDIjNzEjJDEjJDgjJDgz,비대면진료 시범사업 휴일·야간 진료기관(의료기관)
JDQ4MTYyMiM1MSMkMiMkMCMkMDAkNDgxMTkxIzExIyQxIyQzIyQwMyQzNjE0ODEjNDEjJDEjJDQjJDgz,일차의료 만성질환관리 실시기관
JDQ4MTYyMiM1MSMkMiMkMCMkMDAkNDgxMTkxIzMxIyQxIyQzIyQ4OSQzNjEyMjIjNzEjJDEjJDgjJDgz,비대면진료 시범사업 휴일·야간 진료기관(의료기관)
JDQ4MTYyMiM1MSMkMiMkMCMkMDAkNDgxNzAyIzIxIyQxIyQxIyQ3OSQyNjEwMDIjNjEjJDEjJDQjJDgz,비대면진료 시범사업 휴일·야간 진료기관(의료기관)
JDQ4MTYyMiM1MSMkMiMkMCMkMDAkNDgxNzAyIzMxIyQxIyQ3IyQ2MiQ0NjE0ODEjNzEjJDEjJDgjJDgz,HPV 예방접종사업 참여기관
JDQ4MTYyMiM1MSMkMiMkMCMkMDAkNTgxMzUxIzExIyQxIyQzIyQ5OSQyNjEyMjIjNDEjJDEjJDgjJDgz,일차의료 만성질환관리 실시기관
JDQ4MTYyMiM1MSMkMiMkMCMkMDAkNTgxMzUxIzExIyQxIyQ3IyQ3MiQyNjEyMjIjODEjJDEjJDYjJDgz,일차의료 만성질환관리 실시기관
JDQ4MTYyMiM1MSMkMiMkMCMkMDAkNTgxMzUxIzMxIyQxIyQzIyQ4OSQyNjEwMDIjNzEjJDEjJDgjJDgz,일차의료 만성질환관리 실시기관
JDQ4MTYyMiM1MSMkMSMkMCMkNzIkMzgxMzUxIzIxIyQxIyQ5IyQ5MiQyNjEyMjIjODEjJDEjJDIjJDgz,측두하악 관절자극요법 실시기관
JDQ4MTYyMiM1MSMkMSMkMCMkNzIkMzgxMzUxIzQxIyQxIyQ3IyQxMyQyNjEwMDIjNTEjJDEjJDYjJDgz,측두하악 관절자극요법 실시기관
JDQ4MTYyMiM1MSMkMSMkMCMkNzIkMzgxOTYxIzExIyQxIyQ3IyQxMyQ0NjEwMDIjNjEjJDEjJDgjJDgz,측두하악 관절자극요법 실시기관
JDQ4MTYyMiM1MSMkMSMkMCMkNzIkMzgxOTYxIzUxIyQxIyQxIyQ3MiQyNjEyMjIjNjEjJDEjJDAjJDgz,측두하악 관절자극요법 실시기관
JDQ4MTYyMiM1MSMkMSMkMCMkNzIkMzgxOTYxIzUxIyQxIyQxIyQ4MiQyNjE4MzIjNDEjJDEjJDQjJDgz,측두하악 관절자극요법 실시기관
JDQ4MTYyMiM1MSMkMSMkMCMkNzIkMzgxNzAyIzExIyQxIyQzIyQ5OSQyNjE0ODEjNjEjJDEjJDgjJDgz,측두하악 관절자극요법 실시기관
JDQ4MTYyMiM1MSMkMSMkMCMkNzIkMzgxNzAyIzExIyQxIyQzIyQ2MiQyNjEyMjIjNzEjJDEjJDgjJDgz,측두하악 관절자극요법 실시기관
JDQ4MTYyMiM1MSMkMSMkMCMkNzIkMzgxNzAyIzMxIyQxIyQ3IyQ5OSQzNjEwMDIjNjEjJDEjJDQjJDgz,측두하악 관절자극요법 실시기관
JDQ4MTYyMiM1MSMkMSMkMCMkNzIkNDgxMzUxIzIxIyQxIyQ1IyQxMyQyNjE0ODEjNDEjJDEjJDgjJDgz,장애인 치과주치의 시범기관
JDQ4MTYyMiM1MSMkMSMkMCMkNzIkNDgxMTkxIzIxIyQxIyQxIyQ5OSQzNjEyMjIjNjEjJDEjJDAjJDgz,측두하악 관절자극요법 실시기관
JDQ4MTYyMiM1MSMkMSMkMCMkNzIkNDgxMTkxIzUxIyQxIyQxIyQ2MiQzNjE0ODEjNDEjJDEjJDgjJDgz,측두하악 관절자극요법 실시기관
JDQ4MTYyMiM1MSMkMSMkMCMkNzIkNDgxNzAyIzIxIyQxIyQxIyQwMyQ0NjEwMDIjODEjJDEjJDIjJDgz,측두하악 관절자극요법 실시기관
JDQ4MTYyMiM1MSMkMSMkMCMkNzIkNDgxNzAyIzUxIyQxIyQxIyQxMyQzNjEyMjIjODEjJDEjJDYjJDgz,측두하악 관절자극요법 실시기관
JDQ4MTYyMiM1MSMkMSMkMCMkNzIkNTgxMzUxIzIxIyQxIyQ1IyQ4OSQyNjE0ODEjNjEjJDEjJDQjJDgz,측두하악 관절자극요법 실시기관
JDQ4MTYyMiM1MSMkMSMkMCMkNzIkNTgxMzUxIzMxIyQxIyQzIyQxMyQzNjE0ODEjODEjJDEjJDYjJDgz,측두하악 관절자극요법 실시기관
JDQ4MTYyMiM1MSMkMSMkMCMkNzIkNTgxMzUxIzUxIyQxIyQ1IyQ5MiQyNjE0ODEjNzEjJDEjJDgjJDgz,측두하악 관절자극요법 실시기관
JDQ4MTYyMiM1MSMkMSMkMCMkNzIkNTgxOTYxIzExIyQxIyQzIyQ2MiQzNjE0ODEjNjEjJDEjJDgjJDgz,측두하악 관절자극요법 실시기관
JDQ4MTYyMiM1MSMkMSMkMCMkNzIkNTgxOTYxIzExIyQxIyQ3IyQ3MiQ0NjEwMDIjNDEjJDEjJDgjJDgz,측두하악 관절자극요법 실시기관
JDQ4MTYyMiM1MSMkMSMkMCMkMTMkNDgxOTYxIzIxIyQxIyQ1IyQ5MiQzNjEwMDIjNDEjJDEjJDgjJDgz,일차의료 한의 방문진료 수가 시범기관
JDQ4MTYyMiM1MSMkMSMkMCMkMTMkNDgxOTYxIzIxIyQxIyQ1IyQ5MiQzNjEwMDIjNDEjJDEjJDgjJDgz,일차의료 한의 방문진료 수가 시범기관
JDQ4MTYyMiM1MSMkMSMkMCMkODkkMzgxMzUxIzExIyQxIyQzIyQ3MiQyNjEwMDIjNDEjJDEjJDgjJDgz,성인 중환자실
JDQ4MTYyMiM1MSMkMSMkMCMkODkkMzgxMzUxIzExIyQxIyQzIyQ3MiQyNjEwMDIjNDEjJDEjJDgjJDgz,신생아 중환자실
JDQ4MTYyMiM1MSMkMSMkMCMkODkkMzgxMzUxIzExIyQxIyQzIyQwMyQyNjEwMDIjNTEjJDEjJDYjJDgz,성인 중환자실
JDQ4MTYyMiM1MSMkMSMkMCMkODkkMzgxMzUxIzExIyQxIyQzIyQwMyQyNjEwMDIjNTEjJDEjJDYjJDgz,소아 중환자실
JDQ4MTYyMiM1MSMkMSMkMCMkODkkMzgxMzUxIzExIyQxIyQzIyQwMyQyNjEwMDIjNTEjJDEjJDYjJDgz,신생아 중환자실
JDQ4MTYyMiM1MSMkMSMkMCMkODkkMzgxMzUxIzExIyQxIyQ3IyQ3OSQzNjE0ODEjNjEjJDEjJDgjJDgz,성인 중환자실
JDQ4MTYyMiM1MSMkMSMkMCMkODkkMzgxMzUxIzExIyQyIyQ3IyQwMCQzNjEyMjIjNjEjJDEjJDAjJDgz,성인 중환자실
JDQ4MTYyMiM1MSMkMSMkMCMkODkkMzgxMzUxIzExIyQxIyQzIyQ5MiQzNjEwMDIjODEjJDEjJDYjJDgz,성인 중환자실
JDQ4MTYyMiM1MSMkMSMkMCMkODkkMzgxMzUxIzExIyQxIyQzIyQ3MiQzNjE4MzIjNDEjJDEjJDgjJDgz,성인 중환자실
JDQ4MTYyMiM1MSMkMSMkMCMkODkkMzgxMzUxIzExIyQxIyQzIyQ3MiQzNjE4MzIjNDEjJDEjJDgjJDgz,신생아 중환자실
JDQ4MTYyMiM1MSMkMSMkMCMkODkkMzgxMzUxIzExIyQxIyQzIyQ3OSQzNjE4MzIjNjEjJDEjJDAjJDgz,간호간병통합서비스 제공기관
JDQ4MTYyMiM1MSMkMSMkMCMkODkkMzgxMzUxIzExIyQxIyQzIyQ3MiQyNjEwMDIjNDEjJDEjJDgjJDgz,간호간병통합서비스 제공기관
JDQ4MTYyMiM1MSMkMSMkMCMkODkkMzgxMzUxIzExIyQxIyQzIyQ3MiQzNjE4MzIjNDEjJDEjJDgjJDgz,간호간병통합서비스 제공기관
JDQ4MTYyMiM1MSMkMSMkMCMkODkkMzgxMzUxIzExIyQxIyQzIyQwMyQyNjEwMDIjNTEjJDEjJDYjJDgz,간호간병통합서비스 제공기관
JDU4MTI3MSM1MSMkMiMkMCMkMDAkNTgxMzUxIzMxIyQxIyQ3IyQwMyQyNjE4MzIjNTEjJDEjJDYjJDgz,난임시술(체외)
JDQ4MTYyMiM1MSMkMSMkMCMkOTkkMzgxOTYxIzExIyQxIyQzIyQxMyQzNjE4MzIjNDEjJDEjJDQjJDgz,난임시술(체외)
JDQ4MTYyMiM1MSMkMSMkMCMkODkkMzgxMzUxIzExIyQxIyQzIyQ3MiQyNjEwMDIjNDEjJDEjJDgjJDgz,난임시술(체외)
JDQ4MTYyMiM1MSMkMSMkMCMkODkkMzgxMzUxIzExIyQxIyQzIyQwMyQyNjEwMDIjNTEjJDEjJDYjJDgz,난임시술(체외)
JDQ4MTYyMiM1MSMkMiMkMCMkMDAkMzgxNzAyIzMxIyQxIyQ3IyQxMyQzNjE4MzIjNTEjJDEjJDYjJDgz,난임시술(인공)
JDU4MTI3MSM1MSMkMiMkMCMkMDAkNDgxMTkxIzMxIyQxIyQ3IyQ5OSQzNjE0ODEjNzEjJDEjJDgjJDgz,그린처방의원
JDU4MTI3MSM1MSMkMiMkMCMkMDAkNDgxMTkxIzQxIyQyIyQ3IyQwMCQzNjE0ODEjNDEjJDEjJDgjJDgz,그린처방의원
JDU4MTI3MSM1MSMkMiMkMCMkMDAkNDgxNzAyIzExIyQxIyQ3IyQ4OSQyNjEwMDIjODEjJDEjJDYjJDgz,그린처방의원
JDU4MTI3MSM1MSMkMiMkMCMkMDAkNDgxNzAyIzIxIyQxIyQxIyQ4MiQzNjE0ODEjNjEjJDEjJDgjJDgz,그린처방의원
JDU4MTI3MSM1MSMkMiMkMCMkMDAkNDgxNzAyIzMxIyQxIyQzIyQ4MiQyNjE4MzIjNzEjJDEjJDgjJDgz,그린처방의원
JDU4MTI3MSM1MSMkMiMkMCMkMDAkNDgxNzAyIzMxIyQxIyQ3IyQ3OSQzNjEwMDIjNjEjJDEjJDgjJDgz,그린처방의원
JDU4MTI3MSM1MSMkMiMkMCMkMDAkNDgxNzAyIzQxIyQxIyQ3IyQ4OSQzNjEwMDIjNDEjJDEjJDQjJDgz,그린처방의원
JDU4MTI3MSM1MSMkMiMkMCMkMDAkNDgxNzAyIzQxIyQxIyQ3IyQ4MiQzNjEwMDIjNjEjJDEjJDgjJDgz,그린처방의원
JDU4MTI3MSM1MSMkMiMkMCMkMDAkNDgxNzAyIzUxIyQyIyQxIyQwMCQzNjE0ODEjNTEjJDEjJDIjJDgz,그린처방의원
JDU4MTI3MSM1MSMkMiMkMCMkMDAkNTgxMzUxIzExIyQxIyQ3IyQ3MiQ0NjEwMDIjODEjJDEjJDYjJDgz,그린처방의원
JDU4MTI3MSM1MSMkMiMkMCMkMDAkNTgxMzUxIzIxIyQxIyQxIyQ5OSQyNjE4MzIjNjEjJDEjJDAjJDgz,그린처방의원
JDU4MTI3MSM1MSMkMiMkMCMkMDAkNTgxMzUxIzIxIyQxIyQ1IyQwMyQyNjEyMjIjNjEjJDEjJDgjJDgz,그린처방의원
JDU4MTI3MSM1MSMkMiMkMCMkMDAkNTgxMzUxIzIxIyQxIyQ1IyQxMyQyNjE4MzIjNDEjJDEjJDgjJDgz,그린처방의원
JDU4MTI3MSM1MSMkMiMkMCMkMDAkNTgxMzUxIzIxIyQxIyQ5IyQ4MiQyNjEwMDIjNDEjJDEjJDQjJDgz,그린처방의원
JDU4MTI3MSM1MSMkMiMkMCMkMDAkNTgxMzUxIzMxIyQxIyQzIyQ5OSQyNjEyMjIjNjEjJDEjJDQjJDgz,그린처방의원
JDQ4MTYyMiM1MSMkMSMkMCMkODkkMzgxMzUxIzExIyQxIyQ3IyQ3OSQzNjE0ODEjNjEjJDEjJDgjJDgz,간호간병통합서비스 제공기관
JDQ4MTYyMiM1MSMkMSMkMCMkODkkMzgxMzUxIzExIyQyIyQ3IyQwMCQzNjEyMjIjNjEjJDEjJDAjJDgz,간호간병통합서비스 제공기관
JDQ4MTYyMiM1MSMkMSMkMCMkOTkkMzgxMzUxIzIxIyQxIyQ5IyQxMyQ0NjEwMDIjNjEjJDEjJDgjJDgz,간호간병통합서비스 제공기관
JDQ4MTYyMiM1MSMkMSMkMCMkOTkkMzgxMzUxIzMxIyQxIyQ3IyQ5OSQyNjEyMjIjNDEjJDEjJDgjJDgz,간호간병통합서비스 제공기관
JDQ4MTYyMiM1MSMkMSMkMCMkOTkkMzgxMzUxIzQxIyQxIyQ3IyQwMyQyNjEyMjIjNDEjJDEjJDgjJDgz,간호간병통합서비스 제공기관
JDQ4MTYyMiM1MSMkMSMkMCMkOTkkMzgxMzUxIzUxIyQxIyQxIyQ5MiQzNjEwMDIjNjEjJDEjJDAjJDgz,간호간병통합서비스 제공기관
JDQ4MTYyMiM1MSMkMSMkMCMkOTkkMzgxMzUxIzUxIyQyIyQ1IyQwMCQzNjEwMDIjNDEjJDEjJDgjJDgz,간호간병통합서비스 제공기관
JDQ4MTYyMiM1MSMkMSMkMCMkOTkkMzgxOTYxIzExIyQxIyQzIyQ4OSQyNjEyMjIjNDEjJDEjJDgjJDgz,간호간병통합서비스 제공기관
JDQ4MTYyMiM1MSMkMSMkMCMkOTkkMzgxOTYxIzExIyQxIyQzIyQ4MiQyNjEyMjIjNzEjJDEjJDgjJDgz,간호간병통합서비스 제공기관
JDQ4MTYyMiM1MSMkMSMkMCMkOTkkMzgxOTYxIzExIyQxIyQ3IyQ2MiQyNjEyMjIjODEjJDEjJDYjJDgz,간호간병통합서비스 제공기관
JDQ4MTYyMiM1MSMkMSMkMCMkOTkkMzgxOTYxIzIxIyQxIyQxIyQ3MiQ0NjE0ODEjNDEjJDEjJDgjJDgz,간호간병통합서비스 제공기관
JDQ4MTYyMiM1MSMkMSMkMCMkODkkMzgxMzUxIzExIyQxIyQzIyQ3MiQyNjEwMDIjNDEjJDEjJDgjJDgz,첩약 건강보험 적용 2단계 시범사업
JDQ4MTYyMiM1MSMkMSMkMCMkMTMkMzgxMTkxIzExIyQxIyQzIyQ4OSQzNjEyMjIjNDEjJDEjJDgjJDgz,첩약 건강보험 적용 2단계 시범사업
JDQ4MTYyMiM1MSMkMSMkMCMkMTMkMzgxMTkxIzExIyQxIyQ3IyQ3MiQyNjE4MzIjNDEjJDEjJDgjJDgz,첩약 건강보험 적용 2단계 시범사업
JDQ4MTYyMiM1MSMkMSMkMCMkMTMkMzgxMTkxIzIxIyQxIyQxIyQ3MiQyNjE0ODEjNTEjJDEjJDYjJDgz,첩약 건강보험 적용 2단계 시범사업
JDQ4MTYyMiM1MSMkMSMkMCMkMTMkMzgxMTkxIzIxIyQxIyQxIyQ5MiQ0NjE0ODEjNTEjJDEjJDYjJDgz,첩약 건강보험 적용 2단계 시범사업
JDQ4MTYyMiM1MSMkMSMkMCMkMTMkMzgxMTkxIzIxIyQxIyQ1IyQ3MiQzNjEyMjIjODEjJDEjJDYjJDgz,첩약 건강보험 적용 2단계 시범사업
JDQ4MTYyMiM1MSMkMSMkMCMkMTMkMzgxMTkxIzIxIyQxIyQ5IyQ3OSQ0NjE0ODEjNjEjJDEjJDQjJDgz,첩약 건강보험 적용 2단계 시범사업
JDQ4MTYyMiM1MSMkMSMkMCMkMTMkMzgxMTkxIzIxIyQyIyQ5IyQwMCQyNjEyMjIjODEjJDEjJDIjJDgz,첩약 건강보험 적용 2단계 시범사업
JDQ4MTYyMiM1MSMkMSMkMCMkMTMkMzgxNzAyIzExIyQxIyQzIyQxMyQzNjEwMDIjNjEjJDEjJDgjJDgz,첩약 건강보험 적용 2단계 시범사업
JDQ4MTYyMiM1MSMkMSMkMCMkMTMkMzgxNzAyIzIxIyQxIyQxIyQ5MiQyNjE4MzIjODEjJDEjJDIjJDgz,첩약 건강보험 적용 2단계 시범사업
JDQ4MTYyMiM1MSMkMSMkMCMkMTMkMzgxNzAyIzIxIyQxIyQ1IyQ3MiQzNjEwMDIjNjEjJDEjJDgjJDgz,첩약 건강보험 적용 2단계 시범사업
JDQ4MTYyMiM1MSMkMSMkMCMkMTMkMzgxNzAyIzIxIyQxIyQ1IyQxMyQzNjEwMDIjNjEjJDEjJDQjJDgz,첩약 건강보험 적용 2단계 시범사업
JDQ4MTYyMiM1MSMkMSMkMCMkMTMkMzgxNzAyIzMxIyQxIyQ3IyQxMyQzNjE0ODEjNjEjJDEjJDgjJDgz,첩약 건강보험 적용 2단계 시범사업
JDQ4MTYyMiM1MSMkMSMkMCMkMTMkMzgxNzAyIzQxIyQxIyQ3IyQ3OSQzNjE4MzIjNDEjJDEjJDgjJDgz,첩약 건강보험 적용 2단계 시범사업
JDQ4MTYyMiM1MSMkMSMkMCMkMTMkMzgxNzAyIzQxIyQxIyQ3IyQ3OSQ0NjE0ODEjNDEjJDEjJDQjJDgz,첩약 건강보험 적용 2단계 시범사업
JDQ4MTYyMiM1MSMkMSMkMCMkMTMkMzgxNzAyIzQxIyQxIyQ3IyQ5OSQyNjEwMDIjNzEjJDEjJDgjJDgz,첩약 건강보험 적용 2단계 시범사업
JDQ4MTYyMiM1MSMkMSMkMCMkMTMkMzgxNzAyIzQxIyQxIyQ3IyQ2MiQyNjEwMDIjNDEjJDEjJDgjJDgz,첩약 건강보험 적용 2단계 시범사업
JDQ4MTYyMiM1MSMkMSMkMCMkMTMkMzgxNzAyIzQxIyQxIyQ3IyQ4MiQ0NjE0ODEjNTEjJDEjJDYjJDgz,첩약 건강보험 적용 2단계 시범사업
JDQ4MTYyMiM1MSMkMSMkMCMkMTMkMzgxNzAyIzQxIyQxIyQ3IyQ5MiQzNjE0ODEjODEjJDEjJDIjJDgz,첩약 건강보험 적용 2단계 시범사업
JDQ4MTYyMiM1MSMkMSMkMCMkMTMkMzgxNzAyIzUxIyQxIyQxIyQ2MiQzNjEwMDIjNDEjJDEjJDgjJDgz,첩약 건강보험 적용 2단계 시범사업
JDQ4MTYyMiM1MSMkMSMkMCMkMTMkMzgxNzAyIzUxIyQxIyQxIyQ3MiQyNjE0ODEjNzEjJDEjJDgjJDgz,첩약 건강보험 적용 2단계 시범사업
JDQ4MTYyMiM1MSMkMSMkMCMkMTMkMzgxNzAyIzUxIyQxIyQxIyQxMyQ0NjEwMDIjNDEjJDEjJDQjJDgz,첩약 건강보험 적용 2단계 시범사업
JDQ4MTYyMiM1MSMkMSMkMCMkMTMkMzgxNzAyIzUxIyQxIyQ1IyQ3OSQyNjEyMjIjNTEjJDEjJDYjJDgz,첩약 건강보험 적용 2단계 시범사업
JDQ4MTYyMiM1MSMkMSMkMCMkMTMkMzgxNzAyIzUxIyQyIyQ1IyQwMCQyNjEyMjIjNjEjJDEjJDQjJDgz,첩약 건강보험 적용 2단계 시범사업
JDQ4MTYyMiM1MSMkMSMkMCMkODkkMzgxMzUxIzExIyQxIyQzIyQ3MiQyNjEwMDIjNDEjJDEjJDgjJDgz,난임시술(인공)
JDU4MTI3MSM1MSMkMiMkMCMkMDAkNTgxMzUxIzMxIyQxIyQ3IyQwMyQyNjE4MzIjNTEjJDEjJDYjJDgz,난임시술(인공)
JDQ4MTYyMiM1MSMkMSMkMCMkODkkMzgxMzUxIzExIyQxIyQzIyQwMyQyNjEwMDIjNTEjJDEjJDYjJDgz,난임시술(인공)
JDQ4MTYyMiM1MSMkMSMkMCMkOTkkMzgxOTYxIzExIyQxIyQzIyQxMyQzNjE4MzIjNDEjJDEjJDQjJDgz,난임시술(인공)
JDU4MTI3MSM1MSMkMSMkMCMkMTMkMzgxNzAyIzExIyQxIyQzIyQ5MiQzNjEyMjIjNTEjJDEjJDIjJDgz,첩약 건강보험 적용 2단계 시범사업
JDU4MTI3MSM1MSMkMSMkMCMkMTMkMzgxNzAyIzExIyQxIyQ3IyQ4OSQzNjEwMDIjNzEjJDEjJDgjJDgz,첩약 건강보험 적용 2단계 시범사업
JDU4MTI3MSM1MSMkMSMkMCMkMTMkMzgxNzAyIzExIyQxIyQ3IyQ5OSQyNjE0ODEjNTEjJDEjJDYjJDgz,첩약 건강보험 적용 2단계 시범사업
JDU4MTI3MSM1MSMkMSMkMCMkMTMkMzgxNzAyIzIxIyQyIyQxIyQwMCQyNjEyMjIjNTEjJDEjJDYjJDgz,첩약 건강보험 적용 2단계 시범사업
JDU4MTI3MSM1MSMkMSMkMCMkMTMkMzgxNzAyIzIxIyQxIyQxIyQ4MiQzNjE4MzIjNjEjJDEjJDgjJDgz,첩약 건강보험 적용 2단계 시범사업
JDU4MTI3MSM1MSMkMSMkMCMkMTMkMzgxNzAyIzIxIyQxIyQxIyQxMyQzNjEwMDIjNDEjJDEjJDgjJDgz,첩약 건강보험 적용 2단계 시범사업
JDU4MTI3MSM1MSMkMSMkMCMkMTMkMzgxNzAyIzIxIyQxIyQ1IyQ4OSQyNjE4MzIjNTEjJDEjJDYjJDgz,첩약 건강보험 적용 2단계 시범사업
JDU4MTI3MSM1MSMkMSMkMCMkMTMkMzgxNzAyIzIxIyQxIyQ1IyQ4OSQzNjEyMjIjODEjJDEjJDIjJDgz,첩약 건강보험 적용 2단계 시범사업
JDU4MTI3MSM1MSMkMSMkMCMkMTMkMzgxNzAyIzIxIyQyIyQ1IyQwMCQyNjE4MzIjODEjJDEjJDIjJDgz,첩약 건강보험 적용 2단계 시범사업
JDU4MTI3MSM1MSMkMSMkMCMkMTMkMzgxNzAyIzIxIyQxIyQ1IyQ4MiQyNjEyMjIjNDEjJDEjJDgjJDgz,첩약 건강보험 적용 2단계 시범사업
JDU4MTI3MSM1MSMkMSMkMCMkMTMkMzgxNzAyIzIxIyQxIyQ1IyQ4MiQzNjEyMjIjNjEjJDEjJDAjJDgz,첩약 건강보험 적용 2단계 시범사업
JDU4MTI3MSM1MSMkMSMkMCMkMTMkMzgxNzAyIzIxIyQxIyQ5IyQ4OSQyNjEyMjIjNDEjJDEjJDgjJDgz,첩약 건강보험 적용 2단계 시범사업
JDU4MTI3MSM1MSMkMSMkMCMkMTMkMzgxNzAyIzIxIyQxIyQ5IyQ2MiQyNjE0ODEjNzEjJDEjJDgjJDgz,첩약 건강보험 적용 2단계 시범사업
JDU4MTI3MSM1MSMkMSMkMCMkMTMkMzgxNzAyIzMxIyQxIyQzIyQ3OSQzNjE0ODEjNzEjJDEjJDgjJDgz,첩약 건강보험 적용 2단계 시범사업
JDU4MTI3MSM1MSMkMSMkMCMkMTMkMzgxNzAyIzMxIyQxIyQzIyQ2MiQyNjEwMDIjNDEjJDEjJDgjJDgz,첩약 건강보험 적용 2단계 시범사업
JDU4MTI3MSM1MSMkMSMkMCMkMTMkMzgxNzAyIzMxIyQxIyQzIyQxMyQzNjEyMjIjODEjJDEjJDYjJDgz,첩약 건강보험 적용 2단계 시범사업
JDU4MTI3MSM1MSMkMSMkMCMkMTMkMzgxNzAyIzMxIyQxIyQ3IyQ3OSQyNjE4MzIjNjEjJDEjJDQjJDgz,첩약 건강보험 적용 2단계 시범사업
JDU4MTI3MSM1MSMkMSMkMCMkMTMkMzgxNzAyIzMxIyQxIyQ3IyQ4OSQzNjE4MzIjNjEjJDEjJDQjJDgz,첩약 건강보험 적용 2단계 시범사업
JDU4MTI3MSM1MSMkMSMkMCMkMTMkMzgxNzAyIzMxIyQxIyQ3IyQ3MiQzNjEyMjIjNjEjJDEjJDgjJDgz,첩약 건강보험 적용 2단계 시범사업
JDU4MTI3MSM1MSMkMSMkMCMkMTMkMzgxNzAyIzMxIyQxIyQ3IyQ5MiQyNjE4MzIjNjEjJDEjJDgjJDgz,첩약 건강보험 적용 2단계 시범사업
JDU4MTI3MSM1MSMkMSMkMCMkMTMkMzgxNzAyIzQxIyQxIyQ3IyQ3OSQ0NjEwMDIjNDEjJDEjJDgjJDgz,첩약 건강보험 적용 2단계 시범사업
JDU4MTI3MSM1MSMkMSMkMCMkMTMkMzgxNzAyIzQxIyQxIyQ3IyQ5OSQyNjEyMjIjODEjJDEjJDIjJDgz,첩약 건강보험 적용 2단계 시범사업
JDU4MTI3MSM1MSMkMSMkMCMkMTMkMzgxNzAyIzQxIyQxIyQ3IyQ5OSQzNjE4MzIjODEjJDEjJDYjJDgz,첩약 건강보험 적용 2단계 시범사업
JDU4MTI3MSM1MSMkMSMkMCMkMTMkMzgxNzAyIzQxIyQxIyQ3IyQ4MiQyNjE4MzIjNjEjJDEjJDQjJDgz,첩약 건강보험 적용 2단계 시범사업
JDU4MTI3MSM1MSMkMSMkMCMkMTMkMzgxNzAyIzQxIyQxIyQ3IyQxMyQyNjE0ODEjNTEjJDEjJDIjJDgz,첩약 건강보험 적용 2단계 시범사업
JDU4MTI3MSM1MSMkMSMkMCMkMTMkMzgxNzAyIzQxIyQxIyQ3IyQxMyQzNjEyMjIjNDEjJDEjJDgjJDgz,첩약 건강보험 적용 2단계 시범사업
JDU4MTI3MSM1MSMkMSMkMCMkMTMkMzgxNzAyIzUxIyQyIyQxIyQwMCQ0NjE0ODEjNDEjJDEjJDgjJDgz,첩약 건강보험 적용 2단계 시범사업
JDU4MTI3MSM1MSMkMSMkMCMkMTMkMzgxNzAyIzUxIyQxIyQxIyQ2MiQyNjEwMDIjNDEjJDEjJDgjJDgz,첩약 건강보험 적용 2단계 시범사업
JDU4MTI3MSM1MSMkMSMkMCMkMTMkNDgxMzUxIzExIyQxIyQzIyQ3MiQyNjEwMDIjNTEjJDEjJDIjJDgz,첩약 건강보험 적용 2단계 시범사업
JDU4MTI3MSM1MSMkMSMkMCMkMTMkNDgxMzUxIzExIyQxIyQzIyQ5MiQ0NjEwMDIjNTEjJDEjJDIjJDgz,첩약 건강보험 적용 2단계 시범사업
JDU4MTI3MSM1MSMkMSMkMCMkMTMkNDgxMzUxIzExIyQxIyQzIyQwMyQzNjEwMDIjNzEjJDEjJDgjJDgz,첩약 건강보험 적용 2단계 시범사업
JDU4MTI3MSM1MSMkMSMkMCMkMTMkNDgxMzUxIzExIyQxIyQ3IyQ2MiQyNjEwMDIjNDEjJDEjJDgjJDgz,첩약 건강보험 적용 2단계 시범사업
JDU4MTI3MSM1MSMkMSMkMCMkMTMkNDgxMzUxIzExIyQxIyQ3IyQ4MiQ0NjEwMDIjNDEjJDEjJDgjJDgz,첩약 건강보험 적용 2단계 시범사업
JDU4MTI3MSM1MSMkMSMkMCMkMTMkNDgxMzUxIzExIyQxIyQ3IyQ5MiQyNjEyMjIjNDEjJDEjJDgjJDgz,첩약 건강보험 적용 2단계 시범사업
JDU4MTI3MSM1MSMkMSMkMCMkMTMkNDgxMzUxIzExIyQxIyQ3IyQwMyQ0NjE0ODEjODEjJDEjJDIjJDgz,첩약 건강보험 적용 2단계 시범사업
JDU4MTI3MSM1MSMkMSMkMCMkMTMkNDgxMzUxIzExIyQxIyQ3IyQxMyQzNjE0ODEjNTEjJDEjJDIjJDgz,첩약 건강보험 적용 2단계 시범사업
JDU4MTI3MSM1MSMkMSMkMCMkMTMkNDgxMzUxIzIxIyQxIyQxIyQ4OSQyNjE0ODEjODEjJDEjJDIjJDgz,첩약 건강보험 적용 2단계 시범사업
JDU4MTI3MSM1MSMkMSMkMCMkMTMkNDgxMzUxIzIxIyQxIyQxIyQ4OSQyNjEwMDIjNjEjJDEjJDgjJDgz,첩약 건강보험 적용 2단계 시범사업
JDU4MTI3MSM1MSMkMSMkMCMkMTMkNDgxMzUxIzIxIyQyIyQxIyQwMCQ0NjEwMDIjNjEjJDEjJDgjJDgz,첩약 건강보험 적용 2단계 시범사업
JDU4MTI3MSM1MSMkMSMkMCMkMTMkNDgxMzUxIzIxIyQxIyQxIyQ3MiQyNjEyMjIjNTEjJDEjJDYjJDgz,첩약 건강보험 적용 2단계 시범사업
JDU4MTI3MSM1MSMkMSMkMCMkMTMkNDgxMzUxIzIxIyQxIyQxIyQ3MiQyNjE4MzIjNDEjJDEjJDgjJDgz,첩약 건강보험 적용 2단계 시범사업
JDU4MTI3MSM1MSMkMSMkMCMkMTMkNDgxMzUxIzIxIyQxIyQxIyQ3MiQ0NjEwMDIjNDEjJDEjJDgjJDgz,첩약 건강보험 적용 2단계 시범사업
JDU4MTI3MSM1MSMkMSMkMCMkMTMkNDgxMzUxIzIxIyQxIyQxIyQ5MiQ0NjE0ODEjNzEjJDEjJDgjJDgz,첩약 건강보험 적용 2단계 시범사업
JDU4MTI3MSM1MSMkMSMkMCMkMTMkNDgxMzUxIzIxIyQxIyQxIyQwMyQzNjEyMjIjODEjJDEjJDIjJDgz,첩약 건강보험 적용 2단계 시범사업
JDU4MTI3MSM1MSMkMSMkMCMkMTMkNDgxMzUxIzIxIyQxIyQ1IyQ2MiQzNjEwMDIjNzEjJDEjJDgjJDgz,첩약 건강보험 적용 2단계 시범사업
JDU4MTI3MSM1MSMkMSMkMCMkMTMkNDgxMzUxIzIxIyQxIyQ1IyQxMyQyNjEwMDIjNDEjJDEjJDgjJDgz,첩약 건강보험 적용 2단계 시범사업
JDU4MTI3MSM1MSMkMSMkMCMkMTMkNDgxMzUxIzIxIyQyIyQ5IyQwMCQzNjE0ODEjODEjJDEjJDIjJDgz,첩약 건강보험 적용 2단계 시범사업
JDU4MTI3MSM1MSMkMSMkMCMkMTMkNDgxMzUxIzIxIyQxIyQ5IyQ4MiQyNjE4MzIjNDEjJDEjJDgjJDgz,첩약 건강보험 적용 2단계 시범사업
JDU4MTI3MSM1MSMkMSMkMCMkMTMkNDgxMzUxIzIxIyQxIyQ5IyQ5MiQ0NjE0ODEjNDEjJDEjJDQjJDgz,첩약 건강보험 적용 2단계 시범사업
JDU4MTI3MSM1MSMkMSMkMCMkMTMkNDgxMzUxIzMxIyQxIyQzIyQ3OSQyNjEyMjIjNjEjJDEjJDgjJDgz,첩약 건강보험 적용 2단계 시범사업
JDU4MTI3MSM1MSMkMSMkMCMkMTMkNDgxMzUxIzMxIyQxIyQzIyQ4OSQyNjEyMjIjNTEjJDEjJDYjJDgz,첩약 건강보험 적용 2단계 시범사업
JDU4MTI3MSM1MSMkMSMkMCMkMTMkNDgxMzUxIzMxIyQxIyQzIyQ3MiQyNjEyMjIjNTEjJDEjJDIjJDgz,첩약 건강보험 적용 2단계 시범사업
JDU4MTI3MSM1MSMkMSMkMCMkMTMkNDgxMzUxIzMxIyQxIyQzIyQ4MiQyNjEwMDIjNDEjJDEjJDgjJDgz,첩약 건강보험 적용 2단계 시범사업
JDU4MTI3MSM1MSMkMSMkMCMkMTMkNDgxMzUxIzMxIyQxIyQzIyQ5MiQyNjE4MzIjNjEjJDEjJDQjJDgz,첩약 건강보험 적용 2단계 시범사업
JDU4MTI3MSM1MSMkMSMkMCMkMTMkMzgxNzAyIzUxIyQxIyQxIyQwMyQ0NjE0ODEjNzEjJDEjJDgjJDgz,첩약 건강보험 적용 2단계 시범사업
JDU4MTI3MSM1MSMkMSMkMCMkMTMkMzgxNzAyIzUxIyQxIyQ1IyQ3OSQ0NjE0ODEjNjEjJDEjJDQjJDgz,첩약 건강보험 적용 2단계 시범사업
JDU4MTI3MSM1MSMkMSMkMCMkMTMkMzgxNzAyIzUxIyQxIyQ1IyQ4OSQzNjEwMDIjODEjJDEjJDIjJDgz,첩약 건강보험 적용 2단계 시범사업
JDU4MTI3MSM1MSMkMSMkMCMkMTMkMzgxNzAyIzUxIyQxIyQ1IyQ4OSQ0NjE0ODEjNTEjJDEjJDIjJDgz,첩약 건강보험 적용 2단계 시범사업
JDU4MTI3MSM1MSMkMSMkMCMkMTMkMzgxNzAyIzUxIyQyIyQ1IyQwMCQyNjE0ODEjNDEjJDEjJDgjJDgz,첩약 건강보험 적용 2단계 시범사업
JDU4MTI3MSM1MSMkMSMkMCMkMTMkMzgxNzAyIzUxIyQyIyQ1IyQwMCQyNjEwMDIjNDEjJDEjJDQjJDgz,첩약 건강보험 적용 2단계 시범사업
JDU4MTI3MSM1MSMkMSMkMCMkMTMkMzgxNzAyIzUxIyQxIyQ1IyQ3MiQzNjE4MzIjNTEjJDEjJDYjJDgz,첩약 건강보험 적용 2단계 시범사업
JDU4MTI3MSM1MSMkMSMkMCMkMTMkMzgxNzAyIzUxIyQxIyQ1IyQ3MiQ0NjEwMDIjNDEjJDEjJDQjJDgz,첩약 건강보험 적용 2단계 시범사업
JDU4MTI3MSM1MSMkMSMkMCMkMTMkMzgxNzAyIzUxIyQxIyQ1IyQwMyQyNjEyMjIjNjEjJDEjJDAjJDgz,첩약 건강보험 적용 2단계 시범사업
JDU4MTI3MSM1MSMkMSMkMCMkMTMkMzgxNzAyIzUxIyQxIyQ1IyQxMyQ0NjE0ODEjNDEjJDEjJDgjJDgz,첩약 건강보험 적용 2단계 시범사업
JDU4MTI3MSM1MSMkMSMkMCMkMTMkNDgxMzUxIzExIyQxIyQzIyQ4OSQ0NjEwMDIjODEjJDEjJDYjJDgz,첩약 건강보험 적용 2단계 시범사업
JDU4MTI3MSM1MSMkMSMkMCMkMTMkNDgxMzUxIzMxIyQxIyQ3IyQ5MiQzNjE4MzIjNjEjJDEjJDAjJDgz,첩약 건강보험 적용 2단계 시범사업
JDU4MTI3MSM1MSMkMSMkMCMkMTMkNDgxMzUxIzQxIyQxIyQ3IyQ4MiQyNjEyMjIjNTEjJDEjJDIjJDgz,첩약 건강보험 적용 2단계 시범사업
JDU4MTI3MSM1MSMkMSMkMCMkMTMkNDgxMzUxIzQxIyQxIyQ3IyQ5MiQzNjEwMDIjNjEjJDEjJDAjJDgz,첩약 건강보험 적용 2단계 시범사업
JDU4MTI3MSM1MSMkMSMkMCMkMTMkNDgxMzUxIzUxIyQxIyQxIyQ3OSQyNjEwMDIjNzEjJDEjJDgjJDgz,첩약 건강보험 적용 2단계 시범사업
JDU4MTI3MSM1MSMkMSMkMCMkMTMkNDgxMzUxIzUxIyQxIyQxIyQxMyQ0NjEwMDIjODEjJDEjJDIjJDgz,첩약 건강보험 적용 2단계 시범사업
JDU4MTI3MSM1MSMkMSMkMCMkMTMkNDgxMzUxIzUxIyQxIyQ1IyQ3OSQ0NjEwMDIjODEjJDEjJDYjJDgz,첩약 건강보험 적용 2단계 시범사업
JDU4MTI3MSM1MSMkMSMkMCMkMTMkNDgxMzUxIzUxIyQxIyQ1IyQ5OSQyNjE0ODEjNDEjJDEjJDQjJDgz,첩약 건강보험 적용 2단계 시범사업
JDU4MTI3MSM1MSMkMSMkMCMkMTMkNDgxMzUxIzUxIyQxIyQ1IyQ5OSQyNjEwMDIjODEjJDEjJDIjJDgz,첩약 건강보험 적용 2단계 시범사업
JDU4MTI3MSM1MSMkMSMkMCMkMTMkNDgxMzUxIzUxIyQxIyQ1IyQ5OSQ0NjE0ODEjNjEjJDEjJDQjJDgz,첩약 건강보험 적용 2단계 시범사업
JDU4MTI3MSM1MSMkMSMkMCMkMTMkNDgxMzUxIzUxIyQxIyQ1IyQ3MiQ0NjE0ODEjNzEjJDEjJDgjJDgz,첩약 건강보험 적용 2단계 시범사업
JDU4MTI3MSM1MSMkMSMkMCMkMTMkNDgxMzUxIzUxIyQxIyQ1IyQ4MiQzNjE4MzIjNjEjJDEjJDgjJDgz,첩약 건강보험 적용 2단계 시범사업
JDU4MTI3MSM1MSMkMSMkMCMkMTMkNDgxMzUxIzUxIyQxIyQ1IyQ5MiQ0NjE0ODEjNDEjJDEjJDgjJDgz,첩약 건강보험 적용 2단계 시범사업
JDU4MTI3MSM1MSMkMSMkMCMkMTMkNDgxMzUxIzUxIyQxIyQ1IyQwMyQzNjEwMDIjNjEjJDEjJDAjJDgz,첩약 건강보험 적용 2단계 시범사업
JDU4MTI3MSM1MSMkMSMkMCMkMTMkNDgxOTYxIzExIyQxIyQzIyQ3OSQyNjEwMDIjNDEjJDEjJDgjJDgz,첩약 건강보험 적용 2단계 시범사업
JDU4MTI3MSM1MSMkMSMkMCMkMTMkNDgxOTYxIzExIyQxIyQzIyQ3OSQ0NjE0ODEjODEjJDEjJDYjJDgz,첩약 건강보험 적용 2단계 시범사업
JDU4MTI3MSM1MSMkMSMkMCMkMTMkNDgxOTYxIzExIyQxIyQzIyQ4OSQyNjE0ODEjNDEjJDEjJDgjJDgz,첩약 건강보험 적용 2단계 시범사업
JDU4MTI3MSM1MSMkMSMkMCMkMTMkNDgxOTYxIzExIyQxIyQzIyQ5OSQyNjE0ODEjODEjJDEjJDIjJDgz,첩약 건강보험 적용 2단계 시범사업
JDU4MTI3MSM1MSMkMSMkMCMkMTMkNDgxOTYxIzExIyQxIyQzIyQwMyQzNjEwMDIjNTEjJDEjJDIjJDgz,첩약 건강보험 적용 2단계 시범사업
JDU4MTI3MSM1MSMkMSMkMCMkMTMkNDgxOTYxIzExIyQxIyQzIyQwMyQzNjEyMjIjNDEjJDEjJDgjJDgz,첩약 건강보험 적용 2단계 시범사업
JDU4MTI3MSM1MSMkMSMkMCMkMTMkNDgxOTYxIzExIyQxIyQ3IyQ3MiQyNjE0ODEjNjEjJDEjJDgjJDgz,첩약 건강보험 적용 2단계 시범사업
JDU4MTI3MSM1MSMkMSMkMCMkMTMkNDgxOTYxIzExIyQxIyQ3IyQwMyQyNjE0ODEjODEjJDEjJDIjJDgz,첩약 건강보험 적용 2단계 시범사업
JDU4MTI3MSM1MSMkMSMkMCMkMTMkNDgxOTYxIzExIyQxIyQ3IyQxMyQyNjEyMjIjNDEjJDEjJDgjJDgz,첩약 건강보험 적용 2단계 시범사업
JDU4MTI3MSM1MSMkMSMkMCMkMTMkNDgxOTYxIzExIyQxIyQ3IyQxMyQzNjE4MzIjNTEjJDEjJDIjJDgz,첩약 건강보험 적용 2단계 시범사업
JDU4MTI3MSM1MSMkMSMkMCMkMTMkNDgxOTYxIzIxIyQxIyQxIyQ4OSQyNjE0ODEjNTEjJDEjJDYjJDgz,첩약 건강보험 적용 2단계 시범사업
JDU4MTI3MSM1MSMkMSMkMCMkMTMkNDgxOTYxIzIxIyQxIyQxIyQ4OSQyNjE4MzIjODEjJDEjJDIjJDgz,첩약 건강보험 적용 2단계 시범사업
JDU4MTI3MSM1MSMkMSMkMCMkMTMkNDgxOTYxIzIxIyQxIyQ1IyQ5OSQyNjE0ODEjNzEjJDEjJDgjJDgz,첩약 건강보험 적용 2단계 시범사업
JDU4MTI3MSM1MSMkMSMkMCMkMTMkNDgxOTYxIzIxIyQyIyQ1IyQwMCQzNjE0ODEjNzEjJDEjJDgjJDgz,첩약 건강보험 적용 2단계 시범사업
JDU4MTI3MSM1MSMkMSMkMCMkMTMkNDgxOTYxIzIxIyQyIyQ1IyQwMCQzNjEwMDIjNjEjJDEjJDQjJDgz,첩약 건강보험 적용 2단계 시범사업
JDU4MTI3MSM1MSMkMSMkMCMkMTMkNDgxOTYxIzIxIyQyIyQ1IyQwMCQ0NjEwMDIjODEjJDEjJDIjJDgz,첩약 건강보험 적용 2단계 시범사업
JDU4MTI3MSM1MSMkMSMkMCMkMTMkNDgxOTYxIzIxIyQxIyQ1IyQ2MiQyNjE0ODEjNDEjJDEjJDgjJDgz,첩약 건강보험 적용 2단계 시범사업
JDU4MTI3MSM1MSMkMSMkMCMkMTMkNDgxOTYxIzIxIyQxIyQ1IyQ2MiQzNjEyMjIjNDEjJDEjJDgjJDgz,첩약 건강보험 적용 2단계 시범사업
JDU4MTI3MSM1MSMkMSMkMCMkMTMkNDgxOTYxIzIxIyQxIyQ1IyQ2MiQzNjE4MzIjODEjJDEjJDYjJDgz,첩약 건강보험 적용 2단계 시범사업
JDU4MTI3MSM1MSMkMSMkMCMkMTMkNDgxOTYxIzIxIyQxIyQ1IyQ3MiQzNjE0ODEjNDEjJDEjJDgjJDgz,첩약 건강보험 적용 2단계 시범사업
JDU4MTI3MSM1MSMkMSMkMCMkMTMkNDgxOTYxIzIxIyQxIyQ1IyQ3MiQzNjEwMDIjNDEjJDEjJDQjJDgz,첩약 건강보험 적용 2단계 시범사업
JDU4MTI3MSM1MSMkMSMkMCMkMTMkNDgxOTYxIzIxIyQxIyQ1IyQ4MiQyNjE4MzIjNDEjJDEjJDgjJDgz,첩약 건강보험 적용 2단계 시범사업
JDU4MTI3MSM1MSMkMSMkMCMkMTMkNDgxOTYxIzIxIyQxIyQ1IyQ5MiQyNjEwMDIjNDEjJDEjJDgjJDgz,첩약 건강보험 적용 2단계 시범사업
JDU4MTI3MSM1MSMkMSMkMCMkMTMkNDgxOTYxIzIxIyQxIyQ1IyQwMyQyNjEyMjIjNzEjJDEjJDgjJDgz,첩약 건강보험 적용 2단계 시범사업
JDU4MTI3MSM1MSMkMSMkMCMkMTMkNDgxOTYxIzIxIyQxIyQ1IyQwMyQzNjEyMjIjNDEjJDEjJDQjJDgz,첩약 건강보험 적용 2단계 시범사업
JDU4MTI3MSM1MSMkMSMkMCMkMTMkNDgxOTYxIzIxIyQxIyQ1IyQxMyQyNjEyMjIjNjEjJDEjJDAjJDgz,첩약 건강보험 적용 2단계 시범사업
JDU4MTI3MSM1MSMkMSMkMCMkMTMkNDgxOTYxIzIxIyQxIyQ1IyQxMyQ0NjE0ODEjNTEjJDEjJDYjJDgz,첩약 건강보험 적용 2단계 시범사업
JDU4MTI3MSM1MSMkMSMkMCMkMTMkNDgxOTYxIzIxIyQxIyQ5IyQ4OSQyNjEyMjIjNTEjJDEjJDIjJDgz,첩약 건강보험 적용 2단계 시범사업
JDU4MTI3MSM1MSMkMSMkMCMkMTMkNDgxOTYxIzIxIyQxIyQ5IyQ4OSQyNjE4MzIjNDEjJDEjJDgjJDgz,첩약 건강보험 적용 2단계 시범사업
JDU4MTI3MSM1MSMkMSMkMCMkMTMkNDgxOTYxIzIxIyQxIyQ5IyQ5OSQyNjEyMjIjNDEjJDEjJDQjJDgz,첩약 건강보험 적용 2단계 시범사업
JDU4MTI3MSM1MSMkMSMkMCMkMTMkNDgxOTYxIzIxIyQyIyQ5IyQwMCQyNjE0ODEjNDEjJDEjJDgjJDgz,첩약 건강보험 적용 2단계 시범사업
JDU4MTI3MSM1MSMkMSMkMCMkMTMkNDgxOTYxIzIxIyQxIyQ5IyQ3MiQzNjE0ODEjODEjJDEjJDIjJDgz,첩약 건강보험 적용 2단계 시범사업
JDU4MTI3MSM1MSMkMSMkMCMkMTMkNDgxOTYxIzIxIyQxIyQ5IyQ5MiQyNjE0ODEjNDEjJDEjJDQjJDgz,첩약 건강보험 적용 2단계 시범사업
JDU4MTI3MSM1MSMkMSMkMCMkMTMkNDgxOTYxIzIxIyQxIyQ5IyQ5MiQyNjE4MzIjNjEjJDEjJDAjJDgz,첩약 건강보험 적용 2단계 시범사업
JDU4MTI3MSM1MSMkMSMkMCMkMTMkNDgxOTYxIzIxIyQxIyQ5IyQwMyQ0NjEwMDIjNDEjJDEjJDgjJDgz,첩약 건강보험 적용 2단계 시범사업
JDU4MTI3MSM1MSMkMSMkMCMkMTMkNDgxOTYxIzMxIyQxIyQzIyQ4OSQ0NjE0ODEjODEjJDEjJDIjJDgz,첩약 건강보험 적용 2단계 시범사업
JDU4MTI3MSM1MSMkMSMkMCMkMTMkNDgxOTYxIzMxIyQxIyQzIyQ5OSQyNjE0ODEjNDEjJDEjJDQjJDgz,첩약 건강보험 적용 2단계 시범사업
JDU4MTI3MSM1MSMkMSMkMCMkMTMkNDgxOTYxIzMxIyQxIyQzIyQ2MiQyNjEwMDIjNTEjJDEjJDIjJDgz,첩약 건강보험 적용 2단계 시범사업
JDU4MTI3MSM1MSMkMSMkMCMkMTMkNDgxOTYxIzMxIyQxIyQzIyQ3MiQzNjE4MzIjODEjJDEjJDYjJDgz,첩약 건강보험 적용 2단계 시범사업
JDU4MTI3MSM1MSMkMSMkMCMkMTMkNDgxOTYxIzMxIyQxIyQzIyQ5MiQzNjE4MzIjNTEjJDEjJDYjJDgz,첩약 건강보험 적용 2단계 시범사업
JDU4MTI3MSM1MSMkMSMkMCMkMTMkNDgxOTYxIzMxIyQxIyQzIyQxMyQyNjEwMDIjODEjJDEjJDYjJDgz,첩약 건강보험 적용 2단계 시범사업
JDU4MTI3MSM1MSMkMSMkMCMkMTMkNDgxOTYxIzMxIyQxIyQzIyQxMyQyNjE4MzIjNjEjJDEjJDQjJDgz,첩약 건강보험 적용 2단계 시범사업
JDU4MTI3MSM1MSMkMSMkMCMkMTMkNDgxOTYxIzMxIyQxIyQ3IyQ4OSQzNjEyMjIjODEjJDEjJDIjJDgz,첩약 건강보험 적용 2단계 시범사업
JDU4MTI3MSM1MSMkMSMkMCMkMTMkNDgxOTYxIzMxIyQyIyQ3IyQwMCQyNjEyMjIjNDEjJDEjJDQjJDgz,첩약 건강보험 적용 2단계 시범사업
JDU4MTI3MSM1MSMkMSMkMCMkMTMkNDgxOTYxIzMxIyQyIyQ3IyQwMCQzNjEyMjIjNTEjJDEjJDIjJDgz,첩약 건강보험 적용 2단계 시범사업
JDU4MTI3MSM1MSMkMSMkMCMkMTMkNDgxOTYxIzIxIyQyIyQxIyQwMCQzNjEwMDIjODEjJDEjJDYjJDgz,첩약 건강보험 적용 2단계 시범사업
JDU4MTI3MSM1MSMkMSMkMCMkMTMkNDgxOTYxIzIxIyQxIyQxIyQ2MiQzNjEyMjIjNjEjJDEjJDAjJDgz,첩약 건강보험 적용 2단계 시범사업
JDU4MTI3MSM1MSMkMSMkMCMkMTMkNDgxOTYxIzIxIyQxIyQxIyQ3MiQzNjEyMjIjNDEjJDEjJDgjJDgz,첩약 건강보험 적용 2단계 시범사업
JDU4MTI3MSM1MSMkMSMkMCMkMTMkNDgxOTYxIzIxIyQxIyQxIyQ3MiQzNjE4MzIjNDEjJDEjJDQjJDgz,첩약 건강보험 적용 2단계 시범사업
JDU4MTI3MSM1MSMkMSMkMCMkMTMkNDgxOTYxIzIxIyQxIyQxIyQ4MiQyNjEyMjIjNjEjJDEjJDgjJDgz,첩약 건강보험 적용 2단계 시범사업
JDU4MTI3MSM1MSMkMSMkMCMkMTMkNDgxOTYxIzIxIyQxIyQxIyQ5MiQyNjE4MzIjNDEjJDEjJDgjJDgz,첩약 건강보험 적용 2단계 시범사업
JDU4MTI3MSM1MSMkMSMkMCMkMTMkNDgxOTYxIzIxIyQxIyQxIyQxMyQzNjEwMDIjNTEjJDEjJDIjJDgz,첩약 건강보험 적용 2단계 시범사업
JDU4MTI3MSM1MSMkMSMkMCMkMTMkNDgxOTYxIzIxIyQxIyQxIyQxMyQ0NjE0ODEjNzEjJDEjJDgjJDgz,첩약 건강보험 적용 2단계 시범사업
JDU4MTI3MSM1MSMkMSMkMCMkMTMkNDgxOTYxIzIxIyQxIyQ1IyQ3OSQyNjEyMjIjODEjJDEjJDYjJDgz,첩약 건강보험 적용 2단계 시범사업
JDU4MTI3MSM1MSMkMSMkMCMkMTMkNDgxOTYxIzIxIyQxIyQ1IyQ4OSQyNjEyMjIjNjEjJDEjJDgjJDgz,첩약 건강보험 적용 2단계 시범사업
JDU4MTI3MSM1MSMkMSMkMCMkMTMkNDgxOTYxIzMxIyQxIyQ3IyQwMyQyNjE0ODEjNDEjJDEjJDQjJDgz,첩약 건강보험 적용 2단계 시범사업
JDQ4MTYyMiM1MSMkMSMkMCMkODkkMzgxMzUxIzExIyQxIyQzIyQ3MiQyNjEwMDIjNDEjJDEjJDgjJDgz,경피적 대동맥판삽입(TAVI) 실시기관
JDQ4MTYyMiM1MSMkMSMkMCMkODkkMzgxMzUxIzExIyQxIyQzIyQwMyQyNjEwMDIjNTEjJDEjJDYjJDgz,경피적 대동맥판삽입(TAVI) 실시기관
JDQ4MTYyMiM1MSMkMSMkMCMkOTkkMzgxMzUxIzMxIyQxIyQzIyQ5MiQzNjEwMDIjNjEjJDEjJDQjJDgz,비대면진료 시범사업 진료기관(의료기관)
JDQ4MTYyMiM1MSMkMSMkMCMkOTkkNTgxMzUxIzExIyQxIyQzIyQ3MiQyNjE0ODEjNDEjJDEjJDgjJDgz,비대면진료 시범사업 진료기관(의료기관)
JDQ4MTYyMiM1MSMkMiMkMCMkMDAkNDgxMzUxIzExIyQxIyQ3IyQ3OSQyNjEwMDIjNTEjJDEjJDIjJDgz,비대면진료 시범사업 진료기관(의료기관)
JDQ4MTYyMiM1MSMkMiMkMCMkMDAkNDgxMzUxIzQxIyQxIyQ3IyQ4MiQzNjE0ODEjODEjJDEjJDYjJDgz,비대면진료 시범사업 진료기관(의료기관)
JDQ4MTYyMiM1MSMkMiMkMCMkMDAkNDgxOTYxIzExIyQxIyQ3IyQ4MiQ0NjEwMDIjNzEjJDEjJDgjJDgz,비대면진료 시범사업 진료기관(의료기관)
JDQ4MTYyMiM1MSMkMiMkMCMkMDAkNDgxMTkxIzIxIyQxIyQ5IyQ4MiQyNjE4MzIjNTEjJDEjJDIjJDgz,비대면진료 시범사업 진료기관(의료기관)
JDQ4MTYyMiM1MSMkMiMkMCMkMDAkNDgxNzAyIzIxIyQxIyQ1IyQwMyQzNjEyMjIjNDEjJDEjJDgjJDgz,비대면진료 시범사업 진료기관(의료기관)
JDQ4MTYyMiM1MSMkMiMkMCMkMDAkNDgxNzAyIzIxIyQxIyQ1IyQwMyQ0NjEwMDIjNjEjJDEjJDQjJDgz,비대면진료 시범사업 진료기관(의료기관)
JDQ4MTYyMiM1MSMkMiMkMCMkMDAkNTgxOTYxIzMxIyQxIyQ3IyQ5OSQzNjEyMjIjNzEjJDEjJDgjJDgz,비대면진료 시범사업 진료기관(의료기관)
JDQ4MTYyMiM1MSMkMiMkMCMkMDAkNTgxOTYxIzMxIyQxIyQ3IyQxMyQyNjE0ODEjODEjJDEjJDYjJDgz,비대면진료 시범사업 진료기관(의료기관)
JDU4MTI3MSM1MSMkMiMkMCMkMDAkMzgxOTYxIzQxIyQxIyQ3IyQ5OSQyNjE4MzIjODEjJDEjJDIjJDgz,비대면진료 시범사업 진료기관(의료기관)
JDU4MTI3MSM1MSMkMiMkMCMkMDAkMzgxNzAyIzIxIyQxIyQ1IyQ3MiQyNjEyMjIjNzEjJDEjJDgjJDgz,비대면진료 시범사업 진료기관(의료기관)
JDU4MTI3MSM1MSMkMiMkMCMkMDAkMzgxNzAyIzMxIyQxIyQzIyQ2MiQyNjE0ODEjNjEjJDEjJDgjJDgz,비대면진료 시범사업 진료기관(의료기관)
JDU4MTI3MSM1MSMkMiMkMCMkMDAkNDgxOTYxIzIxIyQxIyQxIyQ5MiQyNjEyMjIjNjEjJDEjJDgjJDgz,비대면진료 시범사업 진료기관(의료기관)
JDU4MTI3MSM1MSMkMiMkMCMkMDAkNDgxOTYxIzMxIyQyIyQ3IyQwMCQzNjEyMjIjNjEjJDEjJDQjJDgz,비대면진료 시범사업 진료기관(의료기관)
JDU4MTI3MSM1MSMkMiMkMCMkMDAkNTgxMzUxIzQxIyQxIyQ3IyQ4OSQzNjEwMDIjNjEjJDEjJDQjJDgz,비대면진료 시범사업 진료기관(의료기관)
JDU4MTI3MSM1MSMkMiMkMCMkMDAkNTgxOTYxIzIxIyQxIyQ1IyQ5OSQyNjEyMjIjODEjJDEjJDIjJDgz,비대면진료 시범사업 진료기관(의료기관)
JDU4MTI3MSM1MSMkMiMkMCMkMDAkNTgxOTYxIzIxIyQyIyQ5IyQwMCQyNjEyMjIjNDEjJDEjJDgjJDgz,비대면진료 시범사업 진료기관(의료기관)
JDU4MTI3MSM1MSMkMiMkMCMkMDAkNTgxOTYxIzMxIyQxIyQzIyQxMyQ0NjEwMDIjODEjJDEjJDYjJDgz,비대면진료 시범사업 진료기관(의료기관)
JDQ4MTYyMiM1MSMkMSMkMCMkODkkMzgxMzUxIzExIyQxIyQzIyQwMyQyNjEwMDIjNTEjJDEjJDYjJDgz,비대면진료 시범사업 진료기관(의료기관)
JDQ4MTYyMiM1MSMkMiMkMCMkMDAkNDgxOTYxIzMxIyQxIyQ3IyQ4MiQzNjE0ODEjODEjJDEjJDIjJDgz,비대면진료 시범사업 진료기관(의료기관)
JDQ4MTYyMiM1MSMkMiMkMCMkMDAkNDgxMTkxIzMxIyQxIyQzIyQ4OSQzNjEyMjIjNzEjJDEjJDgjJDgz,비대면진료 시범사업 진료기관(의료기관)
JDQ4MTYyMiM1MSMkMiMkMCMkMDAkNDgxMTkxIzMxIyQxIyQzIyQ4MiQyNjE0ODEjNjEjJDEjJDAjJDgz,비대면진료 시범사업 진료기관(의료기관)
JDQ4MTYyMiM1MSMkMiMkMCMkMDAkNDgxNzAyIzUxIyQxIyQxIyQ5OSQyNjE0ODEjNDEjJDEjJDQjJDgz,비대면진료 시범사업 진료기관(의료기관)
JDQ4MTYyMiM1MSMkMiMkMCMkMDAkNTgxMzUxIzIxIyQxIyQ5IyQ4MiQyNjE0ODEjODEjJDEjJDYjJDgz,비대면진료 시범사업 진료기관(의료기관)
JDQ4MTYyMiM1MSMkMiMkMCMkMDAkNTgxMzUxIzUxIyQxIyQ1IyQxMyQzNjE4MzIjNDEjJDEjJDQjJDgz,비대면진료 시범사업 진료기관(의료기관)
JDQ4MTYyMiM1MSMkMiMkMCMkMDAkNTgxOTYxIzUxIyQxIyQxIyQ3MiQzNjE4MzIjNDEjJDEjJDQjJDgz,비대면진료 시범사업 진료기관(의료기관)
JDQ4MTYyMiM1MSMkMiMkMCMkMDAkNTgxOTYxIzUxIyQxIyQ1IyQ3MiQ0NjE0ODEjNjEjJDEjJDAjJDgz,비대면진료 시범사업 진료기관(의료기관)
JDQ4MTYyMiM1MSMkMSMkMCMkMTMkNDgxOTYxIzIxIyQxIyQxIyQ5OSQyNjEwMDIjNjEjJDEjJDgjJDgz,첩약 건강보험 적용 2단계 시범사업
JDQ4MTYyMiM1MSMkMSMkMCMkMTMkNDgxOTYxIzIxIyQxIyQxIyQ3MiQzNjEyMjIjODEjJDEjJDYjJDgz,첩약 건강보험 적용 2단계 시범사업
JDQ4MTYyMiM1MSMkMSMkMCMkMTMkNDgxMTkxIzIxIyQxIyQxIyQ2MiQzNjE4MzIjNjEjJDEjJDQjJDgz,첩약 건강보험 적용 2단계 시범사업
JDQ4MTYyMiM1MSMkMSMkMCMkMTMkNDgxMTkxIzIxIyQxIyQxIyQ2MiQ0NjE0ODEjNTEjJDEjJDYjJDgz,첩약 건강보험 적용 2단계 시범사업
JDQ4MTYyMiM1MSMkMSMkMCMkMTMkNDgxMTkxIzIxIyQxIyQxIyQ3MiQ0NjE0ODEjNDEjJDEjJDgjJDgz,첩약 건강보험 적용 2단계 시범사업
JDQ4MTYyMiM1MSMkMSMkMCMkMTMkNDgxMTkxIzIxIyQxIyQxIyQ5MiQ0NjEwMDIjNTEjJDEjJDYjJDgz,첩약 건강보험 적용 2단계 시범사업
JDQ4MTYyMiM1MSMkMSMkMCMkMTMkNDgxMTkxIzIxIyQxIyQxIyQwMyQzNjE4MzIjNjEjJDEjJDAjJDgz,첩약 건강보험 적용 2단계 시범사업
JDQ4MTYyMiM1MSMkMSMkMCMkMTMkNDgxMTkxIzIxIyQxIyQ1IyQ4MiQzNjEyMjIjODEjJDEjJDIjJDgz,첩약 건강보험 적용 2단계 시범사업
JDQ4MTYyMiM1MSMkMSMkMCMkMTMkNDgxMTkxIzIxIyQxIyQ1IyQxMyQ0NjE0ODEjNjEjJDEjJDgjJDgz,첩약 건강보험 적용 2단계 시범사업
JDQ4MTYyMiM1MSMkMSMkMCMkMTMkNDgxMTkxIzIxIyQxIyQ5IyQ5OSQyNjEwMDIjNjEjJDEjJDAjJDgz,첩약 건강보험 적용 2단계 시범사업
JDQ4MTYyMiM1MSMkMSMkMCMkMTMkNDgxMTkxIzIxIyQyIyQ5IyQwMCQ0NjE0ODEjODEjJDEjJDYjJDgz,첩약 건강보험 적용 2단계 시범사업
JDQ4MTYyMiM1MSMkMSMkMCMkMTMkNDgxMTkxIzIxIyQxIyQ5IyQ2MiQzNjE0ODEjNTEjJDEjJDYjJDgz,첩약 건강보험 적용 2단계 시범사업
JDQ4MTYyMiM1MSMkMSMkMCMkMTMkNDgxMTkxIzIxIyQxIyQ5IyQ3MiQyNjE4MzIjNTEjJDEjJDIjJDgz,첩약 건강보험 적용 2단계 시범사업
JDQ4MTYyMiM1MSMkMSMkMCMkMTMkNDgxMTkxIzIxIyQxIyQ5IyQ3MiQzNjE0ODEjNDEjJDEjJDgjJDgz,첩약 건강보험 적용 2단계 시범사업
JDQ4MTYyMiM1MSMkMSMkMCMkMTMkNDgxMTkxIzIxIyQxIyQ5IyQwMyQzNjE0ODEjNTEjJDEjJDIjJDgz,첩약 건강보험 적용 2단계 시범사업
JDQ4MTYyMiM1MSMkMSMkMCMkMTMkNDgxMTkxIzMxIyQxIyQzIyQ5OSQyNjE4MzIjNzEjJDEjJDgjJDgz,첩약 건강보험 적용 2단계 시범사업
JDQ4MTYyMiM1MSMkMSMkMCMkMTMkNDgxMTkxIzMxIyQxIyQ3IyQ4OSQyNjEwMDIjNDEjJDEjJDQjJDgz,첩약 건강보험 적용 2단계 시범사업
JDQ4MTYyMiM1MSMkMSMkMCMkMTMkNDgxMTkxIzMxIyQxIyQ3IyQ4OSQ0NjEwMDIjNjEjJDEjJDQjJDgz,첩약 건강보험 적용 2단계 시범사업
JDQ4MTYyMiM1MSMkMSMkMCMkMTMkNDgxMTkxIzMxIyQxIyQ3IyQwMyQzNjE0ODEjNjEjJDEjJDQjJDgz,첩약 건강보험 적용 2단계 시범사업
JDQ4MTYyMiM1MSMkMSMkMCMkMTMkNDgxMTkxIzQxIyQxIyQ3IyQ2MiQzNjE0ODEjNTEjJDEjJDIjJDgz,첩약 건강보험 적용 2단계 시범사업
JDQ4MTYyMiM1MSMkMSMkMCMkMTMkNDgxMTkxIzQxIyQxIyQ3IyQ4MiQzNjE0ODEjNzEjJDEjJDgjJDgz,첩약 건강보험 적용 2단계 시범사업
JDQ4MTYyMiM1MSMkMSMkMCMkMTMkNDgxMTkxIzQxIyQxIyQ3IyQwMyQyNjE4MzIjNTEjJDEjJDYjJDgz,첩약 건강보험 적용 2단계 시범사업
JDQ4MTYyMiM1MSMkMSMkMCMkMTMkNDgxMTkxIzUxIyQxIyQxIyQ5MiQyNjE0ODEjODEjJDEjJDIjJDgz,첩약 건강보험 적용 2단계 시범사업
JDQ4MTYyMiM1MSMkMSMkMCMkMTMkNDgxMTkxIzUxIyQxIyQxIyQ5MiQzNjEwMDIjODEjJDEjJDYjJDgz,첩약 건강보험 적용 2단계 시범사업
JDQ4MTYyMiM1MSMkMSMkMCMkMTMkNDgxMTkxIzUxIyQxIyQxIyQwMyQzNjE4MzIjNTEjJDEjJDIjJDgz,첩약 건강보험 적용 2단계 시범사업
JDQ4MTYyMiM1MSMkMSMkMCMkMTMkNDgxMTkxIzUxIyQxIyQ1IyQ4OSQ0NjEwMDIjNjEjJDEjJDAjJDgz,첩약 건강보험 적용 2단계 시범사업
JDQ4MTYyMiM1MSMkMSMkMCMkMTMkNDgxMTkxIzUxIyQxIyQ1IyQ5OSQyNjE4MzIjNTEjJDEjJDIjJDgz,첩약 건강보험 적용 2단계 시범사업
JDQ4MTYyMiM1MSMkMSMkMCMkMTMkNDgxMTkxIzUxIyQxIyQ1IyQ5MiQyNjEwMDIjNTEjJDEjJDIjJDgz,첩약 건강보험 적용 2단계 시범사업
JDQ4MTYyMiM1MSMkMSMkMCMkMTMkNDgxNzAyIzExIyQyIyQzIyQwMCQzNjE4MzIjNDEjJDEjJDgjJDgz,첩약 건강보험 적용 2단계 시범사업
JDQ4MTYyMiM1MSMkMSMkMCMkMTMkNDgxNzAyIzExIyQxIyQ3IyQ4OSQzNjE0ODEjODEjJDEjJDIjJDgz,첩약 건강보험 적용 2단계 시범사업
JDQ4MTYyMiM1MSMkMSMkMCMkMTMkNDgxNzAyIzExIyQyIyQ3IyQwMCQzNjE0ODEjNTEjJDEjJDIjJDgz,첩약 건강보험 적용 2단계 시범사업
JDQ4MTYyMiM1MSMkMSMkMCMkMTMkNDgxNzAyIzExIyQyIyQ3IyQwMCQ0NjEwMDIjNTEjJDEjJDYjJDgz,첩약 건강보험 적용 2단계 시범사업
JDQ4MTYyMiM1MSMkMSMkMCMkMTMkNDgxNzAyIzIxIyQxIyQxIyQ4OSQzNjEyMjIjNDEjJDEjJDgjJDgz,첩약 건강보험 적용 2단계 시범사업
JDQ4MTYyMiM1MSMkMSMkMCMkMTMkNDgxNzAyIzIxIyQyIyQxIyQwMCQyNjE0ODEjNjEjJDEjJDgjJDgz,첩약 건강보험 적용 2단계 시범사업
JDQ4MTYyMiM1MSMkMSMkMCMkMTMkNDgxNzAyIzIxIyQxIyQxIyQ3MiQ0NjEwMDIjNjEjJDEjJDAjJDgz,첩약 건강보험 적용 2단계 시범사업
JDQ4MTYyMiM1MSMkMSMkMCMkMTMkNDgxNzAyIzIxIyQxIyQxIyQ4MiQzNjEyMjIjNzEjJDEjJDgjJDgz,첩약 건강보험 적용 2단계 시범사업
JDQ4MTYyMiM1MSMkMSMkMCMkMTMkNDgxNzAyIzIxIyQxIyQ1IyQ4MiQzNjEwMDIjNjEjJDEjJDQjJDgz,첩약 건강보험 적용 2단계 시범사업
JDQ4MTYyMiM1MSMkMSMkMCMkMTMkNDgxNzAyIzIxIyQxIyQ1IyQ4MiQzNjEyMjIjNTEjJDEjJDYjJDgz,첩약 건강보험 적용 2단계 시범사업
JDQ4MTYyMiM1MSMkMSMkMCMkMTMkNDgxNzAyIzIxIyQxIyQ1IyQxMyQzNjE0ODEjODEjJDEjJDYjJDgz,첩약 건강보험 적용 2단계 시범사업
JDQ4MTYyMiM1MSMkMSMkMCMkMTMkNDgxNzAyIzIxIyQxIyQ5IyQ3MiQyNjE4MzIjODEjJDEjJDIjJDgz,첩약 건강보험 적용 2단계 시범사업
JDQ4MTYyMiM1MSMkMSMkMCMkMTMkNDgxNzAyIzMxIyQxIyQzIyQ2MiQyNjEyMjIjODEjJDEjJDYjJDgz,첩약 건강보험 적용 2단계 시범사업
JDQ4MTYyMiM1MSMkMSMkMCMkMTMkNDgxNzAyIzMxIyQxIyQzIyQwMyQyNjEyMjIjODEjJDEjJDIjJDgz,첩약 건강보험 적용 2단계 시범사업
JDQ4MTYyMiM1MSMkMSMkMCMkMTMkNDgxNzAyIzMxIyQxIyQ3IyQ4MiQ0NjE0ODEjODEjJDEjJDYjJDgz,첩약 건강보험 적용 2단계 시범사업
JDQ4MTYyMiM1MSMkMSMkMCMkMTMkNDgxNzAyIzMxIyQxIyQ3IyQ5MiQzNjE0ODEjNTEjJDEjJDYjJDgz,첩약 건강보험 적용 2단계 시범사업
JDQ4MTYyMiM1MSMkMSMkMCMkMTMkNDgxNzAyIzMxIyQxIyQ3IyQwMyQyNjE0ODEjODEjJDEjJDIjJDgz,첩약 건강보험 적용 2단계 시범사업
JDQ4MTYyMiM1MSMkMSMkMCMkMTMkNDgxNzAyIzUxIyQxIyQxIyQ4MiQzNjE0ODEjODEjJDEjJDYjJDgz,첩약 건강보험 적용 2단계 시범사업
JDQ4MTYyMiM1MSMkMSMkMCMkMTMkNDgxNzAyIzUxIyQxIyQxIyQwMyQzNjEwMDIjNDEjJDEjJDgjJDgz,첩약 건강보험 적용 2단계 시범사업
JDQ4MTYyMiM1MSMkMSMkMCMkMTMkNDgxNzAyIzUxIyQxIyQxIyQxMyQyNjE4MzIjNTEjJDEjJDIjJDgz,첩약 건강보험 적용 2단계 시범사업
JDQ4MTYyMiM1MSMkMSMkMCMkMTMkNDgxNzAyIzUxIyQxIyQ1IyQ4OSQzNjE4MzIjNTEjJDEjJDYjJDgz,첩약 건강보험 적용 2단계 시범사업
JDQ4MTYyMiM1MSMkMSMkMCMkMTMkNDgxNzAyIzUxIyQxIyQ1IyQ5OSQzNjEwMDIjNjEjJDEjJDAjJDgz,첩약 건강보험 적용 2단계 시범사업
JDQ4MTYyMiM1MSMkMSMkMCMkMTMkNDgxNzAyIzUxIyQxIyQ1IyQ5OSQ0NjEwMDIjNzEjJDEjJDgjJDgz,첩약 건강보험 적용 2단계 시범사업
JDQ4MTYyMiM1MSMkMSMkMCMkMTMkNDgxNzAyIzUxIyQyIyQ1IyQwMCQyNjEwMDIjODEjJDEjJDYjJDgz,첩약 건강보험 적용 2단계 시범사업
JDQ4MTYyMiM1MSMkMSMkMCMkMTMkNDgxNzAyIzUxIyQxIyQ1IyQ3MiQyNjE4MzIjNDEjJDEjJDQjJDgz,첩약 건강보험 적용 2단계 시범사업
JDQ4MTYyMiM1MSMkMSMkMCMkMTMkNDgxNzAyIzUxIyQxIyQ1IyQ3MiQzNjEwMDIjNjEjJDEjJDgjJDgz,첩약 건강보험 적용 2단계 시범사업
JDQ4MTYyMiM1MSMkMSMkMCMkMTMkNDgxNzAyIzUxIyQxIyQ1IyQwMyQzNjE4MzIjNjEjJDEjJDAjJDgz,첩약 건강보험 적용 2단계 시범사업
JDQ4MTYyMiM1MSMkMSMkMCMkMTMkNDgxMzUxIzExIyQyIyQzIyQwMCQyNjE4MzIjNDEjJDEjJDgjJDgz,첩약 건강보험 적용 2단계 시범사업
JDQ4MTYyMiM1MSMkMSMkMCMkMTMkNDgxMzUxIzExIyQxIyQzIyQwMyQ0NjEwMDIjNzEjJDEjJDgjJDgz,첩약 건강보험 적용 2단계 시범사업
JDQ4MTYyMiM1MSMkMSMkMCMkMTMkNDgxMzUxIzExIyQxIyQ3IyQ3OSQyNjE0ODEjNDEjJDEjJDgjJDgz,첩약 건강보험 적용 2단계 시범사업
JDQ4MTYyMiM1MSMkMSMkMCMkMTMkNDgxMzUxIzExIyQxIyQ3IyQ3MiQyNjE4MzIjNTEjJDEjJDIjJDgz,첩약 건강보험 적용 2단계 시범사업
JDQ4MTYyMiM1MSMkMSMkMCMkMTMkNDgxMzUxIzIxIyQxIyQ1IyQ4OSQzNjEwMDIjNTEjJDEjJDIjJDgz,첩약 건강보험 적용 2단계 시범사업
JDQ4MTYyMiM1MSMkMSMkMCMkMTMkNDgxMzUxIzIxIyQxIyQ1IyQxMyQzNjE0ODEjNTEjJDEjJDIjJDgz,첩약 건강보험 적용 2단계 시범사업
JDQ4MTYyMiM1MSMkMSMkMCMkMTMkNDgxMzUxIzIxIyQxIyQ5IyQ5OSQzNjEwMDIjNjEjJDEjJDgjJDgz,첩약 건강보험 적용 2단계 시범사업
JDQ4MTYyMiM1MSMkMSMkMCMkMTMkNDgxMzUxIzMxIyQyIyQzIyQwMCQ0NjEwMDIjNTEjJDEjJDIjJDgz,첩약 건강보험 적용 2단계 시범사업
JDQ4MTYyMiM1MSMkMSMkMCMkMTMkNDgxMzUxIzMxIyQxIyQ3IyQ2MiQzNjEyMjIjNDEjJDEjJDgjJDgz,첩약 건강보험 적용 2단계 시범사업
JDQ4MTYyMiM1MSMkMSMkMCMkMTMkNDgxMzUxIzMxIyQxIyQ3IyQ3MiQyNjE4MzIjNjEjJDEjJDAjJDgz,첩약 건강보험 적용 2단계 시범사업
JDQ4MTYyMiM1MSMkMSMkMCMkMTMkNDgxMzUxIzMxIyQxIyQ3IyQ4MiQyNjE4MzIjNDEjJDEjJDgjJDgz,첩약 건강보험 적용 2단계 시범사업
JDQ4MTYyMiM1MSMkMSMkMCMkMTMkNDgxMzUxIzQxIyQxIyQ3IyQ3MiQyNjEyMjIjNTEjJDEjJDIjJDgz,첩약 건강보험 적용 2단계 시범사업
JDQ4MTYyMiM1MSMkMSMkMCMkMTMkNDgxMzUxIzUxIyQxIyQxIyQ3MiQzNjE0ODEjNjEjJDEjJDQjJDgz,첩약 건강보험 적용 2단계 시범사업
JDQ4MTYyMiM1MSMkMSMkMCMkMTMkNDgxMzUxIzUxIyQxIyQ1IyQ5OSQ0NjEwMDIjNDEjJDEjJDgjJDgz,첩약 건강보험 적용 2단계 시범사업
JDQ4MTYyMiM1MSMkMSMkMCMkMTMkNDgxMzUxIzUxIyQxIyQ1IyQ3MiQyNjE0ODEjODEjJDEjJDYjJDgz,첩약 건강보험 적용 2단계 시범사업
JDQ4MTYyMiM1MSMkMSMkMCMkMTMkNDgxOTYxIzExIyQxIyQzIyQ5OSQzNjEwMDIjNjEjJDEjJDgjJDgz,첩약 건강보험 적용 2단계 시범사업
JDQ4MTYyMiM1MSMkMSMkMCMkMTMkNDgxOTYxIzIxIyQxIyQxIyQxMyQyNjEwMDIjNzEjJDEjJDgjJDgz,첩약 건강보험 적용 2단계 시범사업
JDQ4MTYyMiM1MSMkMSMkMCMkMTMkNDgxOTYxIzIxIyQxIyQ1IyQ3MiQzNjEwMDIjNzEjJDEjJDgjJDgz,첩약 건강보험 적용 2단계 시범사업
JDQ4MTYyMiM1MSMkMSMkMCMkMTMkNDgxOTYxIzIxIyQxIyQ1IyQ4MiQyNjE0ODEjNTEjJDEjJDYjJDgz,첩약 건강보험 적용 2단계 시범사업
JDQ4MTYyMiM1MSMkMSMkMCMkMTMkNDgxOTYxIzIxIyQxIyQ1IyQ4MiQyNjEwMDIjNDEjJDEjJDgjJDgz,첩약 건강보험 적용 2단계 시범사업
JDQ4MTYyMiM1MSMkMSMkMCMkMTMkNDgxOTYxIzIxIyQxIyQ1IyQ5MiQzNjEwMDIjNDEjJDEjJDgjJDgz,첩약 건강보험 적용 2단계 시범사업
JDQ4MTYyMiM1MSMkMSMkMCMkMTMkNDgxOTYxIzIxIyQxIyQ1IyQwMyQzNjE0ODEjNDEjJDEjJDgjJDgz,첩약 건강보험 적용 2단계 시범사업
JDQ4MTYyMiM1MSMkMSMkMCMkMTMkNDgxOTYxIzIxIyQxIyQ5IyQ3OSQzNjEwMDIjNzEjJDEjJDgjJDgz,첩약 건강보험 적용 2단계 시범사업
JDQ4MTYyMiM1MSMkMSMkMCMkMTMkNDgxOTYxIzIxIyQyIyQ5IyQwMCQyNjEyMjIjNjEjJDEjJDAjJDgz,첩약 건강보험 적용 2단계 시범사업
JDQ4MTYyMiM1MSMkMSMkMCMkMTMkNDgxOTYxIzIxIyQxIyQ5IyQwMyQyNjEyMjIjNDEjJDEjJDgjJDgz,첩약 건강보험 적용 2단계 시범사업
JDQ4MTYyMiM1MSMkMSMkMCMkMTMkNDgxOTYxIzMxIyQxIyQzIyQ2MiQzNjE0ODEjNjEjJDEjJDAjJDgz,첩약 건강보험 적용 2단계 시범사업
JDQ4MTYyMiM1MSMkMSMkMCMkMTMkNDgxOTYxIzMxIyQxIyQ3IyQ2MiQyNjEwMDIjNjEjJDEjJDgjJDgz,첩약 건강보험 적용 2단계 시범사업
JDQ4MTYyMiM1MSMkMSMkMCMkMTMkNDgxOTYxIzMxIyQxIyQ3IyQ5MiQyNjE4MzIjNjEjJDEjJDAjJDgz,첩약 건강보험 적용 2단계 시범사업
JDQ4MTYyMiM1MSMkMSMkMCMkMTMkNDgxOTYxIzMxIyQxIyQ3IyQ5MiQzNjE0ODEjNTEjJDEjJDIjJDgz,첩약 건강보험 적용 2단계 시범사업
JDQ4MTYyMiM1MSMkMSMkMCMkMTMkNDgxOTYxIzQxIyQyIyQ3IyQwMCQzNjEwMDIjODEjJDEjJDIjJDgz,첩약 건강보험 적용 2단계 시범사업
JDQ4MTYyMiM1MSMkMSMkMCMkMTMkNDgxOTYxIzUxIyQxIyQxIyQ2MiQzNjE0ODEjNTEjJDEjJDYjJDgz,첩약 건강보험 적용 2단계 시범사업
JDQ4MTYyMiM1MSMkMSMkMCMkMTMkNDgxOTYxIzUxIyQxIyQxIyQ5MiQyNjE4MzIjNzEjJDEjJDgjJDgz,첩약 건강보험 적용 2단계 시범사업
JDQ4MTYyMiM1MSMkMSMkMCMkMTMkNDgxOTYxIzUxIyQxIyQxIyQwMyQyNjE0ODEjNDEjJDEjJDQjJDgz,첩약 건강보험 적용 2단계 시범사업
JDQ4MTYyMiM1MSMkMSMkMCMkMTMkNDgxOTYxIzUxIyQxIyQ1IyQ4OSQ0NjE0ODEjNDEjJDEjJDgjJDgz,첩약 건강보험 적용 2단계 시범사업
JDQ4MTYyMiM1MSMkMSMkMCMkMTMkNDgxOTYxIzUxIyQxIyQ1IyQwMyQzNjE0ODEjODEjJDEjJDYjJDgz,첩약 건강보험 적용 2단계 시범사업
JDQ4MTYyMiM1MSMkMSMkMCMkMTMkNDgxMTkxIzExIyQxIyQzIyQ3OSQyNjE0ODEjNjEjJDEjJDgjJDgz,첩약 건강보험 적용 2단계 시범사업
JDQ4MTYyMiM1MSMkMSMkMCMkMTMkNDgxMTkxIzExIyQxIyQzIyQ5OSQzNjEyMjIjNDEjJDEjJDQjJDgz,첩약 건강보험 적용 2단계 시범사업
JDQ4MTYyMiM1MSMkMSMkMCMkMTMkNDgxMTkxIzExIyQxIyQzIyQ3MiQyNjE0ODEjNTEjJDEjJDIjJDgz,첩약 건강보험 적용 2단계 시범사업
JDQ4MTYyMiM1MSMkMSMkMCMkMTMkNDgxMTkxIzExIyQxIyQ3IyQ4OSQyNjEwMDIjODEjJDEjJDIjJDgz,첩약 건강보험 적용 2단계 시범사업
JDQ4MTYyMiM1MSMkMSMkMCMkMTMkNDgxMTkxIzExIyQyIyQ3IyQwMCQyNjE4MzIjODEjJDEjJDYjJDgz,첩약 건강보험 적용 2단계 시범사업
JDQ4MTYyMiM1MSMkMSMkMCMkMTMkNDgxMTkxIzExIyQxIyQ3IyQ2MiQ0NjEwMDIjNjEjJDEjJDQjJDgz,첩약 건강보험 적용 2단계 시범사업
JDQ4MTYyMiM1MSMkMSMkMCMkMTMkNDgxMTkxIzExIyQxIyQ3IyQ5MiQyNjE0ODEjNTEjJDEjJDYjJDgz,첩약 건강보험 적용 2단계 시범사업
JDU4MTI3MSM1MSMkMiMkMCMkMDAkMzgxMzUxIzMxIyQxIyQzIyQxMyQyNjE0ODEjNjEjJDEjJDgjJDgz,비대면진료 시범사업 진료기관(의료기관)
JDU4MTI3MSM1MSMkMiMkMCMkMDAkMzgxOTYxIzExIyQxIyQ3IyQwMyQzNjEyMjIjODEjJDEjJDIjJDgz,비대면진료 시범사업 진료기관(의료기관)
JDU4MTI3MSM1MSMkMiMkMCMkMDAkMzgxOTYxIzMxIyQxIyQ3IyQ5OSQzNjE0ODEjNDEjJDEjJDQjJDgz,비대면진료 시범사업 진료기관(의료기관)
JDU4MTI3MSM1MSMkMiMkMCMkMDAkMzgxMTkxIzExIyQxIyQ3IyQ4MiQyNjE0ODEjNDEjJDEjJDQjJDgz,비대면진료 시범사업 진료기관(의료기관)
JDU4MTI3MSM1MSMkMiMkMCMkMDAkNDgxMzUxIzMxIyQxIyQ3IyQ3MiQyNjEwMDIjNTEjJDEjJDYjJDgz,비대면진료 시범사업 진료기관(의료기관)
JDU4MTI3MSM1MSMkMiMkMCMkMDAkNDgxOTYxIzMxIyQxIyQzIyQ3OSQyNjE4MzIjNTEjJDEjJDIjJDgz,비대면진료 시범사업 진료기관(의료기관)
JDU4MTI3MSM1MSMkMiMkMCMkMDAkNDgxNzAyIzMxIyQxIyQzIyQ3MiQzNjE4MzIjNTEjJDEjJDIjJDgz,비대면진료 시범사업 진료기관(의료기관)
JDU4MTI3MSM1MSMkMiMkMCMkMDAkNTgxMzUxIzUxIyQxIyQ1IyQ3OSQzNjEyMjIjODEjJDEjJDYjJDgz,비대면진료 시범사업 진료기관(의료기관)
JDU4MTI3MSM1MSMkMiMkMCMkMDAkNTgxMzUxIzUxIyQxIyQ1IyQ4MiQyNjE0ODEjNTEjJDEjJDYjJDgz,비대면진료 시범사업 진료기관(의료기관)
JDU4MTI3MSM1MSMkMiMkMCMkMDAkNDgxNzAyIzExIyQxIyQzIyQ5MiQzNjEyMjIjNzEjJDEjJDgjJDgz,제2기 어린이 재활의료기관 시범사업 지정 기관
JDQ4MTYyMiM1MSMkMiMkMCMkMDAkMzgxNzAyIzIxIyQxIyQxIyQ5MiQzNjEyMjIjNjEjJDEjJDQjJDgz,비대면진료 시범사업 진료기관(의료기관)
JDQ4MTYyMiM1MSMkMiMkMCMkMDAkNDgxMzUxIzIxIyQxIyQxIyQ5MiQzNjEwMDIjNTEjJDEjJDIjJDgz,비대면진료 시범사업 진료기관(의료기관)
JDQ4MTYyMiM1MSMkMiMkMCMkMDAkNDgxMzUxIzMxIyQxIyQ3IyQ3MiQzNjE0ODEjNjEjJDEjJDQjJDgz,비대면진료 시범사업 진료기관(의료기관)
JDQ4MTYyMiM1MSMkMiMkMCMkMDAkNDgxNzAyIzIxIyQxIyQxIyQ3OSQyNjEwMDIjNjEjJDEjJDQjJDgz,비대면진료 시범사업 진료기관(의료기관)
JDQ4MTYyMiM1MSMkMiMkMCMkMDAkNTgxMzUxIzIxIyQxIyQ5IyQ3MiQ0NjEwMDIjNjEjJDEjJDQjJDgz,비대면진료 시범사업 진료기관(의료기관)
JDQ4MTYyMiM1MSMkMiMkMCMkMDAkNTgxOTYxIzIxIyQxIyQxIyQ3MiQzNjEwMDIjNjEjJDEjJDQjJDgz,비대면진료 시범사업 진료기관(의료기관)
JDQ4MTYyMiM1MSMkMSMkMCMkMTMkNDgxNzAyIzUxIyQxIyQxIyQwMyQzNjEwMDIjNDEjJDEjJDgjJDgz,비대면진료 시범사업 진료기관(의료기관)
JDU4MTI3MSM1MSMkMiMkMCMkMDAkMzgxMzUxIzUxIyQxIyQ1IyQ4OSQ0NjE0ODEjODEjJDEjJDYjJDgz,비대면진료 시범사업 진료기관(의료기관)
JDU4MTI3MSM1MSMkMiMkMCMkMDAkNDgxMzUxIzIxIyQxIyQxIyQ3OSQ0NjE0ODEjODEjJDEjJDYjJDgz,비대면진료 시범사업 진료기관(의료기관)
JDU4MTI3MSM1MSMkMiMkMCMkMDAkNDgxOTYxIzIxIyQxIyQ5IyQ5MiQyNjE0ODEjNTEjJDEjJDIjJDgz,비대면진료 시범사업 진료기관(의료기관)
JDU4MTI3MSM1MSMkMiMkMCMkMDAkNDgxMTkxIzUxIyQxIyQxIyQ5OSQyNjE4MzIjNDEjJDEjJDgjJDgz,비대면진료 시범사업 진료기관(의료기관)
JDU4MTI3MSM1MSMkMiMkMCMkMDAkNDgxNzAyIzUxIyQxIyQ1IyQ4OSQzNjE0ODEjNjEjJDEjJDAjJDgz,비대면진료 시범사업 진료기관(의료기관)
JDU4MTI3MSM1MSMkMiMkMCMkMDAkNDgxNzAyIzUxIyQxIyQ1IyQwMyQzNjEwMDIjNTEjJDEjJDYjJDgz,비대면진료 시범사업 진료기관(의료기관)
JDU4MTI3MSM1MSMkMiMkMCMkMDAkNTgxMzUxIzExIyQxIyQzIyQwMyQyNjEyMjIjNzEjJDEjJDgjJDgz,비대면진료 시범사업 진료기관(의료기관)
JDU4MTI3MSM1MSMkMiMkMCMkMDAkNTgxMzUxIzMxIyQxIyQzIyQxMyQyNjE0ODEjNDEjJDEjJDQjJDgz,비대면진료 시범사업 진료기관(의료기관)
JDU4MTI3MSM1MSMkMiMkMCMkMDAkNTgxMzUxIzUxIyQxIyQxIyQ3MiQzNjE0ODEjNTEjJDEjJDIjJDgz,비대면진료 시범사업 진료기관(의료기관)
JDU4MTI3MSM1MSMkMSMkMCMkMTMkMzgxNzAyIzIxIyQyIyQxIyQwMCQyNjEyMjIjNTEjJDEjJDYjJDgz,비대면진료 시범사업 진료기관(의료기관)
JDU4MTI3MSM1MSMkMSMkMCMkMTMkNDgxMzUxIzIxIyQxIyQxIyQ3MiQyNjE4MzIjNDEjJDEjJDgjJDgz,비대면진료 시범사업 진료기관(의료기관)
JDU4MTI3MSM1MSMkMSMkMCMkMTMkNDgxMzUxIzQxIyQxIyQ3IyQ4MiQyNjEyMjIjNTEjJDEjJDIjJDgz,비대면진료 시범사업 진료기관(의료기관)
JDQ4MTYyMiM1MSMkMiMkMCMkMDAkMzgxNzAyIzQxIyQxIyQ3IyQ5MiQyNjE0ODEjODEjJDEjJDIjJDgz,비대면진료 시범사업 진료기관(의료기관)
JDQ4MTYyMiM1MSMkMiMkMCMkMDAkNDgxMzUxIzExIyQxIyQzIyQwMyQ0NjEwMDIjNDEjJDEjJDQjJDgz,비대면진료 시범사업 진료기관(의료기관)
JDQ4MTYyMiM1MSMkMiMkMCMkMDAkNDgxMzUxIzUxIyQxIyQxIyQxMyQ0NjE0ODEjNDEjJDEjJDQjJDgz,비대면진료 시범사업 진료기관(의료기관)
JDQ4MTYyMiM1MSMkMiMkMCMkMDAkNDgxOTYxIzMxIyQxIyQ3IyQ4MiQzNjEwMDIjNjEjJDEjJDgjJDgz,비대면진료 시범사업 진료기관(의료기관)
JDQ4MTYyMiM1MSMkMiMkMCMkMDAkNDgxMTkxIzUxIyQxIyQ1IyQ5OSQzNjE0ODEjNTEjJDEjJDYjJDgz,비대면진료 시범사업 진료기관(의료기관)
JDQ4MTYyMiM1MSMkMiMkMCMkMDAkNDgxNzAyIzQxIyQxIyQ3IyQ3OSQzNjEyMjIjODEjJDEjJDIjJDgz,비대면진료 시범사업 진료기관(의료기관)
JDU4MTI3MSM1MSMkMiMkMCMkMDAkMzgxOTYxIzIxIyQxIyQxIyQ5OSQzNjE0ODEjNjEjJDEjJDAjJDgz,비대면진료 시범사업 진료기관(의료기관)
JDU4MTI3MSM1MSMkMiMkMCMkMDAkMzgxOTYxIzIxIyQxIyQxIyQ3MiQzNjE4MzIjNDEjJDEjJDgjJDgz,비대면진료 시범사업 진료기관(의료기관)
JDQ4MTYyMiM1MSMkMiMkMCMkMDAkNTgxOTYxIzQxIyQyIyQ3IyQwMCQzNjE4MzIjODEjJDEjJDYjJDgz,비대면진료 시범사업 진료기관(의료기관)
JDU4MTI3MSM1MSMkMiMkMCMkMDAkNDgxOTYxIzQxIyQyIyQ3IyQwMCQzNjEwMDIjNTEjJDEjJDYjJDgz,비대면진료 시범사업 진료기관(의료기관)
JDU4MTI3MSM1MSMkMiMkMCMkMDAkNTgxMzUxIzMxIyQyIyQzIyQwMCQ0NjEwMDIjNDEjJDEjJDQjJDgz,비대면진료 시범사업 진료기관(의료기관)
JDU4MTI3MSM1MSMkMiMkMCMkMDAkNTgxOTYxIzExIyQxIyQ3IyQ4MiQ0NjE0ODEjNTEjJDEjJDYjJDgz,비대면진료 시범사업 진료기관(의료기관)
JDQ4MTYyMiM1MSMkMiMkMCMkMDAkNDgxMTkxIzIxIyQxIyQ1IyQ2MiQyNjEwMDIjNjEjJDEjJDQjJDgz,비대면진료 시범사업 진료기관(의료기관)
JDQ4MTYyMiM1MSMkMiMkMCMkMDAkNTgxMzUxIzExIyQxIyQzIyQ5OSQyNjEyMjIjNDEjJDEjJDgjJDgz,비대면진료 시범사업 진료기관(의료기관)
JDQ4MTYyMiM1MSMkMiMkMCMkMDAkNTgxMzUxIzQxIyQyIyQ3IyQwMCQzNjEwMDIjNzEjJDEjJDgjJDgz,비대면진료 시범사업 진료기관(의료기관)
JDU4MTI3MSM1MSMkMiMkMCMkMDAkMzgxNzAyIzIxIyQxIyQ5IyQ4OSQzNjEyMjIjNzEjJDEjJDgjJDgz,비대면진료 시범사업 진료기관(의료기관)
JDU4MTI3MSM1MSMkMiMkMCMkMDAkNDgxOTYxIzQxIyQxIyQ3IyQ3MiQyNjE0ODEjNzEjJDEjJDgjJDgz,비대면진료 시범사업 진료기관(의료기관)
JDU4MTI3MSM1MSMkMiMkMCMkMDAkNDgxMTkxIzMxIyQxIyQzIyQ3OSQyNjE0ODEjNTEjJDEjJDYjJDgz,비대면진료 시범사업 진료기관(의료기관)
JDU4MTI3MSM1MSMkMiMkMCMkMDAkNDgxMTkxIzUxIyQxIyQ1IyQ5OSQzNjE0ODEjNjEjJDEjJDgjJDgz,비대면진료 시범사업 진료기관(의료기관)
JDU4MTI3MSM1MSMkMiMkMCMkMDAkNDgxNzAyIzMxIyQxIyQ3IyQ3OSQzNjE0ODEjODEjJDEjJDIjJDgz,비대면진료 시범사업 진료기관(의료기관)
JDU4MTI3MSM1MSMkMiMkMCMkMDAkNTgxMzUxIzQxIyQxIyQ3IyQ5OSQ0NjEwMDIjNjEjJDEjJDQjJDgz,비대면진료 시범사업 진료기관(의료기관)
JDU4MTI3MSM1MSMkMiMkMCMkMDAkNTgxMzUxIzQxIyQxIyQ3IyQ5MiQzNjEwMDIjODEjJDEjJDYjJDgz,비대면진료 시범사업 진료기관(의료기관)
JDU4MTI3MSM1MSMkMiMkMCMkMDAkNTgxOTYxIzIxIyQxIyQ1IyQ5MiQyNjE4MzIjNTEjJDEjJDIjJDgz,비대면진료 시범사업 진료기관(의료기관)
JDU4MTI3MSM1MSMkMiMkMCMkMDAkNTgxOTYxIzIxIyQxIyQ5IyQ4MiQyNjEyMjIjNTEjJDEjJDYjJDgz,비대면진료 시범사업 진료기관(의료기관)
JDU4MTI3MSM1MSMkMSMkMCMkMTMkMzgxNzAyIzExIyQxIyQ3IyQwMyQ0NjE0ODEjNTEjJDEjJDIjJDgz,비대면진료 시범사업 진료기관(의료기관)
JDU4MTI3MSM1MSMkMSMkMCMkMTMkMzgxNzAyIzMxIyQxIyQ3IyQ5MiQyNjE4MzIjNjEjJDEjJDgjJDgz,비대면진료 시범사업 진료기관(의료기관)
JDU4MTI3MSM1MSMkMiMkMCMkMDAkMzgxMTkxIzIxIyQxIyQxIyQ4OSQzNjEyMjIjODEjJDEjJDYjJDgz,비대면진료 시범사업 진료기관(의료기관)
JDQ4MTYyMiM1MSMkMiMkMCMkMDAkMzgxNzAyIzExIyQxIyQ3IyQxMyQzNjE0ODEjNzEjJDEjJDgjJDgz,비대면진료 시범사업 진료기관(의료기관)
JDQ4MTYyMiM1MSMkMiMkMCMkMDAkMzgxNzAyIzIxIyQxIyQ5IyQ4OSQzNjE0ODEjODEjJDEjJDIjJDgz,비대면진료 시범사업 진료기관(의료기관)
JDQ4MTYyMiM1MSMkMiMkMCMkMDAkMzgxNzAyIzUxIyQxIyQxIyQwMyQyNjEwMDIjNDEjJDEjJDQjJDgz,비대면진료 시범사업 진료기관(의료기관)
JDQ4MTYyMiM1MSMkMiMkMCMkMDAkNDgxNzAyIzMxIyQyIyQ3IyQwMCQ0NjE0ODEjNDEjJDEjJDQjJDgz,비대면진료 시범사업 진료기관(의료기관)
JDQ4MTYyMiM1MSMkMiMkMCMkMDAkNTgxOTYxIzIxIyQyIyQxIyQwMCQzNjE0ODEjNTEjJDEjJDIjJDgz,비대면진료 시범사업 진료기관(의료기관)
JDQ4MTYyMiM1MSMkMiMkMCMkMDAkNTgxOTYxIzMxIyQxIyQzIyQ4MiQ0NjE0ODEjNjEjJDEjJDgjJDgz,비대면진료 시범사업 진료기관(의료기관)
JDQ4MTYyMiM1MSMkMiMkMCMkMDAkNTgxOTYxIzUxIyQxIyQ1IyQ5MiQ0NjE0ODEjODEjJDEjJDYjJDgz,비대면진료 시범사업 진료기관(의료기관)
JDQ4MTYyMiM1MSMkMSMkMCMkMTMkNDgxNzAyIzIxIyQxIyQxIyQ3MiQ0NjEwMDIjNjEjJDEjJDAjJDgz,비대면진료 시범사업 진료기관(의료기관)
JDU4MTI3MSM1MSMkMiMkMCMkMDAkMzgxMzUxIzIxIyQxIyQ5IyQ3MiQzNjE0ODEjNTEjJDEjJDYjJDgz,비대면진료 시범사업 진료기관(의료기관)
JDU4MTI3MSM1MSMkMiMkMCMkMDAkMzgxMzUxIzMxIyQxIyQzIyQ5MiQzNjEyMjIjNDEjJDEjJDgjJDgz,비대면진료 시범사업 진료기관(의료기관)
JDU4MTI3MSM1MSMkMiMkMCMkMDAkMzgxOTYxIzExIyQxIyQ3IyQ2MiQzNjE4MzIjNzEjJDEjJDgjJDgz,비대면진료 시범사업 진료기관(의료기관)
JDU4MTI3MSM1MSMkMiMkMCMkMDAkMzgxNzAyIzIxIyQxIyQ1IyQ5MiQyNjE0ODEjNjEjJDEjJDQjJDgz,비대면진료 시범사업 진료기관(의료기관)
JDU4MTI3MSM1MSMkMiMkMCMkMDAkMzgxNzAyIzQxIyQxIyQ3IyQwMyQ0NjE0ODEjNTEjJDEjJDYjJDgz,비대면진료 시범사업 진료기관(의료기관)
JDU4MTI3MSM1MSMkMiMkMCMkMDAkNDgxNzAyIzMxIyQxIyQ3IyQ5MiQyNjE4MzIjNDEjJDEjJDgjJDgz,비대면진료 시범사업 진료기관(의료기관)
JDU4MTI3MSM1MSMkMiMkMCMkMDAkNTgxMzUxIzIxIyQxIyQxIyQxMyQyNjE0ODEjNDEjJDEjJDgjJDgz,비대면진료 시범사업 진료기관(의료기관)
JDU4MTI3MSM1MSMkMiMkMCMkMDAkNTgxOTYxIzIxIyQxIyQxIyQwMyQyNjEwMDIjNzEjJDEjJDgjJDgz,비대면진료 시범사업 진료기관(의료기관)
JDU4MTI3MSM1MSMkMSMkMCMkMTMkNDgxMzUxIzQxIyQxIyQ3IyQ5MiQzNjEwMDIjNjEjJDEjJDAjJDgz,비대면진료 시범사업 진료기관(의료기관)
JDU4MTI3MSM1MSMkMSMkMCMkMTMkNDgxOTYxIzIxIyQxIyQxIyQ4OSQyNjE0ODEjNTEjJDEjJDYjJDgz,비대면진료 시범사업 진료기관(의료기관)
JDQ4MTYyMiM1MSMkMiMkMCMkMDAkNDgxMzUxIzMxIyQyIyQ3IyQwMCQ0NjEwMDIjNDEjJDEjJDgjJDgz,비대면진료 시범사업 진료기관(의료기관)
JDQ4MTYyMiM1MSMkMiMkMCMkMDAkNDgxOTYxIzExIyQxIyQ3IyQ5MiQzNjE0ODEjNTEjJDEjJDYjJDgz,비대면진료 시범사업 진료기관(의료기관)
JDQ4MTYyMiM1MSMkMiMkMCMkMDAkNDgxMTkxIzIxIyQxIyQxIyQ5MiQ0NjEwMDIjNjEjJDEjJDgjJDgz,비대면진료 시범사업 진료기관(의료기관)
JDQ4MTYyMiM1MSMkMiMkMCMkMDAkNDgxMTkxIzIxIyQxIyQ1IyQ2MiQ0NjE0ODEjNTEjJDEjJDIjJDgz,비대면진료 시범사업 진료기관(의료기관)
JDQ4MTYyMiM1MSMkMiMkMCMkMDAkNTgxMzUxIzQxIyQxIyQ3IyQ5MiQzNjE0ODEjODEjJDEjJDIjJDgz,비대면진료 시범사업 진료기관(의료기관)
JDQ4MTYyMiM1MSMkMiMkMCMkMDAkNTgxMzUxIzUxIyQxIyQ1IyQ5MiQzNjEwMDIjODEjJDEjJDYjJDgz,비대면진료 시범사업 진료기관(의료기관)
JDU4MTI3MSM1MSMkMiMkMCMkMDAkMzgxOTYxIzUxIyQxIyQxIyQwMyQyNjE4MzIjODEjJDEjJDIjJDgz,비대면진료 시범사업 진료기관(의료기관)
JDU4MTI3MSM1MSMkMiMkMCMkMDAkMzgxMTkxIzUxIyQxIyQ1IyQ5MiQzNjEyMjIjNzEjJDEjJDgjJDgz,비대면진료 시범사업 진료기관(의료기관)
JDU4MTI3MSM1MSMkMiMkMCMkMDAkMzgxNzAyIzExIyQxIyQzIyQ3OSQyNjE4MzIjNDEjJDEjJDQjJDgz,비대면진료 시범사업 진료기관(의료기관)
JDU4MTI3MSM1MSMkMiMkMCMkMDAkMzgxNzAyIzIxIyQyIyQ5IyQwMCQyNjE4MzIjNzEjJDEjJDgjJDgz,비대면진료 시범사업 진료기관(의료기관)
JDU4MTI3MSM1MSMkMiMkMCMkMDAkNDgxMzUxIzIxIyQxIyQxIyQ3MiQyNjE4MzIjNjEjJDEjJDAjJDgz,비대면진료 시범사업 진료기관(의료기관)
JDU4MTI3MSM1MSMkMiMkMCMkMDAkNDgxMzUxIzMxIyQxIyQzIyQ3OSQyNjE4MzIjNzEjJDEjJDgjJDgz,비대면진료 시범사업 진료기관(의료기관)
JDU4MTI3MSM1MSMkMiMkMCMkMDAkNDgxOTYxIzQxIyQxIyQ3IyQ4OSQyNjEwMDIjNjEjJDEjJDgjJDgz,비대면진료 시범사업 진료기관(의료기관)
JDU4MTI3MSM1MSMkMiMkMCMkMDAkNDgxOTYxIzQxIyQxIyQ3IyQxMyQyNjEwMDIjNjEjJDEjJDAjJDgz,비대면진료 시범사업 진료기관(의료기관)
JDU4MTI3MSM1MSMkMiMkMCMkMDAkNDgxOTYxIzUxIyQxIyQxIyQ3OSQzNjEyMjIjNjEjJDEjJDgjJDgz,비대면진료 시범사업 진료기관(의료기관)
JDU4MTI3MSM1MSMkMiMkMCMkMDAkNDgxMTkxIzIxIyQxIyQ1IyQ5MiQ0NjEwMDIjNjEjJDEjJDQjJDgz,비대면진료 시범사업 진료기관(의료기관)
JDU4MTI3MSM1MSMkMiMkMCMkMDAkNDgxNzAyIzUxIyQyIyQ1IyQwMCQyNjE0ODEjNjEjJDEjJDgjJDgz,비대면진료 시범사업 진료기관(의료기관)
JDU4MTI3MSM1MSMkMiMkMCMkMDAkNTgxMzUxIzExIyQxIyQ3IyQ5OSQ0NjE0ODEjODEjJDEjJDYjJDgz,비대면진료 시범사업 진료기관(의료기관)
JDU4MTI3MSM1MSMkMiMkMCMkMDAkNTgxMzUxIzIxIyQxIyQ5IyQ4MiQ0NjEwMDIjNjEjJDEjJDQjJDgz,비대면진료 시범사업 진료기관(의료기관)
JDU4MTI3MSM1MSMkMSMkMCMkMTMkMzgxNzAyIzIxIyQxIyQxIyQxMyQzNjEwMDIjNDEjJDEjJDgjJDgz,비대면진료 시범사업 진료기관(의료기관)
JDU4MTI3MSM1MSMkMiMkMCMkMDAkMzgxMTkxIzUxIyQxIyQ1IyQxMyQyNjE4MzIjNzEjJDEjJDgjJDgz,비대면진료 시범사업 진료기관(의료기관)
JDU4MTI3MSM1MSMkMiMkMCMkMDAkMzgxNzAyIzMxIyQxIyQzIyQ2MiQzNjE0ODEjODEjJDEjJDYjJDgz,비대면진료 시범사업 진료기관(의료기관)
JDU4MTI3MSM1MSMkMiMkMCMkMDAkMzgxNzAyIzQxIyQxIyQ3IyQxMyQ0NjEwMDIjODEjJDEjJDYjJDgz,비대면진료 시범사업 진료기관(의료기관)
JDU4MTI3MSM1MSMkMiMkMCMkMDAkNDgxMzUxIzExIyQxIyQ3IyQ4OSQyNjEyMjIjNDEjJDEjJDgjJDgz,비대면진료 시범사업 진료기관(의료기관)
JDU4MTI3MSM1MSMkMiMkMCMkMDAkNDgxMzUxIzIxIyQxIyQxIyQ3OSQzNjEyMjIjNTEjJDEjJDIjJDgz,비대면진료 시범사업 진료기관(의료기관)
JDU4MTI3MSM1MSMkMiMkMCMkMDAkNDgxMzUxIzMxIyQxIyQ3IyQ5OSQzNjEwMDIjNjEjJDEjJDAjJDgz,비대면진료 시범사업 진료기관(의료기관)
JDU4MTI3MSM1MSMkMiMkMCMkMDAkNDgxOTYxIzExIyQxIyQzIyQxMyQzNjE4MzIjODEjJDEjJDYjJDgz,비대면진료 시범사업 진료기관(의료기관)
JDU4MTI3MSM1MSMkMiMkMCMkMDAkNDgxOTYxIzIxIyQyIyQxIyQwMCQyNjE4MzIjNjEjJDEjJDQjJDgz,비대면진료 시범사업 진료기관(의료기관)
JDU4MTI3MSM1MSMkMiMkMCMkMDAkNDgxOTYxIzMxIyQxIyQ3IyQ5MiQzNjE4MzIjNTEjJDEjJDIjJDgz,비대면진료 시범사업 진료기관(의료기관)
JDU4MTI3MSM1MSMkMiMkMCMkMDAkNDgxMTkxIzMxIyQxIyQzIyQ5MiQzNjEyMjIjNTEjJDEjJDYjJDgz,비대면진료 시범사업 진료기관(의료기관)
JDU4MTI3MSM1MSMkMiMkMCMkMDAkNDgxMTkxIzMxIyQxIyQ3IyQ5MiQzNjE0ODEjNTEjJDEjJDYjJDgz,비대면진료 시범사업 진료기관(의료기관)
JDU4MTI3MSM1MSMkMiMkMCMkMDAkNDgxNzAyIzMxIyQxIyQzIyQ4MiQyNjEwMDIjNDEjJDEjJDgjJDgz,비대면진료 시범사업 진료기관(의료기관)
JDU4MTI3MSM1MSMkMiMkMCMkMDAkNDgxNzAyIzUxIyQxIyQxIyQ5OSQzNjE4MzIjNDEjJDEjJDQjJDgz,비대면진료 시범사업 진료기관(의료기관)
JDQ4MTYyMiM1MSMkMiMkMCMkMDAkMzgxMTkxIzQxIyQxIyQ3IyQ5OSQyNjEyMjIjNTEjJDEjJDIjJDgz,비대면진료 시범사업 진료기관(의료기관)
JDQ4MTYyMiM1MSMkMiMkMCMkMDAkNDgxMzUxIzUxIyQxIyQ1IyQxMyQzNjE4MzIjODEjJDEjJDIjJDgz,비대면진료 시범사업 진료기관(의료기관)
JDQ4MTYyMiM1MSMkMiMkMCMkMDAkNTgxMzUxIzMxIyQxIyQzIyQ4OSQyNjEwMDIjNzEjJDEjJDgjJDgz,비대면진료 시범사업 진료기관(의료기관)
JDQ4MTYyMiM1MSMkMiMkMCMkMDAkNTgxMzUxIzMxIyQxIyQ3IyQxMyQyNjEyMjIjNDEjJDEjJDQjJDgz,비대면진료 시범사업 진료기관(의료기관)
JDQ4MTYyMiM1MSMkMSMkMCMkNzIkNTgxOTYxIzExIyQxIyQzIyQ5OSQ0NjE0ODEjNjEjJDEjJDAjJDgz,비대면진료 시범사업 진료기관(의료기관)
