암호화요양기호,주소
JDU4MTI3MSM1MSMkMiMkMCMkMDAkNTgxOTYxIzIxIyQxIyQxIyQwMyQyNjEwMDIjNzEjJDEjJDgjJDgz,"경기도 성남시 수정구 위례서일로 46, 위례엘포트한라비발디 208동 210층 (창곡동)"
JDQ4MTYyMiM1MSMkMSMkMCMkOTkkMzgxOTYxIzIxIyQyIyQxIyQwMCQ0NjE0ODEjNzEjJDEjJDgjJDgz,"경기도 성남시 수정구 성남대로 1219, 지층~5층 (수진동)"
JDU4MTI3MSM1MSMkMSMkMCMkMTMkNDgxMzUxIzUxIyQxIyQxIyQ5MiQ0NjEwMDIjNTEjJDEjJDYjJDgz,"경기도 성남시 분당구 황새울로360번길 21, 402~403호 (서현동)"
JDU4MTI3MSM1MSMkMiMkMCMkMDAkNTgxMzUxIzUxIyQxIyQ1IyQ3OSQzNjE0ODEjNTEjJDEjJDIjJDgz,"경기도 성남시 분당구 대왕판교로606번길 58, 판교푸르지오월드마크 2-46호 (삼평동)"
JDU4MTI3MSM1MSMkMiMkMCMkMDAkNTgxMzUxIzIxIyQxIyQ1IyQxMyQyNjEyMjIjNTEjJDEjJDYjJDgz,"경기도 성남시 수정구 수정로 291, 산성역포레스티아아파트 503,508호 (신흥동)"
JDU4MTI3MSM1MSMkMSMkMCMkMTMkMzgxNzAyIzUxIyQyIyQxIyQwMCQyNjEwMDIjNTEjJDEjJDYjJDgz,"경기도 성남시 분당구 내정로165번길 50, 206호 (수내동, 크리스탈빌딩)"
JDQ4MTYyMiM1MSMkMSMkMCMkMTMkNDgxNzAyIzUxIyQxIyQ1IyQwMyQzNjE4MzIjNjEjJDEjJDAjJDgz,"경기도 성남시 수정구 위례순환로 130, 2단지상가동 2층 201호 (창곡동, 아트리버푸르지오)"
JDU4MTI3MSM1MSMkMiMkMCMkMDAkNDgxMzUxIzUxIyQxIyQ1IyQxMyQ0NjE0ODEjODEjJDEjJDYjJDgz,"경기도 성남시 분당구 돌마로 43, 메디파크빌딩 501, 601, 701(일부)호 (금곡동)"
JDU4MTI3MSM1MSMkMiMkMCMkMDAkNDgxOTYxIzExIyQxIyQzIyQ2MiQzNjE0ODEjODEjJDEjJDIjJDgz,"경기도 성남시 분당구 황새울로351번길 10, 여암빌딩 2층 일부호 (서현동)"
JDU4MTI3MSM1MSMkMiMkMCMkMDAkMzgxOTYxIzUxIyQxIyQ1IyQxMyQzNjEwMDIjODEjJDEjJDIjJDgz,"경기도 성남시 분당구 야탑로81번길 10, 분당아미고타워 604, 605호 (야탑동)"
JDU4MTI3MSM1MSMkMiMkMCMkMDAkNTgxMzUxIzUxIyQxIyQ1IyQ3MiQ0NjE0ODEjNDEjJDEjJDgjJDgz,"경기도 성남시 분당구 돌마로 68, 분당프라자 603호 (구미동)"
JDQ4MTYyMiM1MSMkMSMkMCMkNzIkNTgxOTYxIzIxIyQxIyQxIyQ3OSQ0NjEwMDIjNDEjJDEjJDgjJDgz,"경기도 성남시 분당구 판교로255번길 9-22, 226호 (삼평동, 판교 우림 W-CITY)"
JDQ4MTYyMiM1MSMkMiMkMCMkMDAkMzgxMTkxIzUxIyQxIyQxIyQ5MiQyNjEyMjIjNjEjJDEjJDQjJDgz,"경기도 성남시 분당구 성남대로 926, 508호 (야탑동, 분당메트로빌딩)"
JDQ4MTYyMiM1MSMkMiMkMCMkMDAkNDgxOTYxIzIxIyQxIyQ1IyQ2MiQzNjEwMDIjNTEjJDEjJDIjJDgz,"경기도 성남시 분당구 판교로 435, 동양프라자 304호 (야탑동)"
JDQ4MTYyMiM1MSMkMiMkMCMkMDAkNDgxMzUxIzUxIyQyIyQ1IyQwMCQzNjE4MzIjNjEjJDEjJDAjJDgz,"경기도 성남시 분당구 판교로 442, 402호 (이매동, 우일프라자)"
JDQ4MTYyMiM1MSMkMiMkMCMkMDAkNDgxMzUxIzQxIyQxIyQ3IyQ3OSQ0NjE0ODEjODEjJDEjJDIjJDgz,"경기도 성남시 수정구 수정로 181, (태평동, 성남빌딩)"
JDQ4MTYyMiM1MSMkMiMkMCMkMDAkNDgxOTYxIzExIyQxIyQ3IyQxMyQzNjEwMDIjNjEjJDEjJDgjJDgz,"경기도 성남시 분당구 성남대로 926, 510호 (야탑동, 메트로빌딩)"
JDQ4MTYyMiM1MSMkMiMkMCMkMDAkNDgxOTYxIzUxIyQxIyQxIyQ3OSQyNjE0ODEjNjEjJDEjJDAjJDgz,"경기도 성남시 수정구 복정로 127-1, 2층 (복정동)"
JDQ4MTYyMiM1MSMkMiMkMCMkMDAkNDgxNzAyIzIxIyQxIyQ1IyQ3MiQ0NjE0ODEjNjEjJDEjJDQjJDgz,"경기도 성남시 수정구 산성대로 247, 3층 (신흥동)"
JDQ4MTYyMiM1MSMkMSMkMCMkNzIkMzgxMzUxIzIxIyQxIyQxIyQxMyQzNjEyMjIjNTEjJDEjJDIjJDgz,"경기도 성남시 수정구 수정로 194, 2층 (신흥동)"
JDQ4MTYyMiM1MSMkMSMkMCMkNzIkMzgxMzUxIzIxIyQxIyQ5IyQ5MiQyNjEyMjIjODEjJDEjJDIjJDgz,"경기도 성남시 수정구 산성대로 331, 2층 (신흥동, 한신프라자)"
JDQ4MTYyMiM1MSMkMSMkMCMkNzIkMzgxOTYxIzMxIyQxIyQ3IyQ2MiQ0NjEwMDIjNDEjJDEjJDgjJDgz,"경기도 성남시 분당구 불정로376번길 37, 303호 (서현동, 범한프라자)"
JDQ4MTYyMiM1MSMkMSMkMCMkNzIkMzgxOTYxIzIxIyQxIyQ5IyQ3MiQzNjEyMjIjNDEjJDEjJDgjJDgz,"경기도 성남시 분당구 내정로 29, 203,204호 (정자동, 금곡프라자)"
JDQ4MTYyMiM1MSMkMiMkMCMkMDAkNDgxOTYxIzMxIyQxIyQ3IyQ4MiQzNjEwMDIjNjEjJDEjJDgjJDgz,"경기도 성남시 분당구 서판교로 36, 3층 일부호 (판교동, 화령빌딩)"
JDQ4MTYyMiM1MSMkMSMkMCMkNzIkMzgxMTkxIzIxIyQxIyQ5IyQ3MiQyNjE0ODEjODEjJDEjJDIjJDgz,"경기도 성남시 분당구 불정로 260, 302호 304호 (수내동, 장터조합상가)"
JDQ4MTYyMiM1MSMkMSMkMCMkNzIkNDgxMTkxIzIxIyQyIyQ5IyQwMCQzNjEwMDIjNjEjJDEjJDgjJDgz,"경기도 성남시 수정구 복정로 77, 2층 (복정동)"
JDQ4MTYyMiM1MSMkMSMkMCMkNzIkMzgxNzAyIzIxIyQxIyQ5IyQ5MiQzNjE0ODEjNDEjJDEjJDgjJDgz,"경기도 성남시 중원구 성남대로 1124, 4층 (성남동)"
JDQ4MTYyMiM1MSMkMSMkMCMkMTMkNDgxMTkxIzMxIyQxIyQzIyQ5MiQ0NjEwMDIjNTEjJDEjJDIjJDgz,"경기도 성남시 분당구 미금로 39, 로얄프라자 303호 (구미동)"
JDQ4MTYyMiM1MSMkMSMkMCMkNzIkMzgxMTkxIzExIyQxIyQzIyQ4MiQyNjE4MzIjNjEjJDEjJDAjJDgz,"경기도 성남시 중원구 금상로 60, 우림빌딩 6층 (상대원동)"
JDQ4MTYyMiM1MSMkMSMkMCMkNzIkMzgxNzAyIzIxIyQxIyQ5IyQ4MiQ0NjE0ODEjNjEjJDEjJDgjJDgz,"경기도 성남시 분당구 황새울로 332, 분당문화센터 6층 일부호 (서현동)"
JDU4MTI3MSM1MSMkMSMkMCMkMTMkNDgxOTYxIzIxIyQxIyQ5IyQ5MiQyNjEyMjIjNjEjJDEjJDgjJDgz,"경기도 성남시 분당구 판교역로 230, 삼환하이펙스B동 지1층 B-106호 (삼평동)"
JDQ4MTYyMiM1MSMkMSMkMCMkNzIkNDgxNzAyIzUxIyQxIyQxIyQwMyQzNjE4MzIjNDEjJDEjJDQjJDgz,"경기도 성남시 수정구 성남대로 1330, 일성오퍼스원 2층 201,202,203호 (태평동)"
JDQ4MTYyMiM1MSMkMSMkMCMkNzIkNTgxMzUxIzIxIyQxIyQ5IyQ2MiQyNjE0ODEjNTEjJDEjJDYjJDgz,"경기도 성남시 수정구 위례동로 147, 2층 204호 (창곡동, 위례건아타워)"
JDU4MTI3MSM1MSMkMSMkMCMkMTMkNDgxOTYxIzIxIyQxIyQ5IyQ5MiQyNjE4MzIjNjEjJDEjJDAjJDgz,"경기도 성남시 분당구 방아로 9, MI-RAE B/D 2층 (이매동)"
JDQ4MTYyMiM1MSMkMSMkMCMkNzIkNTgxMzUxIzUxIyQxIyQ1IyQ5MiQzNjE4MzIjNjEjJDEjJDAjJDgz,"경기도 성남시 분당구 내정로173번길 1, 2층 (수내동, 한국상업은행)"
JDQ4MTYyMiM1MSMkMSMkMCMkNzIkNTgxMzUxIzQxIyQxIyQ3IyQ4MiQ0NjE0ODEjNTEjJDEjJDIjJDgz,"경기도 성남시 분당구 운중로 249, 501호 (판교동)"
JDU4MTI3MSM1MSMkMSMkMCMkMTMkNDgxOTYxIzIxIyQxIyQ5IyQ5MiQyNjE0ODEjNDEjJDEjJDQjJDgz,"경기도 성남시 중원구 성남대로 1115, 모란시티 206,207호 (성남동)"
JDQ4MTYyMiM1MSMkMSMkMCMkOTkkMzgxOTYxIzExIyQxIyQzIyQ4MiQyNjEyMjIjNzEjJDEjJDgjJDgz,"경기도 성남시 수정구 성남대로 1171, 삼성화재빌딩 1층일부, 2~9층 (수진동)"
JDQ4MTYyMiM1MSMkMSMkMCMkOTkkNTgxMzUxIzQxIyQxIyQ3IyQ3MiQyNjE4MzIjNDEjJDEjJDgjJDgz,"경기도 성남시 수정구 성남대로 1270-1, 성남대로 1262, 11-12층  (태평동)"
JDQ4MTYyMiM1MSMkMiMkMCMkMDAkMzgxMTkxIzIxIyQxIyQ1IyQxMyQzNjEwMDIjNTEjJDEjJDIjJDgz,"경기도 성남시 수정구 수정로 188, 2층 (신흥동)"
JDQ4MTYyMiM1MSMkMSMkMCMkMTMkNDgxMzUxIzUxIyQxIyQxIyQwMyQzNjE4MzIjNDEjJDEjJDgjJDgz,"경기도 성남시 분당구 새마을로177번길 81, (율동)"
JDQ4MTYyMiM1MSMkMSMkMCMkMTMkNDgxMzUxIzMxIyQxIyQ3IyQ4MiQyNjE4MzIjNDEjJDEjJDgjJDgz,"경기도 성남시 분당구 돌마로90번길 4, 엘레강스프라자1동 203호 (구미동)"
JDU4MTI3MSM1MSMkMiMkMCMkMDAkNTgxOTYxIzExIyQxIyQ3IyQ5OSQ0NjEwMDIjNTEjJDEjJDIjJDgz,"경기도 성남시 분당구 서현로321번길 10, 2층 일부호 (서현동)"
JDQ4MTYyMiM1MSMkMSMkMCMkMTMkNDgxMTkxIzIxIyQxIyQ1IyQxMyQ0NjE0ODEjNjEjJDEjJDgjJDgz,"경기도 성남시 수정구 위례동로 135, 4층 401호 (창곡동, 신성위캐슬타워)"
JDQ4MTYyMiM1MSMkMSMkMCMkMTMkNDgxMTkxIzIxIyQxIyQ5IyQ5OSQyNjEwMDIjNjEjJDEjJDAjJDgz,"경기도 성남시 분당구 미금로 48, 205호 (구미동, 오성프라자)"
JDQ4MTYyMiM1MSMkMSMkMCMkMTMkNDgxNzAyIzMxIyQxIyQzIyQwMyQyNjEyMjIjODEjJDEjJDIjJDgz,"경기도 성남시 분당구 내정로174번길 6, 301~302호 (수내동, 한올제약상가)"
JDQ4MTYyMiM1MSMkMSMkMCMkMTMkNDgxNzAyIzMxIyQxIyQ3IyQ3OSQyNjEyMjIjNjEjJDEjJDgjJDgz,"경기도 성남시 수정구 수정로 71, 2층 (태평동)"
JDU4MTI3MSM1MSMkMSMkMCMkMTMkNDgxOTYxIzMxIyQxIyQzIyQ3MiQzNjE4MzIjODEjJDEjJDYjJDgz,"경기도 성남시 분당구 성남대로 168, 미도프라자 804,804-1호 (금곡동)"
JDU4MTI3MSM1MSMkMiMkMCMkMDAkNDgxOTYxIzUxIyQxIyQxIyQ3OSQzNjEyMjIjNjEjJDEjJDgjJDgz,"경기도 성남시 분당구 운중로 115, 502호 (운중동)"
JDU4MTI3MSM1MSMkMiMkMCMkMDAkNTgxMzUxIzUxIyQxIyQ1IyQ4MiQyNjE0ODEjNTEjJDEjJDYjJDgz,"경기도 성남시 분당구 장미로 101, 1202호 (야탑동, 장미마을 근린상가)"
JDQ4MTYyMiM1MSMkMSMkMCMkMTMkMzgxNzAyIzMxIyQxIyQzIyQ2MiQ0NjEwMDIjNjEjJDEjJDAjJDgz,"경기도 성남시 중원구 둔촌대로 106, 3층 (하대원동)"
JDQ4MTYyMiM1MSMkMSMkMCMkNzIkNTgxOTYxIzIxIyQxIyQxIyQ4MiQzNjEyMjIjNDEjJDEjJDQjJDgz,"경기도 성남시 수정구 위례광장로 300, 창곡동 509번지 7층 707호 (창곡동)"
JDU4MTI3MSM1MSMkMiMkMCMkMDAkNTgxMzUxIzUxIyQxIyQ1IyQ5MiQyNjE0ODEjNDEjJDEjJDgjJDgz,"경기도 성남시 분당구 분당로53번길 12, 서현나산플라자 5층 (서현동)"
JDU4MTI3MSM1MSMkMiMkMCMkMDAkNTgxMzUxIzUxIyQxIyQ1IyQ5MiQ0NjEwMDIjNjEjJDEjJDAjJDgz,"경기도 성남시 수정구 위례광장로 5, 남위례역아이파크 309,310일부호 (창곡동)"
JDQ4MTYyMiM1MSMkMSMkMCMkNzIkNTgxMzUxIzIxIyQxIyQ5IyQ3OSQzNjEyMjIjNTEjJDEjJDYjJDgz,"경기도 성남시 분당구 돌마로 75, 미금프라자 3층 303호 (금곡동)"
JDQ4MTYyMiM1MSMkMSMkMCMkOTkkMzgxOTYxIzIxIyQxIyQxIyQ5OSQyNjE4MzIjODEjJDEjJDYjJDgz,"경기도 성남시 분당구 매화로 39, 광명조합상가 2~5층 (야탑동)"
JDU4MTI3MSM1MSMkMiMkMCMkMDAkNDgxNzAyIzMxIyQxIyQzIyQ3MiQzNjE4MzIjNTEjJDEjJDIjJDgz,"경기도 성남시 수정구 수정로 291, 상가1동 108,109,112호 (신흥동)"
JDU4MTI3MSM1MSMkMiMkMCMkMDAkNTgxOTYxIzExIyQxIyQ3IyQ3MiQyNjE4MzIjNjEjJDEjJDQjJDgz,"경기도 성남시 분당구 성남대로916번길 11, 글라스타워 201-4호 (야탑동)"
JDQ4MTYyMiM1MSMkMSMkMCMkNzIkMzgxMzUxIzMxIyQxIyQ3IyQwMyQzNjEwMDIjNTEjJDEjJDIjJDgz,"경기도 성남시 수정구 수정로 346, 3층 (산성동)"
JDU4MTI3MSM1MSMkMiMkMCMkMDAkNTgxOTYxIzExIyQxIyQ3IyQ5MiQzNjE0ODEjODEjJDEjJDIjJDgz,"경기도 성남시 분당구 돌마로 68, 분당프라자 202호 (구미동)"
JDQ4MTYyMiM1MSMkMSMkMCMkOTkkNTgxMzUxIzIxIyQxIyQ1IyQ4OSQzNjE0ODEjNjEjJDEjJDAjJDgz,"경기도 성남시 중원구 도촌로8번길 34, (도촌동)"
JDQ4MTYyMiM1MSMkMSMkMCMkOTkkNTgxMzUxIzUxIyQxIyQxIyQ3OSQ0NjE0ODEjNDEjJDEjJDgjJDgz,"경기도 성남시 수정구 위례광장로 9-9, 3층 일부, 4층 (창곡동)"
JDU4MTI3MSM1MSMkMiMkMCMkMDAkNTgxMzUxIzUxIyQxIyQ1IyQ3MiQyNjE4MzIjNDEjJDEjJDgjJDgz,"경기도 성남시 수정구 위례광장로 322, 아이플렉스 205-206호 (창곡동)"
JDQ4MTYyMiM1MSMkMSMkMCMkNzIkNDgxNzAyIzMxIyQxIyQ3IyQ3OSQzNjEyMjIjNDEjJDEjJDgjJDgz,"경기도 성남시 수정구 산성대로 529-1, 2층 (양지동)"
JDQ4MTYyMiM1MSMkMSMkMCMkNzIkNTgxMzUxIzMxIyQxIyQzIyQwMyQzNjEyMjIjODEjJDEjJDIjJDgz,"경기도 성남시 수정구 산성대로 267, 501, 502, 535호 (신흥동)"
JDQ4MTYyMiM1MSMkMiMkMCMkMDAkMzgxMTkxIzIxIyQxIyQxIyQxMyQyNjE4MzIjNDEjJDEjJDQjJDgz,"경기도 성남시 중원구 금상로 7, (상대원동)"
JDQ4MTYyMiM1MSMkMSMkMCMkMTMkNDgxNzAyIzExIyQyIyQ3IyQwMCQzNjE0ODEjNTEjJDEjJDIjJDgz,"경기도 성남시 수정구 산성대로 305, 2층 215,216,217호 (신흥동, 삼부르네상스파크Ⅱ)"
JDQ4MTYyMiM1MSMkMiMkMCMkMDAkMzgxNzAyIzExIyQxIyQ3IyQ2MiQ0NjEwMDIjNDEjJDEjJDgjJDgz,"경기도 성남시 중원구 광명로 339, 2층 (금광동)"
JDQ4MTYyMiM1MSMkMiMkMCMkMDAkMzgxNzAyIzIxIyQxIyQxIyQ5OSQ0NjEwMDIjNTEjJDEjJDYjJDgz,"경기도 성남시 분당구 야탑로81번길 10, 308호 (야탑동, 분당아미고타워)"
JDQ4MTYyMiM1MSMkMiMkMCMkMDAkNDgxMzUxIzMxIyQyIyQ3IyQwMCQ0NjEwMDIjNDEjJDEjJDgjJDgz,"경기도 성남시 분당구 돌마로90번길 4, 305호 (구미동, 엘레강스프라자)"
JDQ4MTYyMiM1MSMkMiMkMCMkMDAkNDgxMzUxIzExIyQxIyQ3IyQ3OSQyNjEwMDIjNTEjJDEjJDIjJDgz,"경기도 성남시 분당구 내정로17번길 2, 4005호 (정자동, 한솔프라자)"
JDQ4MTYyMiM1MSMkMiMkMCMkMDAkNDgxMzUxIzIxIyQxIyQ1IyQ2MiQ0NjEwMDIjNDEjJDEjJDQjJDgz,"경기도 성남시 중원구 희망로 340, 2층 (상대원동)"
JDQ4MTYyMiM1MSMkMiMkMCMkMDAkNDgxMzUxIzUxIyQxIyQ1IyQ3MiQzNjEwMDIjNTEjJDEjJDIjJDgz,"경기도 성남시 분당구 돌마로 87, 306~307호 (금곡동, 골드프라자)"
JDQ4MTYyMiM1MSMkMiMkMCMkMDAkNDgxOTYxIzExIyQxIyQ3IyQ4MiQ0NjEwMDIjNzEjJDEjJDgjJDgz,"경기도 성남시 분당구 미금일로 55, 201호 (구미동, 하얀마을6단지상가동)"
JDQ4MTYyMiM1MSMkMiMkMCMkMDAkNDgxOTYxIzIxIyQxIyQ1IyQ3OSQyNjE4MzIjNzEjJDEjJDgjJDgz,"경기도 성남시 분당구 미금로 48, 305호 (구미동, 오성프라자)"
JDU4MTI3MSM1MSMkMiMkMCMkMDAkNDgxOTYxIzIxIyQyIyQ1IyQwMCQ0NjEwMDIjNDEjJDEjJDgjJDgz,"경기도 성남시 분당구 황새울로360번길 21, 분당서현신영팰리스타워 301호 (서현동)"
JDQ4MTYyMiM1MSMkMiMkMCMkMDAkNDgxOTYxIzQxIyQxIyQ3IyQwMyQzNjE0ODEjODEjJDEjJDYjJDgz,"경기도 성남시 중원구 산성대로 576, 3,4층 (은행동)"
JDQ4MTYyMiM1MSMkMiMkMCMkMDAkMzgxNzAyIzMxIyQxIyQ3IyQxMyQzNjE4MzIjNTEjJDEjJDYjJDgz,"경기도 성남시 분당구 성남대로 385, 301호 302호 (정자동, 분당클리닉)"
JDU4MTI3MSM1MSMkMiMkMCMkMDAkNTgxOTYxIzIxIyQxIyQxIyQxMyQzNjE0ODEjODEjJDEjJDYjJDgz,"경기도 성남시 중원구 광명로 319, 3층 (금광동)"
JDU4MTI3MSM1MSMkMiMkMCMkMDAkNTgxOTYxIzExIyQxIyQ3IyQxMyQzNjEwMDIjNDEjJDEjJDgjJDgz,"경기도 성남시 분당구 돌마로 67, 금산젬월드 103호 (금곡동)"
JDU4MTI3MSM1MSMkMiMkMCMkMDAkNTgxOTYxIzExIyQxIyQ3IyQxMyQzNjEyMjIjODEjJDEjJDYjJDgz,"경기도 성남시 분당구 돌마로 52, MD프라자 201호 (구미동)"
JDU4MTI3MSM1MSMkMiMkMCMkMDAkNTgxOTYxIzExIyQxIyQzIyQ4OSQzNjEyMjIjNjEjJDEjJDAjJDgz,"경기도 성남시 분당구 판교역로 136, 1103,1104호 (백현동)"
JDU4MTI3MSM1MSMkMiMkMCMkMDAkNTgxOTYxIzExIyQxIyQ3IyQxMyQ0NjEwMDIjNTEjJDEjJDYjJDgz,"경기도 성남시 분당구 돌마로 73, 우방코아 4층 401호 (금곡동)"
JDQ4MTYyMiM1MSMkMSMkMCMkNjIkMzgxMzUxIzExIyQxIyQ3IyQ3OSQyNjEyMjIjNTEjJDEjJDYjJDgz,"경기도 성남시 분당구 황새울로258번길 37, 흥국생명빌딩 2층 (수내동)"
JDQ4MTYyMiM1MSMkMSMkMCMkNzIkNTgxOTYxIzIxIyQxIyQxIyQ5MiQyNjE4MzIjNTEjJDEjJDIjJDgz,"경기도 성남시 분당구 성남대로 934, 궁전프라자2 3층 302호 (야탑동)"
JDQ4MTYyMiM1MSMkMSMkMCMkNjIkMzgxMzUxIzExIyQyIyQ3IyQwMCQzNjEyMjIjODEjJDEjJDIjJDgz,"경기도 성남시 분당구 황새울로258번길 37, 흥국생명빌딩 2층 (수내동)"
JDQ4MTYyMiM1MSMkMSMkMCMkNjIkMzgxMzUxIzExIyQxIyQzIyQ5OSQyNjE0ODEjNjEjJDEjJDQjJDgz,"경기도 성남시 분당구 황새울로258번길 37, 흥국생명빌딩 2층 (수내동)"
JDU4MTI3MSM1MSMkMSMkMCMkMTMkNDgxOTYxIzIxIyQxIyQ5IyQwMyQ0NjEwMDIjNDEjJDEjJDgjJDgz,"경기도 성남시 수정구 수정로 190, 4층 (신흥동)"
JDQ4MTYyMiM1MSMkMSMkMCMkMTMkNDgxMzUxIzUxIyQxIyQxIyQwMyQyNjEyMjIjNDEjJDEjJDgjJDgz,"경기도 성남시 분당구 서현로 184, 엘지분당에클라트 406호 (서현동)"
JDQ4MTYyMiM1MSMkMiMkMCMkMDAkNDgxMzUxIzIxIyQxIyQxIyQwMyQ0NjE0ODEjNjEjJDEjJDAjJDgz,"경기도 성남시 분당구 분당수서로 477, 4층 일부호 (정자동)"
JDQ4MTYyMiM1MSMkMSMkMCMkOTkkMzgxOTYxIzIxIyQxIyQxIyQ3MiQ0NjE0ODEjNDEjJDEjJDgjJDgz,"경기도 성남시 분당구 분당로 43, 나우빌딩 5~11층,12일부층 (서현동)"
JDQ4MTYyMiM1MSMkMSMkMCMkMTMkNDgxNzAyIzIxIyQxIyQ1IyQ3MiQzNjEyMjIjNjEjJDEjJDgjJDgz,"경기도 성남시 중원구 성남대로997번길 25-7, GL플러스프라자 4층 (여수동)"
JDQ4MTYyMiM1MSMkMSMkMCMkNzIkNDgxOTYxIzIxIyQxIyQ1IyQ2MiQzNjEyMjIjNDEjJDEjJDQjJDgz,"경기도 성남시 분당구 동판교로 59, 자유퍼스트프라자1 502호 (백현동)"
JDQ4MTYyMiM1MSMkMSMkMCMkNzIkNDgxMTkxIzExIyQxIyQ3IyQ5OSQzNjEwMDIjNDEjJDEjJDQjJDgz,"경기도 성남시 분당구 황새울로200번길 36, 분당 동부루트빌딩 2층 206호 (수내동)"
JDQ4MTYyMiM1MSMkMiMkMCMkMDAkMzgxNzAyIzIxIyQxIyQxIyQ5MiQyNjEwMDIjNjEjJDEjJDAjJDgz,"경기도 성남시 분당구 중앙공원로40번길 4, 203호 (서현동, 카스스포콤)"
JDQ4MTYyMiM1MSMkMSMkMCMkMTMkNDgxMzUxIzUxIyQxIyQxIyQ3MiQzNjE0ODEjNjEjJDEjJDQjJDgz,"경기도 성남시 분당구 구미로 60, 309호 (구미동, 관보쇼핑)"
JDU4MTI3MSM1MSMkMSMkMCMkMTMkMzgxNzAyIzMxIyQxIyQ3IyQ5MiQyNjE0ODEjNDEjJDEjJDgjJDgz,"경기도 성남시 분당구 내정로165번길 38, 602동 210호 (수내동, 양지마을)"
JDU4MTI3MSM1MSMkMSMkMCMkMTMkNDgxOTYxIzMxIyQxIyQzIyQ4OSQ0NjE0ODEjODEjJDEjJDIjJDgz,"경기도 성남시 수정구 수정로 115-1, 3층 일부 (태평동)"
JDQ4MTYyMiM1MSMkMiMkMCMkMDAkNDgxMTkxIzExIyQxIyQzIyQ3OSQ0NjEwMDIjNTEjJDEjJDIjJDgz,"경기도 성남시 수정구 청계산로 695, 303-304호 (고등동)"
JDU4MTI3MSM1MSMkMiMkMCMkMDAkNDgxOTYxIzQxIyQxIyQ3IyQ3MiQyNjEwMDIjNjEjJDEjJDQjJDgz,"경기도 성남시 분당구 돌마로 47, 이코노샤르망 506호 (금곡동)"
JDQ4MTYyMiM1MSMkMSMkMCMkNzIkNTgxOTYxIzExIyQxIyQ3IyQ2MiQzNjE0ODEjNTEjJDEjJDIjJDgz,"경기도 성남시 수정구 산성대로 265, 2층 (신흥동)"
JDU4MTI3MSM1MSMkMiMkMCMkMDAkNTgxOTYxIzMxIyQxIyQzIyQ4MiQyNjEwMDIjNDEjJDEjJDgjJDgz,"경기도 성남시 분당구 황새울로258번길 40, 분당수내동빌딩 5층 (수내동)"
JDU4MTI3MSM1MSMkMiMkMCMkMDAkNTgxOTYxIzMxIyQxIyQzIyQ4MiQyNjEyMjIjNDEjJDEjJDQjJDgz,"경기도 성남시 분당구 서현로180번길 26, 서현동 아름빌딩 3층 (서현동)"
JDU4MTI3MSM1MSMkMiMkMCMkMDAkMzgxNzAyIzQxIyQxIyQ3IyQ5MiQyNjEyMjIjNzEjJDEjJDgjJDgz,"경기도 성남시 분당구 야탑로81번길 10, 분당아미고타워 2층 208호 (야탑동)"
JDU4MTI3MSM1MSMkMiMkMCMkMDAkNTgxMzUxIzUxIyQxIyQ1IyQwMyQyNjE4MzIjNTEjJDEjJDIjJDgz,"경기도 성남시 분당구 운중로 117, 포모나타워 401호 (운중동)"
JDQ4MTYyMiM1MSMkMSMkMCMkNzIkNTgxMzUxIzIxIyQxIyQ5IyQwMyQyNjEyMjIjODEjJDEjJDYjJDgz,"경기도 성남시 분당구 백현로101번길 11, 동현프라자 201호 (수내동)"
JDQ4MTYyMiM1MSMkMSMkMCMkMTMkNDgxNzAyIzIxIyQxIyQ5IyQ3MiQzNjEwMDIjNjEjJDEjJDAjJDgz,"경기도 성남시 분당구 내정로 29, 301호 (정자동, 금곡프라자)"
JDQ4MTYyMiM1MSMkMSMkMCMkNzIkNTgxOTYxIzExIyQxIyQzIyQ5OSQyNjEyMjIjNjEjJDEjJDQjJDgz,"경기도 성남시 분당구 판교로227번길 6, 118~121호 (삼평동, 브릿지 타워)"
JDU4MTI3MSM1MSMkMiMkMCMkMDAkNDgxMTkxIzIxIyQxIyQ1IyQ5MiQyNjEyMjIjODEjJDEjJDIjJDgz,"경기도 성남시 분당구 돌마로 75, 미금프라자 401호 (금곡동)"
JDU4MTI3MSM1MSMkMSMkMCMkMTMkNDgxOTYxIzMxIyQxIyQzIyQ5MiQzNjE4MzIjNTEjJDEjJDYjJDgz,"경기도 성남시 중원구 희망로 338, (상대원동)"
JDU4MTI3MSM1MSMkMiMkMCMkMDAkNTgxOTYxIzIxIyQxIyQxIyQwMyQ0NjE0ODEjNjEjJDEjJDAjJDgz,"경기도 성남시 분당구 서현로210번길 20, 코코프라자 서현동 2층 201-5~27호 (서현동)"
JDU4MTI3MSM1MSMkMiMkMCMkMDAkNTgxOTYxIzMxIyQyIyQzIyQwMCQ0NjEwMDIjNjEjJDEjJDQjJDgz,"경기도 성남시 수정구 수정로 115-1, 주민신협행복빌딩 2층 (태평동)"
JDQ4MTYyMiM1MSMkMiMkMCMkMDAkNDgxMzUxIzUxIyQxIyQ1IyQxMyQzNjE4MzIjODEjJDEjJDIjJDgz,"경기도 성남시 수정구 논골로 7, 2층 (단대동)"
JDU4MTI3MSM1MSMkMiMkMCMkMDAkNTgxOTYxIzMxIyQxIyQzIyQ5OSQyNjEyMjIjNDEjJDEjJDgjJDgz,"경기도 성남시 분당구 서현로 184, 엘지분당에클라트 217호 (서현동)"
JDQ4MTYyMiM1MSMkMSMkMCMkNzIkNDgxNzAyIzUxIyQxIyQ1IyQxMyQzNjEyMjIjNjEjJDEjJDQjJDgz,"경기도 성남시 중원구 광명로 2, 2층 (성남동)"
JDQ4MTYyMiM1MSMkMSMkMCMkNzIkMzgxNzAyIzExIyQxIyQzIyQ5OSQyNjE0ODEjNjEjJDEjJDgjJDgz,"경기도 성남시 중원구 광명로 325, 대성빌딩 3층 (금광동)"
JDQ4MTYyMiM1MSMkMSMkMCMkNzIkMzgxNzAyIzExIyQxIyQ3IyQ3MiQyNjE4MzIjODEjJDEjJDYjJDgz,"경기도 성남시 분당구 미금로 48, 304호 (구미동, 오성프라자)"
JDQ4MTYyMiM1MSMkMSMkMCMkNzIkNTgxMzUxIzIxIyQxIyQ5IyQxMyQ0NjEwMDIjNTEjJDEjJDYjJDgz,"경기도 성남시 분당구 정자로 13, 월드비터 2층 216, 217, 218호 (정자동)"
JDQ4MTYyMiM1MSMkMSMkMCMkNzIkNDgxNzAyIzUxIyQxIyQ1IyQ3OSQ0NjE0ODEjNjEjJDEjJDgjJDgz,"경기도 성남시 수정구 위례동로 147, 위례건아타워 3층 304호 (창곡동)"
JDQ4MTYyMiM1MSMkMSMkMCMkNzIkNDgxMTkxIzExIyQxIyQzIyQ5OSQ0NjEwMDIjNjEjJDEjJDgjJDgz,"경기도 성남시 수정구 위례동로 153, 5층 505호 (창곡동, 에이플타워)"
JDU4MTI3MSM1MSMkMiMkMCMkMDAkNTgxOTYxIzIxIyQxIyQxIyQxMyQyNjEwMDIjNjEjJDEjJDAjJDgz,"경기도 성남시 중원구 성남대로1139번길 6, 1,2층 일부호 (성남동)"
JDQ4MTYyMiM1MSMkMSMkMCMkMTMkNDgxNzAyIzExIyQxIyQzIyQ4MiQyNjEyMjIjNDEjJDEjJDgjJDgz,"경기도 성남시 중원구 산성대로524번길 8, 2층 (은행동)"
JDQ4MTYyMiM1MSMkMSMkMCMkMTMkNDgxNzAyIzExIyQxIyQ3IyQ4OSQzNjE0ODEjODEjJDEjJDIjJDgz,"경기도 성남시 중원구 희망로 356, 303호 (상대원동, 휴먼프라자)"
JDU4MTI3MSM1MSMkMiMkMCMkMDAkNTgxOTYxIzIxIyQxIyQxIyQxMyQyNjEyMjIjNTEjJDEjJDIjJDgz,"경기도 성남시 중원구 광명로 319, 4,5층 (금광동)"
JDQ4MTYyMiM1MSMkMSMkMCMkMTMkNDgxNzAyIzIxIyQxIyQxIyQwMyQyNjE4MzIjNzEjJDEjJDgjJDgz,"경기도 성남시 분당구 미금로 44, 4층 (구미동)"
JDQ4MTYyMiM1MSMkMSMkMCMkMTMkNDgxMzUxIzMxIyQxIyQ3IyQ2MiQzNjEyMjIjNDEjJDEjJDgjJDgz,"경기도 성남시 분당구 동판교로 59, 자유퍼스트프라자1 305호 (백현동)"
JDQ4MTYyMiM1MSMkMSMkMCMkNzIkNDgxMTkxIzExIyQxIyQ3IyQ5OSQzNjEyMjIjODEjJDEjJDIjJDgz,"경기도 성남시 분당구 서현로210번길 17, 404호 (서현동, 광림프라자)"
JDQ4MTYyMiM1MSMkMSMkMCMkNzIkNTgxMzUxIzIxIyQxIyQ5IyQ2MiQ0NjE0ODEjODEjJDEjJDYjJDgz,"경기도 성남시 수정구 위례광장로 310, 우성트램타워 A동 702,703호 (창곡동)"
JDQ4MTYyMiM1MSMkMSMkMCMkNzIkNDgxNzAyIzIxIyQxIyQ5IyQwMyQzNjEyMjIjNjEjJDEjJDgjJDgz,"경기도 성남시 수정구 위례광장로 310, 4층 403,404호 (창곡동, 우성트램타워)"
JDQ4MTYyMiM1MSMkMSMkMCMkNzIkNDgxNzAyIzMxIyQxIyQ3IyQ5OSQzNjEyMjIjNjEjJDEjJDQjJDgz,"경기도 성남시 수정구 위례광장로 320, 5층 506,507호 (창곡동, 아이에스센트럴타워)"
JDQ4MTYyMiM1MSMkMSMkMCMkNzIkNDgxNzAyIzUxIyQxIyQxIyQ2MiQyNjEwMDIjNDEjJDEjJDgjJDgz,"경기도 성남시 수정구 위례광장로 300, 위례중앙역 중앙타워 9층 901호 (창곡동)"
JDQ4MTYyMiM1MSMkMSMkMCMkNzIkNDgxNzAyIzUxIyQxIyQxIyQ5MiQ0NjEwMDIjODEjJDEjJDYjJDgz,"경기도 성남시 수정구 위례광장로 9-9, 위례우남역 퍼스트푸르지오시티 3층 323호 (창곡동)"
JDQ4MTYyMiM1MSMkMSMkMCMkNzIkNTgxMzUxIzExIyQxIyQ3IyQ3OSQzNjE0ODEjODEjJDEjJDIjJDgz,"경기도 성남시 수정구 위례광장로 300, 위례중앙역 중앙타워 7층 705호 (창곡동)"
JDQ4MTYyMiM1MSMkMSMkMCMkMTMkNDgxMTkxIzMxIyQxIyQ3IyQxMyQyNjEyMjIjNjEjJDEjJDgjJDgz,"경기도 성남시 수정구 위례광장로 310, B동 5층 503호 (창곡동, 우성트램타워)"
JDQ4MTYyMiM1MSMkMSMkMCMkNzIkMzgxNzAyIzIxIyQyIyQ5IyQwMCQzNjE4MzIjNjEjJDEjJDgjJDgz,"경기도 성남시 분당구 운중로 118, 503호 (운중동, 스타타워)"
JDQ4MTYyMiM1MSMkMSMkMCMkNzIkNDgxMTkxIzExIyQxIyQ3IyQ5OSQ0NjEwMDIjNTEjJDEjJDIjJDgz,"경기도 성남시 수정구 수정로 128, 10층 (수진동)"
JDQ4MTYyMiM1MSMkMiMkMCMkMDAkMzgxNzAyIzIxIyQxIyQxIyQ2MiQ0NjEwMDIjODEjJDEjJDIjJDgz,"경기도 성남시 분당구 중앙공원로40번길 32, (서현동)"
JDQ4MTYyMiM1MSMkMSMkMCMkNzIkNTgxOTYxIzExIyQxIyQzIyQxMyQyNjEwMDIjODEjJDEjJDIjJDgz,"경기도 성남시 분당구 판교역로 136, B2044, B2052호 (백현동)"
JDU4MTI3MSM1MSMkMiMkMCMkMDAkNTgxOTYxIzExIyQxIyQ3IyQ4MiQ0NjE0ODEjNTEjJDEjJDYjJDgz,"경기도 성남시 수정구 위례서일로 46, 위례엘포트한라비발디 309,310호 (창곡동)"
JDU4MTI3MSM1MSMkMSMkMCMkMTMkNDgxMzUxIzUxIyQxIyQ1IyQwMyQzNjEwMDIjNjEjJDEjJDAjJDgz,"경기도 성남시 수정구 산성대로 529, (양지동)"
JDU4MTI3MSM1MSMkMSMkMCMkMTMkNDgxOTYxIzIxIyQxIyQxIyQ3MiQzNjEyMjIjNDEjJDEjJDgjJDgz,"경기도 성남시 수정구 위례광장로 19, 아이페리온 409호 (창곡동)"
JDU4MTI3MSM1MSMkMiMkMCMkMDAkNDgxMzUxIzIxIyQxIyQ5IyQ4MiQyNjEwMDIjODEjJDEjJDIjJDgz,"경기도 성남시 분당구 정자일로198번길 15, 제나프라자 4층 일부호 (정자동)"
JDU4MTI3MSM1MSMkMiMkMCMkMDAkNDgxMTkxIzUxIyQxIyQ1IyQ4OSQ0NjE0ODEjNDEjJDEjJDgjJDgz,"경기도 성남시 수정구 위례서일로 46, 위례엘포트한라비발디 301호 (창곡동)"
JDQ4MTYyMiM1MSMkMiMkMCMkMDAkNDgxMTkxIzExIyQxIyQzIyQwMyQzNjE0ODEjNDEjJDEjJDQjJDgz,"경기도 성남시 중원구 자혜로 60, 3층 (금광동)"
JDU4MTI3MSM1MSMkMiMkMCMkMDAkNTgxOTYxIzIxIyQxIyQ1IyQ4MiQyNjE4MzIjNjEjJDEjJDQjJDgz,"경기도 성남시 중원구 둔촌대로 277, 2,3,4층 (하대원동)"
JDQ4MTYyMiM1MSMkMSMkMCMkNzIkNTgxOTYxIzExIyQxIyQ3IyQ3MiQzNjEyMjIjNjEjJDEjJDgjJDgz,"경기도 성남시 수정구 산성대로 531, 4,5층 (양지동)"
JDU4MTI3MSM1MSMkMSMkMCMkMTMkNDgxOTYxIzMxIyQyIyQ3IyQwMCQyNjEyMjIjNDEjJDEjJDQjJDgz,"경기도 성남시 분당구 돌마로 361, 동신코아빌딩 2층 224~226호 (수내동)"
JDQ4MTYyMiM1MSMkMiMkMCMkMDAkNTgxMzUxIzExIyQxIyQzIyQxMyQyNjEyMjIjNDEjJDEjJDgjJDgz,"경기도 성남시 수정구 희망로 551, C1블럭동 2층 201호, 203호 (신흥동)"
JDQ4MTYyMiM1MSMkMSMkMCMkNzIkNTgxMzUxIzMxIyQxIyQzIyQxMyQzNjE0ODEjODEjJDEjJDYjJDgz,"경기도 성남시 중원구 양현로 409, 어반스퀘어 203,204호 (여수동)"
JDU4MTI3MSM1MSMkMiMkMCMkMDAkMzgxOTYxIzExIyQxIyQ3IyQ3OSQyNjE0ODEjNDEjJDEjJDgjJDgz,"경기도 성남시 중원구 은이로5번길 1, 건영빌딩 6층 (은행동)"
JDQ4MTYyMiM1MSMkMSMkMCMkNzIkNDgxMzUxIzExIyQxIyQzIyQ5OSQzNjE4MzIjODEjJDEjJDYjJDgz,"경기도 성남시 분당구 황새울로 325, 304호,305호 (서현동, 서현하우비)"
JDU4MTI3MSM1MSMkMiMkMCMkMDAkNTgxOTYxIzUxIyQxIyQxIyQ4OSQ0NjE0ODEjNDEjJDEjJDgjJDgz,"경기도 성남시 수정구 수정로 285, 2층 (신흥동)"
JDU4MTI3MSM1MSMkMiMkMCMkMDAkNTgxOTYxIzIxIyQxIyQ1IyQ4MiQzNjEwMDIjNDEjJDEjJDgjJDgz,"경기도 성남시 수정구 희망로 551, 2층 202,204,205호 (신흥동)"
JDQ4MTYyMiM1MSMkMSMkMCMkNzIkNTgxOTYxIzExIyQxIyQ3IyQ4MiQyNjEyMjIjNDEjJDEjJDgjJDgz,"경기도 성남시 수정구 희망로 551, 502,504,505호 (신흥동)"
JDQ4MTYyMiM1MSMkMSMkMCMkNzIkMzgxMTkxIzIxIyQxIyQ5IyQ4MiQzNjEwMDIjNjEjJDEjJDgjJDgz,"경기도 성남시 분당구 성남대로925번길 16, 성남(분당)여객자동차터미널 2층 111~114호 (야탑동)"
JDU4MTI3MSM1MSMkMSMkMCMkMTMkNDgxOTYxIzQxIyQxIyQ3IyQ3OSQyNjEyMjIjNjEjJDEjJDAjJDgz,"경기도 성남시 분당구 성남대로 170, 한국프라자 408호 (금곡동)"
JDU4MTI3MSM1MSMkMiMkMCMkMDAkNTgxOTYxIzMxIyQxIyQzIyQxMyQyNjEwMDIjNTEjJDEjJDYjJDgz,"경기도 성남시 수정구 위례광장로 300, 창곡동 509번지 1동 5층 515호 (창곡동)"
JDU4MTI3MSM1MSMkMiMkMCMkMDAkNTgxOTYxIzIxIyQxIyQ1IyQ5MiQyNjE4MzIjNTEjJDEjJDIjJDgz,"경기도 성남시 분당구 정자일로 227, 백궁지엔느주차전용빌딩 204,205호 (정자동)"
JDQ4MTYyMiM1MSMkMSMkMCMkNzIkNTgxOTYxIzExIyQxIyQ3IyQ4MiQzNjE4MzIjNDEjJDEjJDgjJDgz,"경기도 성남시 분당구 장미로 78, 306호 (야탑동, 시그마Ⅲ)"
JDU4MTI3MSM1MSMkMSMkMCMkMTMkNDgxOTYxIzMxIyQyIyQ3IyQwMCQzNjEyMjIjNTEjJDEjJDIjJDgz,"경기도 성남시 분당구 돌마로 87, 골드프라자 401호 (금곡동)"
JDU4MTI3MSM1MSMkMSMkMCMkMTMkNDgxOTYxIzMxIyQxIyQ3IyQ2MiQyNjE0ODEjNDEjJDEjJDgjJDgz,"경기도 성남시 분당구 서현로 204, 엘지에클라트2 406호 (서현동)"
JDQ4MTYyMiM1MSMkMSMkMCMkNzIkNDgxMzUxIzMxIyQxIyQ3IyQ4MiQzNjEyMjIjODEjJDEjJDIjJDgz,"경기도 성남시 분당구 돌마로 85, 304호 (금곡동)"
JDU4MTI3MSM1MSMkMiMkMCMkMDAkNTgxOTYxIzMxIyQxIyQzIyQxMyQ0NjEwMDIjODEjJDEjJDYjJDgz,"경기도 성남시 분당구 서현로321번길 10, 3층일부, 4층 (서현동)"
JDU4MTI3MSM1MSMkMiMkMCMkMDAkNTgxOTYxIzMxIyQxIyQzIyQxMyQzNjEwMDIjNjEjJDEjJDgjJDgz,"경기도 성남시 중원구 산성대로372번길 18, 대촌빌딩 3층 (금광동)"
JDQ4MTYyMiM1MSMkMSMkMCMkNzIkNTgxOTYxIzExIyQxIyQ3IyQ4MiQ0NjEwMDIjODEjJDEjJDIjJDgz,"경기도 성남시 중원구 양현로 469, 4층 403호 (여수동)"
JDU4MTI3MSM1MSMkMiMkMCMkMDAkNTgxOTYxIzIxIyQxIyQ1IyQwMyQyNjE4MzIjNDEjJDEjJDQjJDgz,"경기도 성남시 분당구 성남대로 349, 시그마타워 601호 (정자동)"
JDQ4MTYyMiM1MSMkMSMkMCMkMTMkNDgxMTkxIzUxIyQxIyQxIyQ5MiQzNjEwMDIjODEjJDEjJDYjJDgz,"경기도 성남시 분당구 야탑로81번길 10, 204호 (야탑동, 아미고타워)"
JDU4MTI3MSM1MSMkMiMkMCMkMDAkNTgxOTYxIzIxIyQxIyQ1IyQwMyQyNjEyMjIjNDEjJDEjJDgjJDgz,"경기도 성남시 수정구 고등로 3, 현대지식산업센터 성남고등 C동 105호 (고등동)"
JDQ4MTYyMiM1MSMkMSMkMCMkNzIkNTgxOTYxIzExIyQxIyQ3IyQ5MiQyNjEwMDIjNDEjJDEjJDQjJDgz,"경기도 성남시 분당구 판교대장로 92, 판교대장지구 푸리마타워빌딩 주건축물제1동 2층 202호, 203호 (대장동)"
JDQ4MTYyMiM1MSMkMSMkMCMkMTMkNDgxMTkxIzIxIyQxIyQ5IyQwMyQzNjE0ODEjNTEjJDEjJDIjJDgz,"경기도 성남시 분당구 돌마로 67, 406호 (금곡동, 금산젬월드)"
JDQ4MTYyMiM1MSMkMSMkMCMkNzIkNTgxOTYxIzExIyQxIyQ3IyQ5MiQzNjEwMDIjNTEjJDEjJDIjJDgz,"경기도 성남시 중원구 산성대로 530, 6층 (은행동)"
JDU4MTI3MSM1MSMkMiMkMCMkMDAkNTgxOTYxIzMxIyQxIyQ3IyQ3OSQzNjEwMDIjNzEjJDEjJDgjJDgz,"경기도 성남시 분당구 정자일로198번길 15, 제나프라자 701-2호 (정자동)"
JDU4MTI3MSM1MSMkMiMkMCMkMDAkNTgxOTYxIzIxIyQxIyQ5IyQ4OSQzNjE4MzIjODEjJDEjJDIjJDgz,"경기도 성남시 수정구 수정로 284, 도일빌딩 2층 (신흥동)"
JDQ4MTYyMiM1MSMkMiMkMCMkMDAkMzgxNzAyIzUxIyQxIyQ1IyQ2MiQyNjEwMDIjNzEjJDEjJDgjJDgz,"경기도 성남시 분당구 돌마로 67, 204호 205호 (금곡동, 금산젬월드)"
JDU4MTI3MSM1MSMkMiMkMCMkMDAkNTgxOTYxIzIxIyQxIyQ5IyQ4OSQ0NjEwMDIjNjEjJDEjJDAjJDgz,"경기도 성남시 중원구 광명로 120, 대연빌딩 3층 (성남동)"
JDU4MTI3MSM1MSMkMiMkMCMkMDAkNTgxOTYxIzIxIyQxIyQ1IyQ2MiQyNjE4MzIjNDEjJDEjJDgjJDgz,"경기도 성남시 분당구 황새울로342번길 21, 대정빌딩 5층 (서현동)"
JDU4MTI3MSM1MSMkMiMkMCMkMDAkNTgxOTYxIzIxIyQxIyQxIyQ3MiQzNjE0ODEjNDEjJDEjJDQjJDgz,"경기도 성남시 수정구 수정로 128, 4,5층 (수진동)"
JDU4MTI3MSM1MSMkMSMkMCMkMTMkNDgxOTYxIzQxIyQxIyQ3IyQ3OSQyNjEwMDIjNjEjJDEjJDgjJDgz,"경기도 성남시 수정구 금토로80번길 51, 206호 (금토동)"
JDQ4MTYyMiM1MSMkMSMkMCMkMTMkNDgxOTYxIzMxIyQxIyQ3IyQ2MiQyNjEwMDIjNjEjJDEjJDgjJDgz,"경기도 성남시 분당구 정자일로 240, 508호 (정자동, 월드프라자)"
JDU4MTI3MSM1MSMkMiMkMCMkMDAkNTgxOTYxIzExIyQxIyQ3IyQ4OSQyNjE0ODEjNDEjJDEjJDgjJDgz,"경기도 성남시 분당구 성남대로 912, 분당BYC빌딩 407,408,409-1,410호 (야탑동)"
JDQ4MTYyMiM1MSMkMSMkMCMkNzIkNTgxMzUxIzUxIyQyIyQ1IyQwMCQyNjE0ODEjODEjJDEjJDIjJDgz,"경기도 성남시 분당구 운중로 235, 나래메디플러스 502호 (판교동)"
JDQ4MTYyMiM1MSMkMSMkMCMkMTMkNDgxNzAyIzIxIyQxIyQ5IyQ3MiQyNjE4MzIjODEjJDEjJDIjJDgz,"경기도 성남시 수정구 위례광장로 300, 창곡동 509번지 3층 305호 (창곡동)"
JDQ4MTYyMiM1MSMkMSMkMCMkNzIkNTgxOTYxIzExIyQxIyQ3IyQ2MiQ0NjE0ODEjNjEjJDEjJDQjJDgz,"경기도 성남시 수정구 희망로 551, 5층 501호 (신흥동)"
JDQ4MTYyMiM1MSMkMSMkMCMkMTMkMzgxNzAyIzUxIyQxIyQ1IyQ3OSQyNjEyMjIjNTEjJDEjJDYjJDgz,"경기도 성남시 분당구 내정로173번길 1, 3층 (수내동, 양지마을우리은행)"
JDU4MTI3MSM1MSMkMSMkMCMkMTMkNDgxOTYxIzMxIyQxIyQ3IyQ4OSQzNjEyMjIjODEjJDEjJDIjJDgz,"경기도 성남시 수정구 창업로 43, 판교글로벌비즈센터 B동 104호 (시흥동)"
JDU4MTI3MSM1MSMkMiMkMCMkMDAkNDgxMTkxIzMxIyQxIyQ3IyQ5OSQyNjE4MzIjODEjJDEjJDYjJDgz,"경기도 성남시 수정구 수정로171번길 7-1, 우일프라자 2층일부, 3~6층, 8층, 9층일부 (태평동)"
JDQ4MTYyMiM1MSMkMSMkMCMkNzIkMzgxOTYxIzIxIyQxIyQ1IyQxMyQzNjEwMDIjNjEjJDEjJDgjJDgz,"경기도 성남시 분당구 수내로46번길 11, 308~309호 (수내동, 대덕글로리)"
JDU4MTI3MSM1MSMkMiMkMCMkMDAkNTgxOTYxIzIxIyQxIyQxIyQ5OSQyNjE0ODEjNjEjJDEjJDQjJDgz,"경기도 성남시 분당구 분당내곡로 151, 삼도타워 402, 403호 (삼평동)"
JDU4MTI3MSM1MSMkMSMkMCMkMTMkNDgxOTYxIzMxIyQxIyQzIyQxMyQyNjEwMDIjODEjJDEjJDYjJDgz,"경기도 성남시 수정구 산성대로 249, 6층 (신흥동)"
JDQ4MTYyMiM1MSMkMSMkMCMkMTMkNDgxNzAyIzExIyQxIyQ3IyQ2MiQyNjE4MzIjNDEjJDEjJDgjJDgz,"경기도 성남시 중원구 산성대로 352, 2층 (중앙동)"
JDU4MTI3MSM1MSMkMSMkMCMkMTMkNDgxOTYxIzMxIyQxIyQzIyQxMyQyNjE4MzIjNjEjJDEjJDQjJDgz,"경기도 성남시 수정구 위례서일로 46, 위례엘포트한라비발디 308호 (창곡동)"
JDU4MTI3MSM1MSMkMiMkMCMkMDAkNTgxOTYxIzIxIyQxIyQ1IyQ5OSQzNjE0ODEjNjEjJDEjJDAjJDgz,"경기도 성남시 분당구 황새울로258번길 41, 2층 일부호 (수내동)"
JDQ4MTYyMiM1MSMkMiMkMCMkMDAkMzgxNzAyIzUxIyQxIyQxIyQ3MiQyNjE4MzIjNjEjJDEjJDAjJDgz,"경기도 성남시 분당구 불정로 379, 304호 (서현동, 서현프라자)"
JDQ4MTYyMiM1MSMkMSMkMCMkMTMkNDgxMTkxIzExIyQyIyQ3IyQwMCQyNjE4MzIjODEjJDEjJDYjJDgz,"경기도 성남시 분당구 백현로101번길 16, 대덕프라자 3층 311호, 312호 (수내동)"
JDU4MTI3MSM1MSMkMSMkMCMkMTMkNDgxOTYxIzMxIyQxIyQ3IyQxMyQ0NjE0ODEjNTEjJDEjJDIjJDgz,"경기도 성남시 분당구 돌마로 68, 분당프라자 203호 (구미동)"
JDU4MTI3MSM1MSMkMiMkMCMkMDAkNTgxOTYxIzIxIyQxIyQ1IyQ5OSQyNjEyMjIjODEjJDEjJDIjJDgz,"경기도 성남시 분당구 동판교로 61, 자유퍼스트프라자2 601, 602, 603호 (백현동)"
JDQ4MTYyMiM1MSMkMSMkMCMkNzIkNTgxOTYxIzExIyQxIyQ3IyQ3MiQzNjEwMDIjODEjJDEjJDIjJDgz,"경기도 성남시 분당구 구미로 11, 포인트타운 5층 505호 (구미동)"
JDQ4MTYyMiM1MSMkMSMkMCMkMTMkMzgxMTkxIzIxIyQyIyQ5IyQwMCQyNjEyMjIjODEjJDEjJDIjJDgz,"경기도 성남시 분당구 성남대로916번길 5, 관보골든쇼핑스포츠빌딩 4층 (야탑동)"
JDQ4MTYyMiM1MSMkMSMkMCMkNzIkMzgxOTYxIzIxIyQxIyQ5IyQ5MiQyNjEyMjIjNTEjJDEjJDYjJDgz,"경기도 성남시 분당구 장안로 35, 4층 (분당동, 성창빌딩)"
JDQ4MTYyMiM1MSMkMSMkMCMkNzIkNTgxMzUxIzExIyQxIyQzIyQ5MiQyNjE0ODEjNDEjJDEjJDQjJDgz,"경기도 성남시 수정구 위례광장로 310, 우성트램타워 A동 410호 (창곡동)"
JDQ4MTYyMiM1MSMkMSMkMCMkOTkkNTgxMzUxIzUxIyQxIyQ1IyQ3MiQyNjE4MzIjNTEjJDEjJDYjJDgz,"경기도 성남시 수정구 수정로 271, (신흥동)"
JDQ4MTYyMiM1MSMkMSMkMCMkMTMkNDgxNzAyIzUxIyQxIyQ1IyQ3MiQzNjEwMDIjNjEjJDEjJDgjJDgz,"경기도 성남시 중원구 산성대로 496, 2층 (은행동)"
JDQ4MTYyMiM1MSMkMSMkMCMkNzIkNTgxOTYxIzExIyQxIyQzIyQ4OSQyNjE4MzIjNjEjJDEjJDgjJDgz,"경기도 성남시 분당구 서현로210번길 19, 센트로빌딩 4층 일부, 5층 (서현동)"
JDU4MTI3MSM1MSMkMiMkMCMkMDAkNTgxOTYxIzQxIyQxIyQ3IyQwMyQzNjE0ODEjNTEjJDEjJDYjJDgz,"경기도 성남시 분당구 판교역로 136, 지하2층 B2046,B2050호 (백현동)"
JDU4MTI3MSM1MSMkMiMkMCMkMDAkNDgxNzAyIzExIyQxIyQ3IyQwMyQ0NjE0ODEjNzEjJDEjJDgjJDgz,"경기도 성남시 중원구 둔촌대로80번길 3-10, 성남 아리스타 3층 일부호 (성남동)"
JDQ4MTYyMiM1MSMkMSMkMCMkNzIkNTgxOTYxIzExIyQxIyQzIyQ2MiQzNjE0ODEjNjEjJDEjJDgjJDgz,"경기도 성남시 분당구 성남대로916번길 5, 관보골든쇼핑스포츠빌딩 2층 203호 (야탑동)"
JDU4MTI3MSM1MSMkMSMkMCMkMTMkNDgxOTYxIzMxIyQyIyQzIyQwMCQ0NjE0ODEjNTEjJDEjJDIjJDgz,"경기도 성남시 수정구 수정로 200, 1층 일부호 (신흥동)"
JDQ4MTYyMiM1MSMkMSMkMCMkNzIkNTgxOTYxIzExIyQxIyQzIyQ2MiQyNjEwMDIjNDEjJDEjJDgjJDgz,"경기도 성남시 분당구 돌마로 75, 미금프라자 6층 (금곡동)"
JDU4MTI3MSM1MSMkMiMkMCMkMDAkNTgxOTYxIzIxIyQyIyQ1IyQwMCQyNjEyMjIjNjEjJDEjJDQjJDgz,"경기도 성남시 분당구 정자일로156번길 6, 뉴본타워 204~207호 (정자동)"
JDQ4MTYyMiM1MSMkMSMkMCMkNzIkMzgxNzAyIzUxIyQxIyQ1IyQ4OSQyNjE0ODEjNjEjJDEjJDgjJDgz,"경기도 성남시 분당구 야탑로81번길 10, 301호 (야탑동, 아미고타워)"
JDU4MTI3MSM1MSMkMSMkMCMkMTMkNDgxOTYxIzMxIyQxIyQzIyQ2MiQyNjEwMDIjNTEjJDEjJDIjJDgz,"경기도 성남시 분당구 백현로101번길 29, C&C 빌딩 4층 (수내동)"
JDU4MTI3MSM1MSMkMiMkMCMkMDAkNTgxOTYxIzIxIyQyIyQ1IyQwMCQzNjEwMDIjNDEjJDEjJDQjJDgz,"경기도 성남시 수정구 희망로 551, 4층 (신흥동)"
JDU4MTI3MSM1MSMkMiMkMCMkMDAkNTgxOTYxIzIxIyQyIyQxIyQwMCQ0NjEwMDIjNjEjJDEjJDgjJDgz,"경기도 성남시 분당구 황새울로342번길 9, 서울문고 4층 (서현동)"
JDU4MTI3MSM1MSMkMiMkMCMkMDAkNDgxMTkxIzExIyQyIyQ3IyQwMCQzNjE0ODEjNTEjJDEjJDIjJDgz,"경기도 성남시 분당구 대왕판교로 660, 유스페이스1 305, 209-1호 (삼평동)"
JDU4MTI3MSM1MSMkMiMkMCMkMDAkNTgxOTYxIzQxIyQxIyQ3IyQxMyQzNjE4MzIjNjEjJDEjJDQjJDgz,"경기도 성남시 분당구 서현로 170, 풍림아이원플러스 2층 225호 (서현동)"
JDU4MTI3MSM1MSMkMiMkMCMkMDAkNTgxOTYxIzMxIyQxIyQzIyQ5MiQ0NjE0ODEjNjEjJDEjJDgjJDgz,"경기도 성남시 분당구 대왕판교로606번길 39, 럭스타워 203, 207~210호 (삼평동)"
JDU4MTI3MSM1MSMkMiMkMCMkMDAkNTgxOTYxIzUxIyQxIyQxIyQ3OSQyNjE4MzIjNTEjJDEjJDYjJDgz,"경기도 성남시 중원구 산성대로372번길 18, 대촌빌딩 4층 (금광동)"
JDU4MTI3MSM1MSMkMiMkMCMkMDAkNTgxOTYxIzIxIyQyIyQ1IyQwMCQ0NjEwMDIjNTEjJDEjJDIjJDgz,"경기도 성남시 수정구 위례동로 153, 에이플타워 5층 506호 (창곡동)"
JDQ4MTYyMiM1MSMkMSMkMCMkMTMkMzgxMTkxIzIxIyQxIyQ5IyQ4OSQzNjEyMjIjNjEjJDEjJDgjJDgz,"경기도 성남시 중원구 둔촌대로80번길 3-10, 성남 아리스타 3층 일부호 (성남동)"
JDU4MTI3MSM1MSMkMSMkMCMkMTMkNDgxOTYxIzMxIyQxIyQzIyQ3OSQ0NjEwMDIjODEjJDEjJDYjJDgz,"경기도 성남시 분당구 판교로 372, 501호 502호 (삼평동, 스타식스 코아Ⅰ)"
JDQ4MTYyMiM1MSMkMSMkMCMkNzIkNTgxOTYxIzExIyQxIyQzIyQ5OSQzNjE0ODEjNDEjJDEjJDgjJDgz,"경기도 성남시 수정구 금토로80번길 51, 2층 203호 (금토동)"
JDQ4MTYyMiM1MSMkMSMkMCMkNzIkMzgxOTYxIzIxIyQxIyQ1IyQwMyQzNjE0ODEjNDEjJDEjJDgjJDgz,"경기도 성남시 분당구 황새울로 326, 3층 (서현동, 서현빌딩상가동)"
JDU4MTI3MSM1MSMkMiMkMCMkMDAkNTgxOTYxIzIxIyQxIyQxIyQ4OSQyNjE4MzIjNTEjJDEjJDIjJDgz,"경기도 성남시 분당구 백현로 97, 수내동 다운타운 1004호 (수내동)"
JDQ4MTYyMiM1MSMkMSMkMCMkNzIkNTgxOTYxIzExIyQxIyQzIyQ5OSQ0NjE0ODEjNjEjJDEjJDAjJDgz,"경기도 성남시 수정구 수정로 326, 3층 (산성동)"
JDU4MTI3MSM1MSMkMiMkMCMkMDAkNTgxMzUxIzExIyQxIyQzIyQ5MiQyNjE0ODEjNTEjJDEjJDYjJDgz,"경기도 성남시 분당구 판교역로 145, 2동 B116,B117,B118호 (백현동, 알파리움2단지)"
JDQ4MTYyMiM1MSMkMSMkMCMkNzIkNDgxNzAyIzExIyQxIyQ3IyQ4OSQzNjEyMjIjNjEjJDEjJDgjJDgz,"경기도 성남시 분당구 성남대로925번길 11, 유니마트 202호 (야탑동)"
JDQ4MTYyMiM1MSMkMSMkMCMkMTMkNDgxMzUxIzUxIyQxIyQ1IyQ5OSQ0NjEwMDIjNDEjJDEjJDgjJDgz,"경기도 성남시 분당구 매화로 38, 201호 (야탑동)"
JDQ4MTYyMiM1MSMkMSMkMCMkNzIkNDgxNzAyIzExIyQxIyQ3IyQwMyQ0NjEwMDIjNDEjJDEjJDgjJDgz,"경기도 성남시 수정구 수정로 90, 2층 (수진동)"
JDQ4MTYyMiM1MSMkMiMkMCMkMDAkNDgxMTkxIzQxIyQxIyQ3IyQ3OSQ0NjE0ODEjODEjJDEjJDYjJDgz,"경기도 성남시 분당구 양현로94번길 21, 304호 (이매동, 분당코아빌딩)"
JDQ4MTYyMiM1MSMkMSMkMCMkNzIkMzgxNzAyIzQxIyQxIyQ3IyQwMyQzNjEwMDIjNjEjJDEjJDQjJDgz,"경기도 성남시 중원구 광명로323번길 4, 3층 (금광동)"
JDQ4MTYyMiM1MSMkMSMkMCMkNzIkNDgxMzUxIzQxIyQxIyQ3IyQ3MiQyNjEyMjIjNjEjJDEjJDAjJDgz,"경기도 성남시 수정구 공원로 322, 218호 (신흥동, 신동아파라디움)"
JDQ4MTYyMiM1MSMkMSMkMCMkNzIkMzgxNzAyIzMxIyQxIyQzIyQ4MiQyNjE0ODEjNzEjJDEjJDgjJDgz,"경기도 성남시 분당구 성남대로331번길 11-3, 3층 (정자동, 여민빌딩)"
JDQ4MTYyMiM1MSMkMSMkMCMkNzIkMzgxOTYxIzUxIyQxIyQxIyQ4MiQyNjE0ODEjNjEjJDEjJDQjJDgz,"경기도 성남시 분당구 성남대로779번길 50, 5층 (이매동, MDG빌딩)"
JDQ4MTYyMiM1MSMkMSMkMCMkNzIkNDgxMTkxIzQxIyQxIyQ3IyQwMyQyNjEyMjIjNzEjJDEjJDgjJDgz,"경기도 성남시 수정구 산성대로 241, 3층 (신흥동, 비와이씨주건축물제1동)"
JDQ4MTYyMiM1MSMkMSMkMCMkNzIkNTgxMzUxIzExIyQxIyQzIyQ3OSQyNjE0ODEjODEjJDEjJDYjJDgz,"경기도 성남시 중원구 양현로405번길 5, 2층 201호 (여수동, 신야탑푸르지오시티)"
JDQ4MTYyMiM1MSMkMSMkMCMkNzIkNTgxMzUxIzIxIyQxIyQxIyQ3OSQ0NjEwMDIjNjEjJDEjJDQjJDgz,"경기도 성남시 분당구 돌마로 68, 205호 (구미동, 분당프라자)"
JDQ4MTYyMiM1MSMkMSMkMCMkNzIkNDgxNzAyIzExIyQxIyQzIyQwMyQyNjE0ODEjNDEjJDEjJDgjJDgz,"경기도 성남시 분당구 성남대로916번길 7, 104호 (야탑동, 서일빌딩)"
JDQ4MTYyMiM1MSMkMSMkMCMkMTMkNDgxMzUxIzExIyQxIyQ3IyQ3MiQyNjE4MzIjNTEjJDEjJDIjJDgz,"경기도 성남시 분당구 돌마로90번길 4, 1동 307호 (구미동, 엘레강스프라자)"
JDQ4MTYyMiM1MSMkMSMkMCMkNzIkNDgxNzAyIzMxIyQxIyQzIyQ5OSQzNjEwMDIjNDEjJDEjJDgjJDgz,"경기도 성남시 분당구 느티로77번길 3, 301호 (정자동, 대보빌딩)"
JDQ4MTYyMiM1MSMkMiMkMCMkMDAkNDgxNzAyIzIxIyQxIyQ5IyQ3OSQyNjEyMjIjNjEjJDEjJDgjJDgz,"경기도 성남시 수정구 남문로 106, 2층 (태평동)"
JDQ4MTYyMiM1MSMkMSMkMCMkNzIkNDgxMzUxIzExIyQxIyQ3IyQ4OSQzNjEyMjIjNDEjJDEjJDQjJDgz,"경기도 성남시 중원구 금상로 56, 3층 (상대원동)"
JDQ4MTYyMiM1MSMkMSMkMCMkNzIkNTgxMzUxIzUxIyQxIyQ1IyQxMyQyNjEwMDIjNDEjJDEjJDQjJDgz,"경기도 성남시 중원구 광명로 319, 2층 (금광동)"
JDQ4MTYyMiM1MSMkMSMkMCMkMTMkNDgxOTYxIzIxIyQxIyQ5IyQwMyQyNjEyMjIjNDEjJDEjJDgjJDgz,"경기도 성남시 분당구 돌마로 75, 404호 (금곡동, 미금프라자)"
JDQ4MTYyMiM1MSMkMSMkMCMkMTMkNDgxOTYxIzIxIyQxIyQ1IyQ3MiQzNjEwMDIjNzEjJDEjJDgjJDgz,"경기도 성남시 분당구 벌말로 35, 201호 (야탑동, 대명빌딩)"
JDQ4MTYyMiM1MSMkMSMkMCMkMTMkNDgxOTYxIzIxIyQxIyQ1IyQ4MiQyNjEwMDIjNDEjJDEjJDgjJDgz,"경기도 성남시 분당구 판교로 478, 302호 (이매동, 금강프라자)"
JDQ4MTYyMiM1MSMkMSMkMCMkNzIkMzgxOTYxIzIxIyQxIyQxIyQ3OSQyNjEyMjIjNDEjJDEjJDQjJDgz,"경기도 성남시 분당구 중앙공원로39번길 7, 207호 (서현동, 삼성한신상가)"
JDQ4MTYyMiM1MSMkMSMkMCMkODkkMzgxMzUxIzExIyQxIyQzIyQwMyQyNjEwMDIjNTEjJDEjJDYjJDgz,"경기도 성남시 분당구 구미로173번길 82, (구미동, 분당서울대학교병원)"
JDQ4MTYyMiM1MSMkMiMkMCMkMDAkNTgxOTYxIzQxIyQxIyQ3IyQxMyQzNjE4MzIjNTEjJDEjJDIjJDgz,"경기도 성남시 분당구 장안로 27, 3층 (분당동, SNH타워)"
JDQ4MTYyMiM1MSMkMSMkMCMkNzIkMzgxMzUxIzIxIyQxIyQ5IyQ4OSQ0NjE0ODEjNTEjJDEjJDYjJDgz,"경기도 성남시 분당구 황새울로258번길 43, 409,410호 (수내동, 수내프라자)"
JDQ4MTYyMiM1MSMkMSMkMCMkNzIkNDgxOTYxIzUxIyQxIyQ1IyQ3MiQ0NjE0ODEjNDEjJDEjJDgjJDgz,"경기도 성남시 분당구 돌마로 68, 분당프라자 8층 806~809호 (구미동)"
JDQ4MTYyMiM1MSMkMSMkMCMkNzIkNDgxOTYxIzIxIyQxIyQxIyQ2MiQzNjE4MzIjNDEjJDEjJDgjJDgz,"경기도 성남시 분당구 돌마로90번길 4, 302호 (구미동, 엘레강스프라자)"
JDQ4MTYyMiM1MSMkMSMkMCMkNzIkNTgxMzUxIzIxIyQxIyQxIyQ5OSQ0NjEwMDIjNDEjJDEjJDQjJDgz,"경기도 성남시 중원구 성남대로1130번길 3, 엠스퀘어빌딩 502호 (성남동)"
JDQ4MTYyMiM1MSMkMSMkMCMkMTMkNDgxNzAyIzUxIyQxIyQxIyQxMyQyNjE4MzIjNTEjJDEjJDIjJDgz,"경기도 성남시 분당구 판교역로 231, 217호 (삼평동, H스퀘어S동 )"
JDQ4MTYyMiM1MSMkMiMkMCMkMDAkMzgxNzAyIzExIyQxIyQzIyQ3OSQyNjEyMjIjODEjJDEjJDYjJDgz,"경기도 성남시 분당구 동판교로 92, 2층 202호 (백현동, 백현마을 가상가동)"
JDQ4MTYyMiM1MSMkMSMkMCMkMTMkNDgxMTkxIzMxIyQxIyQzIyQ4MiQzNjEyMjIjNDEjJDEjJDgjJDgz,"경기도 성남시 분당구 야탑로69번길 24-8, 401~403호 (야탑동, 분당종합상가)"
JDU4MTI3MSM1MSMkMSMkMCMkMTMkNDgxOTYxIzQxIyQyIyQ3IyQwMCQzNjEyMjIjODEjJDEjJDYjJDgz,"경기도 성남시 분당구 판교역로192번길 16, 6층 611호 (삼평동, 판교타워)"
JDU4MTI3MSM1MSMkMSMkMCMkMTMkNDgxOTYxIzQxIyQyIyQ3IyQwMCQyNjE0ODEjNDEjJDEjJDQjJDgz,"경기도 성남시 분당구 미금일로 71, 202호 (구미동, 하나빌딩)"
JDQ4MTYyMiM1MSMkMSMkMCMkMTMkNDgxMzUxIzMxIyQyIyQzIyQwMCQ0NjEwMDIjNTEjJDEjJDIjJDgz,"경기도 성남시 분당구 대왕판교로606번길 41, 프라임스퀘어 901,902호 (삼평동)"
JDQ4MTYyMiM1MSMkMSMkMCMkNzIkNTgxMzUxIzIxIyQxIyQ5IyQ3OSQ0NjEwMDIjODEjJDEjJDIjJDgz,"경기도 성남시 수정구 고등로 4, 고산빌딩 3층 301-303호 (고등동)"
JDQ4MTYyMiM1MSMkMSMkMCMkMTMkNDgxOTYxIzUxIyQxIyQxIyQ5OSQyNjE4MzIjNDEjJDEjJDgjJDgz,"경기도 성남시 분당구 성남대로 170, 304호 (금곡동, 한국프라자)"
JDQ4MTYyMiM1MSMkMSMkMCMkNzIkNTgxMzUxIzMxIyQxIyQzIyQ5MiQyNjE4MzIjNjEjJDEjJDgjJDgz,"경기도 성남시 분당구 대왕판교로606번길 39, 8층 (삼평동, 럭스타워)"
JDQ4MTYyMiM1MSMkMSMkMCMkNzIkNDgxNzAyIzMxIyQxIyQ3IyQ4OSQzNjE0ODEjNDEjJDEjJDgjJDgz,"경기도 성남시 분당구 백현로 105, 211~213호 (수내동, 로얄팰리스 하우스빌)"
JDQ4MTYyMiM1MSMkMSMkMCMkNzIkNDgxOTYxIzQxIyQxIyQ3IyQxMyQyNjE4MzIjNzEjJDEjJDgjJDgz,"경기도 성남시 분당구 야탑로 95, 901호 (야탑동, 세신옴니코아)"
JDQ4MTYyMiM1MSMkMSMkMCMkNzIkNDgxMzUxIzQxIyQxIyQ3IyQ4OSQzNjEyMjIjODEjJDEjJDIjJDgz,"경기도 성남시 중원구 광명로 5, 803호 (성남동, 메디컬센터빌딩)"
JDQ4MTYyMiM1MSMkMSMkMCMkMTMkNDgxNzAyIzExIyQyIyQ3IyQwMCQ0NjEwMDIjNTEjJDEjJDYjJDgz,"경기도 성남시 분당구 돌마로 68, 306호 (구미동, 분당프라자)"
JDU4MTI3MSM1MSMkMiMkMCMkMDAkNTgxOTYxIzIxIyQyIyQ5IyQwMCQyNjEyMjIjNDEjJDEjJDgjJDgz,"경기도 성남시 분당구 황새울로 332, 분당문화센터 5층 일부호 (서현동)"
JDQ4MTYyMiM1MSMkMiMkMCMkMDAkNDgxMTkxIzUxIyQxIyQxIyQ4MiQyNjEwMDIjNDEjJDEjJDgjJDgz,"경기도 성남시 중원구 광명로 318, 2~3층 (금광동)"
JDU4MTI3MSM1MSMkMiMkMCMkMDAkNTgxOTYxIzMxIyQxIyQ3IyQ5OSQzNjE4MzIjODEjJDEjJDIjJDgz,"경기도 성남시 분당구 불정로 266, 유신제일조합 301호 (수내동)"
JDQ4MTYyMiM1MSMkMSMkMCMkNzIkNTgxOTYxIzExIyQxIyQ3IyQwMyQyNjE4MzIjNTEjJDEjJDYjJDgz,"경기도 성남시 중원구 광명로 111, 인성빌딩 302호 (성남동)"
JDQ4MTYyMiM1MSMkMSMkMCMkMTMkNDgxMTkxIzExIyQxIyQ3IyQ2MiQ0NjEwMDIjNjEjJDEjJDQjJDgz,"경기도 성남시 분당구 성남대로331번길 3-3, 501호 (정자동, 젤존타워3)"
JDU4MTI3MSM1MSMkMiMkMCMkMDAkNDgxOTYxIzIxIyQxIyQ5IyQxMyQyNjE0ODEjNzEjJDEjJDgjJDgz,"경기도 성남시 분당구 성남대로331번길 3-3, 젤존타워III 306호 (정자동)"
JDQ4MTYyMiM1MSMkMSMkMCMkNzIkMzgxMTkxIzMxIyQxIyQzIyQ5MiQ0NjEwMDIjNTEjJDEjJDIjJDgz,"경기도 성남시 분당구 황새울로342번길 9, 5층 (서현동, 정현빌딩)"
JDQ4MTYyMiM1MSMkMSMkMCMkNzIkNTgxOTYxIzExIyQxIyQ3IyQwMyQzNjE4MzIjNjEjJDEjJDgjJDgz,"경기도 성남시 중원구 산성대로 194, 2층 208~211호 (성남동)"
JDU4MTI3MSM1MSMkMiMkMCMkMDAkNTgxOTYxIzIxIyQxIyQ5IyQ4MiQyNjEyMjIjNTEjJDEjJDYjJDgz,"경기도 성남시 분당구 운중로 242, 104호, 112호, 113호, 301호, 303호, 304호, 308호 (판교동)"
JDU4MTI3MSM1MSMkMiMkMCMkMDAkNDgxOTYxIzIxIyQxIyQ1IyQ3OSQ0NjEwMDIjODEjJDEjJDYjJDgz,"경기도 성남시 분당구 황새울로342번길 9, (서현동, 서울문고)"
JDU4MTI3MSM1MSMkMiMkMCMkMDAkNTgxOTYxIzMxIyQyIyQ3IyQwMCQzNjEwMDIjODEjJDEjJDYjJDgz,"경기도 성남시 분당구 황새울로258번길 36, 광진프라자 5층 501호, 502호 (수내동)"
JDU4MTI3MSM1MSMkMiMkMCMkMDAkNDgxNzAyIzExIyQxIyQ3IyQwMyQyNjEyMjIjODEjJDEjJDIjJDgz,"경기도 성남시 분당구 돌마로476번길 41, 2층 (서현동, 분당빌딩)"
JDQ4MTYyMiM1MSMkMSMkMCMkNzIkNTgxOTYxIzExIyQxIyQ3IyQxMyQyNjE4MzIjNDEjJDEjJDgjJDgz,"경기도 성남시 중원구 산성대로372번길 11, 2층 (금광동)"
JDU4MTI3MSM1MSMkMiMkMCMkMDAkNTgxOTYxIzIxIyQxIyQ5IyQ4MiQzNjEwMDIjODEjJDEjJDIjJDgz,"경기도 성남시 수정구 수정로 286, 정인빌딩 3층 (신흥동)"
JDQ4MTYyMiM1MSMkMSMkMCMkNzIkMzgxOTYxIzExIyQxIyQ3IyQ2MiQzNjE4MzIjNTEjJDEjJDYjJDgz,"경기도 성남시 중원구 산성대로 366, 4층 (중앙동)"
JDQ4MTYyMiM1MSMkMSMkMCMkMTMkNDgxMzUxIzIxIyQxIyQ1IyQ5OSQzNjEwMDIjNDEjJDEjJDQjJDgz,"경기도 성남시 분당구 돌마로 80, 현대벤처빌오피스텔 204호 및 205호 일부호 (구미동)"
JDQ4MTYyMiM1MSMkMSMkMCMkMTMkNDgxMTkxIzExIyQxIyQzIyQxMyQ0NjEwMDIjNjEjJDEjJDQjJDgz,"경기도 성남시 분당구 방아로 25, 2층 (이매동)"
JDQ4MTYyMiM1MSMkMSMkMCMkMTMkMzgxNzAyIzQxIyQxIyQ3IyQ5MiQzNjE0ODEjODEjJDEjJDIjJDgz,"경기도 성남시 중원구 희망로 342, 2층 (상대원동)"
JDQ4MTYyMiM1MSMkMSMkMCMkOTkkMzgxOTYxIzIxIyQxIyQxIyQ3MiQ0NjEwMDIjNDEjJDEjJDQjJDgz,"경기도 성남시 수정구 수정로 91, (태평동)"
JDU4MTI3MSM1MSMkMiMkMCMkMDAkNTgxOTYxIzMxIyQxIyQ3IyQ2MiQzNjEwMDIjNjEjJDEjJDgjJDgz,"경기도 성남시 수정구 성남대로 1342, 가천대학교 지하2,3층 308호 (복정동)"
JDQ4MTYyMiM1MSMkMiMkMCMkMDAkNDgxMzUxIzExIyQxIyQ3IyQ3MiQzNjEwMDIjNDEjJDEjJDgjJDgz,"경기도 성남시 중원구 은이로 8, (은행동)"
JDU4MTI3MSM1MSMkMiMkMCMkMDAkNTgxOTYxIzMxIyQxIyQ3IyQ3MiQzNjEwMDIjNTEjJDEjJDYjJDgz,"경기도 성남시 수정구 수정로 174, 진영빌딩 5층 501호 (신흥동)"
JDQ4MTYyMiM1MSMkMSMkMCMkNzIkNTgxOTYxIzIxIyQyIyQxIyQwMCQzNjEwMDIjNDEjJDEjJDQjJDgz,"경기도 성남시 분당구 내정로165번길 38, 601동 218~219호 (수내동, 양지마을청구아파트)"
JDQ4MTYyMiM1MSMkMSMkMCMkMTMkNDgxNzAyIzUxIyQxIyQxIyQ4MiQzNjE0ODEjODEjJDEjJDYjJDgz,"경기도 성남시 수정구 수정북로 38, (태평동)"
JDQ4MTYyMiM1MSMkMSMkMCMkNzIkNDgxMzUxIzMxIyQxIyQ3IyQ5MiQ0NjE0ODEjNDEjJDEjJDgjJDgz,"경기도 성남시 분당구 성남대로 393, B동 201호 (정자동, 두산위브파빌리온)"
JDQ4MTYyMiM1MSMkMSMkMCMkNzIkNDgxNzAyIzIxIyQxIyQ1IyQ2MiQyNjEyMjIjODEjJDEjJDIjJDgz,"경기도 성남시 분당구 성남대로916번길 11, 201호 (야탑동, 글라스타워)"
JDU4MTI3MSM1MSMkMiMkMCMkMDAkNTgxOTYxIzIxIyQxIyQ5IyQxMyQ0NjE0ODEjNjEjJDEjJDAjJDgz,"경기도 성남시 분당구 판교역로 152, 알파돔타워 지하1층 일부호 (백현동)"
JDU4MTI3MSM1MSMkMSMkMCMkMTMkNDgxOTYxIzMxIyQxIyQ3IyQwMyQyNjE0ODEjNDEjJDEjJDQjJDgz,"경기도 성남시 수정구 수정로 141-1, 4층 (태평동)"
JDU4MTI3MSM1MSMkMiMkMCMkMDAkMzgxMzUxIzIxIyQxIyQ1IyQ2MiQ0NjEwMDIjNDEjJDEjJDgjJDgz,"경기도 성남시 분당구 분당로53번길 12, 서현나산플라자 3층 304호 (서현동)"
JDQ4MTYyMiM1MSMkMSMkMCMkMTMkNDgxNzAyIzUxIyQxIyQ1IyQ4OSQzNjE4MzIjNTEjJDEjJDYjJDgz,"경기도 성남시 수정구 성남대로 1224, 2층 (수진동)"
JDQ4MTYyMiM1MSMkMSMkMCMkMTMkNDgxNzAyIzUxIyQxIyQxIyQ3OSQ0NjE0ODEjODEjJDEjJDIjJDgz,"경기도 성남시 수정구 성남대로 1306, 1층 (태평동)"
JDQ4MTYyMiM1MSMkMSMkMCMkNzIkNDgxMzUxIzIxIyQxIyQxIyQ4MiQ0NjEwMDIjNzEjJDEjJDgjJDgz,"경기도 성남시 분당구 돌마로 47, 406호 (금곡동, 이코노샤르망빌딩)"
JDQ4MTYyMiM1MSMkMSMkMCMkNjIkMzgxMzUxIzExIyQyIyQ3IyQwMCQzNjEwMDIjNDEjJDEjJDQjJDgz,"경기도 성남시 분당구 미금로 40, (구미동)"
JDU4MTI3MSM1MSMkMiMkMCMkMDAkNTgxOTYxIzMxIyQxIyQ3IyQ5MiQzNjE4MzIjNjEjJDEjJDAjJDgz,"경기도 성남시 분당구 운중로 140, 메트로골드 502,503호 (운중동)"
JDU4MTI3MSM1MSMkMiMkMCMkMDAkNTgxMzUxIzMxIyQxIyQzIyQ4OSQzNjEyMjIjNDEjJDEjJDgjJDgz,"경기도 성남시 분당구 분당로53번길 12, 서현나산플라자 402,403호 (서현동)"
JDU4MTI3MSM1MSMkMSMkMCMkMTMkNDgxMzUxIzIxIyQxIyQ5IyQ2MiQyNjEwMDIjNDEjJDEjJDgjJDgz,"경기도 성남시 분당구 내정로 58, 204호 (정자동, 스포라이트스포츠센터)"
JDQ4MTYyMiM1MSMkMSMkMCMkMTMkNDgxNzAyIzUxIyQxIyQ1IyQ5OSQ0NjEwMDIjNzEjJDEjJDgjJDgz,"경기도 성남시 분당구 중앙공원로39번길 49, 207호 (서현동, 지엔느오피스텔)"
JDQ4MTYyMiM1MSMkMSMkMCMkMTMkNDgxNzAyIzUxIyQxIyQ1IyQ5OSQzNjEwMDIjNjEjJDEjJDAjJDgz,"경기도 성남시 수정구 위례동로 147, 3층 305호 (창곡동, 위례건아타워)"
JDU4MTI3MSM1MSMkMSMkMCMkMTMkNDgxOTYxIzQxIyQyIyQ3IyQwMCQzNjE0ODEjNTEjJDEjJDIjJDgz,"경기도 성남시 수정구 위례서일로 26, 창곡동 559-6번지 210호 (창곡동)"
JDU4MTI3MSM1MSMkMiMkMCMkMDAkNTgxOTYxIzMxIyQxIyQ3IyQxMyQyNjEyMjIjODEjJDEjJDIjJDgz,"경기도 성남시 중원구 성남대로 1144, 5층 (성남동)"
JDU4MTI3MSM1MSMkMSMkMCMkMTMkNDgxOTYxIzQxIyQyIyQ3IyQwMCQ0NjE0ODEjNjEjJDEjJDQjJDgz,"경기도 성남시 중원구 성남대로 1144, 5층 (성남동)"
JDQ4MTYyMiM1MSMkMSMkMCMkMTMkNDgxNzAyIzExIyQxIyQzIyQ4OSQzNjE4MzIjNjEjJDEjJDgjJDgz,"경기도 성남시 분당구 성남대로 912, 404~406호 (야탑동, 분당BYC빌딩)"
JDQ4MTYyMiM1MSMkMSMkMCMkMTMkMzgxNzAyIzExIyQxIyQzIyQxMyQzNjEwMDIjNjEjJDEjJDgjJDgz,"경기도 성남시 수정구 수정로170번길 9, (신흥동)"
JDU4MTI3MSM1MSMkMSMkMCMkMTMkMzgxNzAyIzMxIyQxIyQzIyQxMyQzNjEyMjIjODEjJDEjJDYjJDgz,"경기도 성남시 분당구 느티로 16, 젤존타워1 205호 (정자동)"
JDQ4MTYyMiM1MSMkMSMkMCMkMTMkMzgxNzAyIzExIyQxIyQzIyQxMyQzNjE0ODEjODEjJDEjJDIjJDgz,"경기도 성남시 수정구 제일로 182, (태평동)"
JDU4MTI3MSM1MSMkMSMkMCMkMTMkNDgxOTYxIzQxIyQyIyQ3IyQwMCQzNjEwMDIjNDEjJDEjJDgjJDgz,"경기도 성남시 분당구 운중로 239, 501호 (판교동)"
JDU4MTI3MSM1MSMkMiMkMCMkMDAkNTgxOTYxIzIxIyQxIyQ5IyQ5OSQyNjE0ODEjODEjJDEjJDIjJDgz,"경기도 성남시 수정구 위례광장로 300, 창곡동 509번지 5층 504,505호 (창곡동)"
JDQ4MTYyMiM1MSMkMiMkMCMkMDAkNTgxOTYxIzMxIyQxIyQ3IyQ5OSQzNjEyMjIjNzEjJDEjJDgjJDgz,"경기도 성남시 분당구 돌마로 68, 211호 3층일부호 (구미동, 분당프라자)"
JDQ4MTYyMiM1MSMkMiMkMCMkMDAkMzgxNzAyIzUxIyQxIyQ1IyQwMyQzNjE4MzIjNjEjJDEjJDQjJDgz,"경기도 성남시 분당구 정자일로 240, 407호 (정자동, 월드프라자)"
JDQ4MTYyMiM1MSMkMiMkMCMkMDAkMzgxNzAyIzMxIyQxIyQzIyQ3MiQyNjEyMjIjNzEjJDEjJDgjJDgz,"경기도 성남시 분당구 불정로 381, 303호 (서현동, 동진프라자)"
JDU4MTI3MSM1MSMkMiMkMCMkMDAkNDgxNzAyIzIxIyQxIyQ1IyQ3OSQzNjEyMjIjNjEjJDEjJDQjJDgz,"경기도 성남시 수정구 위례광장로 310, 우성트램타워 우성트램타워 A동 305,306,307,308,309,310호 (창곡동)"
JDQ4MTYyMiM1MSMkMSMkMCMkNzIkNTgxOTYxIzExIyQxIyQ3IyQwMyQyNjE0ODEjODEjJDEjJDYjJDgz,"경기도 성남시 분당구 성남대로 45, 3층 301호, 303호 (구미동)"
JDQ4MTYyMiM1MSMkMSMkMCMkNzIkMzgxMTkxIzUxIyQxIyQxIyQ5OSQyNjEyMjIjODEjJDEjJDIjJDgz,"경기도 성남시 분당구 불정로 255, 208호 (수내동, 돌마소매시장)"
JDQ4MTYyMiM1MSMkMSMkMCMkNzIkMzgxMTkxIzExIyQxIyQzIyQ3OSQyNjEyMjIjNTEjJDEjJDIjJDgz,"경기도 성남시 분당구 성남대로779번길 54, 402호 (이매동, 동산쇼핑)"
JDQ4MTYyMiM1MSMkMSMkMCMkNzIkMzgxMTkxIzExIyQyIyQzIyQwMCQ0NjE0ODEjNTEjJDEjJDYjJDgz,"경기도 성남시 수정구 탄리로 120, 4층 (태평동, 오거리빌딩)"
JDQ4MTYyMiM1MSMkMSMkMCMkNzIkMzgxMTkxIzExIyQxIyQzIyQ5OSQ0NjE0ODEjNjEjJDEjJDgjJDgz,"경기도 성남시 분당구 내정로17번길 2, 4002호 (정자동, 한솔프라자)"
JDQ4MTYyMiM1MSMkMSMkMCMkNzIkMzgxMTkxIzExIyQxIyQzIyQxMyQyNjE0ODEjNDEjJDEjJDgjJDgz,"경기도 성남시 분당구 돌마로 87, 303호 (금곡동, 골드프라자)"
JDQ4MTYyMiM1MSMkMSMkMCMkNzIkMzgxMTkxIzIxIyQyIyQxIyQwMCQ0NjE0ODEjNjEjJDEjJDgjJDgz,"경기도 성남시 수정구 산성대로 435, 3층 (단대동)"
JDQ4MTYyMiM1MSMkMSMkMCMkNzIkMzgxMTkxIzIxIyQxIyQxIyQ3MiQyNjE4MzIjNDEjJDEjJDQjJDgz,"경기도 성남시 중원구 광명로 59, 2층 (성남동)"
JDQ4MTYyMiM1MSMkMSMkMCMkNzIkMzgxMTkxIzMxIyQxIyQzIyQ4OSQyNjE0ODEjNjEjJDEjJDQjJDgz,"경기도 성남시 분당구 성남대로 934, 401호 (야탑동, 궁전프라자)"
JDQ4MTYyMiM1MSMkMSMkMCMkNzIkMzgxMTkxIzIxIyQxIyQ5IyQwMyQ0NjE0ODEjNjEjJDEjJDQjJDgz,"경기도 성남시 분당구 돌마로 478, 302호 (서현동, 창인프라자)"
JDQ4MTYyMiM1MSMkMSMkMCMkNzIkMzgxMTkxIzIxIyQxIyQxIyQ4MiQzNjEwMDIjNTEjJDEjJDYjJDgz,"경기도 성남시 분당구 돌마로 364, 3층 11호 12호 (수내동, 현대제일상가)"
JDQ4MTYyMiM1MSMkMSMkMCMkNzIkMzgxMTkxIzMxIyQxIyQ3IyQ4OSQzNjE0ODEjNjEjJDEjJDAjJDgz,"경기도 성남시 분당구 황새울로360번길 21, 306호 (서현동, 신영팰리스타워)"
JDQ4MTYyMiM1MSMkMSMkMCMkNzIkMzgxMTkxIzMxIyQxIyQ3IyQ2MiQyNjE4MzIjODEjJDEjJDIjJDgz,"경기도 성남시 분당구 성남대로 912, 312호 (야탑동, BYC빌딩)"
JDQ4MTYyMiM1MSMkMiMkMCMkMDAkNDgxNzAyIzIxIyQxIyQ1IyQ3OSQzNjEyMjIjNTEjJDEjJDIjJDgz,"경기도 성남시 수정구 산성대로 223, 일문파이낸스빌딩 7층 (신흥동)"
JDQ4MTYyMiM1MSMkMiMkMCMkMDAkNTgxMzUxIzIxIyQxIyQ5IyQ2MiQyNjE0ODEjNjEjJDEjJDAjJDgz,"경기도 성남시 수정구 산성대로 249, 4층 (신흥동)"
JDQ4MTYyMiM1MSMkMSMkMCMkNzIkMzgxOTYxIzUxIyQxIyQxIyQ3MiQyNjEyMjIjNjEjJDEjJDAjJDgz,"경기도 성남시 수정구 산성대로 311, 2층 일부 (신흥동)"
JDQ4MTYyMiM1MSMkMSMkMCMkNzIkNDgxMTkxIzMxIyQxIyQzIyQ4OSQyNjE4MzIjNDEjJDEjJDgjJDgz,"경기도 성남시 수정구 산성대로 429, 3층 (단대동)"
JDQ4MTYyMiM1MSMkMSMkMCMkNzIkMzgxOTYxIzExIyQxIyQzIyQ3OSQ0NjEwMDIjNjEjJDEjJDAjJDgz,"경기도 성남시 수정구 산성대로 267, 5층 520~524호 (신흥동)"
JDQ4MTYyMiM1MSMkMSMkMCMkNzIkMzgxMTkxIzQxIyQyIyQ3IyQwMCQ0NjEwMDIjNjEjJDEjJDgjJDgz,"경기도 성남시 중원구 둔촌대로 163, (성남동)"
JDQ4MTYyMiM1MSMkMSMkMCMkNzIkNDgxMTkxIzExIyQxIyQzIyQ5OSQyNjEwMDIjNDEjJDEjJDgjJDgz,"경기도 성남시 수정구 산성대로 237-1, 6,7층 (신흥동)"
JDQ4MTYyMiM1MSMkMSMkMCMkMTMkNDgxMTkxIzExIyQxIyQzIyQ3OSQyNjE0ODEjNjEjJDEjJDgjJDgz,"경기도 성남시 분당구 서판교로 154, 낙생빌딩 202호, 203호 (판교동)"
JDQ4MTYyMiM1MSMkMSMkMCMkNzIkMzgxOTYxIzUxIyQxIyQ1IyQ5OSQ0NjEwMDIjNjEjJDEjJDgjJDgz,"경기도 성남시 중원구 갈마치로 215, 106~107호일부호 (상대원동, 금강펜테리움IT타워)"
JDQ4MTYyMiM1MSMkMSMkMCMkNzIkMzgxMTkxIzUxIyQxIyQxIyQ4OSQzNjEyMjIjNTEjJDEjJDYjJDgz,"경기도 성남시 수정구 위례동로 153, 3층 304호 (창곡동, 에이플타워)"
JDQ4MTYyMiM1MSMkMiMkMCMkMDAkMzgxOTYxIzMxIyQyIyQzIyQwMCQ0NjE0ODEjNDEjJDEjJDgjJDgz,"경기도 성남시 수정구 산성대로 289, 3층 (신흥동)"
JDQ4MTYyMiM1MSMkMSMkMCMkOTkkMzgxOTYxIzExIyQxIyQ3IyQ2MiQzNjE0ODEjNjEjJDEjJDQjJDgz,"경기도 성남시 수정구 산성대로 267, 5층 일부, 6층 (신흥동)"
JDQ4MTYyMiM1MSMkMiMkMCMkMDAkMzgxMTkxIzQxIyQxIyQ3IyQ5OSQyNjEyMjIjNTEjJDEjJDIjJDgz,"경기도 성남시 수정구 산성대로 305, 206-213호 (신흥동, 삼부르네상스파크Ⅱ)"
JDQ4MTYyMiM1MSMkMSMkMCMkNzIkMzgxMTkxIzUxIyQxIyQ1IyQwMyQyNjEyMjIjODEjJDEjJDIjJDgz,"경기도 성남시 분당구 장미로 139, 2층 일부(201호)호 (야탑동, 매화마을공무원아파트)"
JDQ4MTYyMiM1MSMkMSMkMCMkNzIkMzgxMTkxIzUxIyQxIyQ1IyQxMyQ0NjE0ODEjNjEjJDEjJDAjJDgz,"경기도 성남시 분당구 미금로 184, 205호 (구미동, 대우롯데선경아파트상가)"
JDQ4MTYyMiM1MSMkMSMkMCMkNzIkMzgxNzAyIzExIyQxIyQzIyQ2MiQyNjEyMjIjNzEjJDEjJDgjJDgz,"경기도 성남시 수정구 수정로 59, 3층 (태평동)"
JDQ4MTYyMiM1MSMkMSMkMCMkNzIkMzgxNzAyIzExIyQyIyQ3IyQwMCQyNjE4MzIjNjEjJDEjJDAjJDgz,"경기도 성남시 수정구 공원로 322, 214호 (신흥동, 신동아파라디움)"
JDQ4MTYyMiM1MSMkMSMkMCMkNzIkMzgxNzAyIzIxIyQxIyQxIyQxMyQyNjEwMDIjODEjJDEjJDIjJDgz,"경기도 성남시 수정구 산성대로 249, (신흥동)"
JDQ4MTYyMiM1MSMkMSMkMCMkNzIkMzgxNzAyIzIxIyQxIyQ1IyQxMyQzNjEyMjIjNjEjJDEjJDQjJDgz,"경기도 성남시 분당구 구미로 11, 705호 (구미동, 구미동빌딩)"
JDQ4MTYyMiM1MSMkMSMkMCMkNzIkMzgxMzUxIzMxIyQyIyQzIyQwMCQ0NjE0ODEjNjEjJDEjJDAjJDgz,"경기도 성남시 분당구 양현로310번길 25, 뉴씨티모텔 304호 (야탑동)"
JDQ4MTYyMiM1MSMkMSMkMCMkNzIkMzgxNzAyIzIxIyQxIyQ1IyQ4MiQzNjE4MzIjNDEjJDEjJDgjJDgz,"경기도 성남시 분당구 야탑로81번길 10, 분당아미고타워 405호 (야탑동)"
JDQ4MTYyMiM1MSMkMSMkMCMkNzIkMzgxNzAyIzIxIyQxIyQ1IyQ5MiQzNjEwMDIjNTEjJDEjJDIjJDgz,"경기도 성남시 분당구 황새울로335번길 5, 401호 401-2호 (서현동, 앤다운빌딩)"
JDQ4MTYyMiM1MSMkMSMkMCMkNzIkMzgxNzAyIzIxIyQxIyQ1IyQxMyQyNjEwMDIjNjEjJDEjJDAjJDgz,"경기도 성남시 분당구 돌마로 80, 2층 1,2호 (구미동, 현대벤처빌)"
JDQ4MTYyMiM1MSMkMSMkMCMkMTMkNDgxMzUxIzIxIyQxIyQ1IyQ4MiQzNjEwMDIjODEjJDEjJDYjJDgz,"경기도 성남시 중원구 산성대로 366, 302호 (중앙동, 벽산프라자)"
JDQ4MTYyMiM1MSMkMSMkMCMkMTMkNDgxMzUxIzIxIyQxIyQ1IyQxMyQzNjE0ODEjNTEjJDEjJDIjJDgz,"경기도 성남시 중원구 성남대로 1124, 3층 (성남동)"
JDQ4MTYyMiM1MSMkMSMkMCMkNzIkMzgxNzAyIzMxIyQxIyQ3IyQwMyQzNjE0ODEjNDEjJDEjJDgjJDgz,"경기도 성남시 분당구 중앙공원로40번길 32, 2층 (서현동)"
JDQ4MTYyMiM1MSMkMSMkMCMkNzIkMzgxNzAyIzMxIyQxIyQ3IyQxMyQyNjEyMjIjNDEjJDEjJDgjJDgz,"경기도 성남시 수정구 수정로 219-1, 2층 (태평동)"
JDQ4MTYyMiM1MSMkMiMkMCMkMDAkMzgxMTkxIzQxIyQyIyQ3IyQwMCQzNjEwMDIjNjEjJDEjJDAjJDgz,"경기도 성남시 수정구 수정로 115-1, (태평동)"
JDQ4MTYyMiM1MSMkMSMkMCMkMTMkNDgxNzAyIzMxIyQxIyQzIyQ2MiQyNjEyMjIjODEjJDEjJDYjJDgz,"경기도 성남시 분당구 돌마로 85, 302호 308호 (금곡동)"
JDQ4MTYyMiM1MSMkMSMkMCMkMTMkMzgxNzAyIzIxIyQxIyQxIyQ3OSQzNjEyMjIjNDEjJDEjJDgjJDgz,"경기도 성남시 분당구 백현로 97, 수내동 다운타운 4층 404호 (수내동)"
JDQ4MTYyMiM1MSMkMiMkMCMkMDAkMzgxOTYxIzIxIyQxIyQ5IyQ5MiQyNjE4MzIjNTEjJDEjJDIjJDgz,"경기도 성남시 중원구 산성대로372번길 14, (금광동)"
JDQ4MTYyMiM1MSMkMSMkMCMkNzIkNDgxMzUxIzExIyQyIyQzIyQwMCQyNjE4MzIjNTEjJDEjJDYjJDgz,"경기도 성남시 수정구 수정로 106, 401호 (수진동)"
JDQ4MTYyMiM1MSMkMSMkMCMkNzIkNDgxMzUxIzExIyQxIyQzIyQwMyQyNjE0ODEjNjEjJDEjJDQjJDgz,"경기도 성남시 분당구 정자일로 240, 506호 (정자동, 월드프라자)"
JDQ4MTYyMiM1MSMkMSMkMCMkNzIkNDgxMzUxIzExIyQxIyQzIyQ5MiQ0NjE0ODEjNTEjJDEjJDYjJDgz,"경기도 성남시 분당구 판교로 372, 301~303호 (삼평동, 스타식스코아1)"
JDQ4MTYyMiM1MSMkMiMkMCMkMDAkNTgxMzUxIzExIyQxIyQ3IyQ3MiQyNjEyMjIjODEjJDEjJDYjJDgz,"경기도 성남시 분당구 돌마로 43, 메디파크빌딩 4층 401-1호, 401-3호, 401-4호 (금곡동)"
JDQ4MTYyMiM1MSMkMiMkMCMkMDAkNTgxOTYxIzIxIyQyIyQxIyQwMCQzNjE0ODEjNTEjJDEjJDIjJDgz,"경기도 성남시 분당구 내정로 29, 306,307호 (정자동, 금곡프라자)"
JDQ4MTYyMiM1MSMkMiMkMCMkMDAkNDgxMzUxIzMxIyQxIyQzIyQ3MiQ0NjEwMDIjNDEjJDEjJDQjJDgz,"경기도 성남시 수정구 수정로119번길 12-1, 1층 (태평동)"
JDQ4MTYyMiM1MSMkMSMkMCMkMTMkNDgxMTkxIzExIyQxIyQ3IyQ4MiQzNjEwMDIjNzEjJDEjJDgjJDgz,"경기도 성남시 중원구 둔촌대로 164, 2층 (하대원동)"
JDQ4MTYyMiM1MSMkMSMkMCMkOTkkNTgxMzUxIzMxIyQxIyQ3IyQ5OSQ0NjEwMDIjNDEjJDEjJDgjJDgz,"경기도 성남시 중원구 양현로405번길 13, 중일아인스빌딩 지하3층,2~10층 (여수동)"
JDQ4MTYyMiM1MSMkMSMkMCMkNzIkMzgxOTYxIzMxIyQxIyQzIyQxMyQzNjEwMDIjODEjJDEjJDYjJDgz,"경기도 성남시 분당구 돌마로476번길 31, 211호 (서현동, 임광근린상가)"
JDQ4MTYyMiM1MSMkMiMkMCMkMDAkNDgxMTkxIzIxIyQxIyQ1IyQ2MiQ0NjE0ODEjNTEjJDEjJDIjJDgz,"경기도 성남시 수정구 탄리로 120, 2층 (태평동)"
JDQ4MTYyMiM1MSMkMSMkMCMkNzIkMzgxOTYxIzMxIyQyIyQ3IyQwMCQ0NjE0ODEjNjEjJDEjJDgjJDgz,"경기도 성남시 분당구 서현로 181, 303호 (이매동, 한신아파트단지내상가)"
JDQ4MTYyMiM1MSMkMSMkMCMkNzIkMzgxOTYxIzMxIyQxIyQ3IyQwMyQzNjEyMjIjNjEjJDEjJDgjJDgz,"경기도 성남시 수정구 산성대로 269, (신흥동)"
JDQ4MTYyMiM1MSMkMiMkMCMkMDAkMzgxNzAyIzMxIyQxIyQ3IyQ5MiQ0NjEwMDIjNjEjJDEjJDQjJDgz,"경기도 성남시 분당구 불정로 379, 302호 (서현동, 분당서현프라자)"
JDQ4MTYyMiM1MSMkMSMkMCMkNzIkMzgxOTYxIzQxIyQxIyQ3IyQ4OSQzNjE4MzIjNDEjJDEjJDQjJDgz,"경기도 성남시 중원구 산성대로372번길 13, (금광동)"
JDQ4MTYyMiM1MSMkMSMkMCMkNzIkMzgxOTYxIzQxIyQxIyQ3IyQ3OSQzNjE4MzIjNTEjJDEjJDIjJDgz,"경기도 성남시 분당구 양현로94번길 21, 305호 (이매동, 분당코아빌딩)"
JDQ4MTYyMiM1MSMkMSMkMCMkNzIkMzgxOTYxIzUxIyQxIyQxIyQ4MiQyNjE4MzIjNDEjJDEjJDQjJDgz,"경기도 성남시 중원구 성남대로 1129, (성남동, 하나빌딩)"
JDQ4MTYyMiM1MSMkMSMkMCMkNzIkMzgxOTYxIzUxIyQxIyQxIyQ4MiQzNjEyMjIjNjEjJDEjJDAjJDgz,"경기도 성남시 분당구 성남대로 906, 5층일부호 (야탑동, 국민은행)"
JDQ4MTYyMiM1MSMkMSMkMCMkNzIkMzgxOTYxIzUxIyQxIyQxIyQ2MiQzNjE4MzIjODEjJDEjJDIjJDgz,"경기도 성남시 분당구 이매로 13, 306호 (이매동, 뉴선경프라자)"
JDQ4MTYyMiM1MSMkMSMkMCMkNzIkMzgxOTYxIzUxIyQxIyQxIyQ3MiQzNjEwMDIjODEjJDEjJDYjJDgz,"경기도 성남시 수정구 산성대로 207, (신흥동, 에드모스)"
JDQ4MTYyMiM1MSMkMiMkMCMkMDAkNDgxMzUxIzIxIyQxIyQxIyQ4MiQzNjEwMDIjNjEjJDEjJDQjJDgz,"경기도 성남시 수정구 공원로 322, 205호 (신흥동, 신동아파라디움)"
JDQ4MTYyMiM1MSMkMSMkMCMkNzIkNDgxMTkxIzMxIyQxIyQ3IyQ4MiQ0NjE0ODEjNjEjJDEjJDQjJDgz,"경기도 성남시 분당구 돌마로 52, 402호 (구미동, MD프라자)"
JDQ4MTYyMiM1MSMkMSMkMCMkNzIkMzgxMzUxIzIxIyQxIyQxIyQwMyQ0NjE0ODEjNDEjJDEjJDgjJDgz,"경기도 성남시 수정구 시민로 135, 3층 (신흥동)"
JDQ4MTYyMiM1MSMkMSMkMCMkNzIkMzgxOTYxIzUxIyQxIyQ1IyQwMyQ0NjE0ODEjNDEjJDEjJDgjJDgz,"경기도 성남시 수정구 수정로 202, (신흥동)"
JDQ4MTYyMiM1MSMkMSMkMCMkNzIkNDgxOTYxIzIxIyQxIyQxIyQ5OSQyNjEwMDIjODEjJDEjJDIjJDgz,"경기도 성남시 수정구 제일로 165, 2층 (태평동)"
JDQ4MTYyMiM1MSMkMSMkMCMkNzIkNDgxNzAyIzQxIyQyIyQ3IyQwMCQyNjEwMDIjODEjJDEjJDIjJDgz,"경기도 성남시 수정구 위례광장로 300, 7층 717호 (창곡동, 위례중앙역중앙타워)"
JDQ4MTYyMiM1MSMkMSMkMCMkNzIkNTgxMzUxIzUxIyQxIyQ1IyQxMyQyNjE4MzIjNjEjJDEjJDgjJDgz,"경기도 성남시 분당구 대왕판교로606번길 58, 판교푸르지오월드마크 2-42,2-43호 (삼평동)"
JDQ4MTYyMiM1MSMkMiMkMCMkMDAkNDgxMTkxIzUxIyQxIyQ1IyQ3MiQzNjE4MzIjNDEjJDEjJDQjJDgz,"경기도 성남시 수정구 수정로 106, 303호 (수진동)"
JDQ4MTYyMiM1MSMkMiMkMCMkMDAkNTgxMzUxIzMxIyQxIyQ3IyQxMyQzNjEwMDIjNjEjJDEjJDAjJDgz,"경기도 성남시 분당구 돌마로 75, 403호 (금곡동, 미금프라자)"
JDQ4MTYyMiM1MSMkMSMkMCMkMTMkNDgxNzAyIzIxIyQxIyQ1IyQ4MiQzNjEyMjIjNTEjJDEjJDYjJDgz,"경기도 성남시 분당구 돌마로 73, 403호 (금곡동, 우방코아)"
JDQ4MTYyMiM1MSMkMSMkMCMkMTMkNDgxOTYxIzUxIyQxIyQxIyQ5MiQyNjE4MzIjNzEjJDEjJDgjJDgz,"경기도 성남시 수정구 남문로69번길 5-6, 2층 (태평동)"
JDQ4MTYyMiM1MSMkMSMkMCMkOTkkNTgxMzUxIzUxIyQxIyQ1IyQ3OSQyNjEwMDIjNDEjJDEjJDgjJDgz,"경기도 성남시 수정구 헌릉로 999, 5~10층 (창곡동)"
JDQ4MTYyMiM1MSMkMiMkMCMkMDAkNDgxNzAyIzIxIyQxIyQ1IyQwMyQ0NjEwMDIjNjEjJDEjJDQjJDgz,"경기도 성남시 분당구 정자일로 55, 109-311호 (금곡동, 분당두산위브)"
JDQ4MTYyMiM1MSMkMSMkMCMkNzIkNDgxNzAyIzIxIyQxIyQ5IyQ5MiQyNjEwMDIjODEjJDEjJDIjJDgz,"경기도 성남시 수정구 위례광장로 310, A동 5층 506,507호 (창곡동, 우성트램타워)"
JDQ4MTYyMiM1MSMkMiMkMCMkMDAkNDgxNzAyIzMxIyQxIyQzIyQ2MiQzNjE4MzIjNTEjJDEjJDIjJDgz,"경기도 성남시 분당구 장미로 139, 201호 (야탑동,  매화마을 공무원아파트상가)"
JDQ4MTYyMiM1MSMkMiMkMCMkMDAkNTgxMzUxIzMxIyQxIyQzIyQ2MiQyNjE4MzIjNjEjJDEjJDQjJDgz,"경기도 성남시 분당구 돌마로 68, 406~409호 (구미동, 분당프라자)"
JDQ4MTYyMiM1MSMkMiMkMCMkMDAkNTgxOTYxIzIxIyQxIyQ5IyQ4OSQzNjE0ODEjNDEjJDEjJDgjJDgz,"경기도 성남시 분당구 황새울로342번길 11, 403호 404호 (서현동, 금호리빙스텔)"
JDQ4MTYyMiM1MSMkMSMkMCMkMTMkMzgxNzAyIzMxIyQxIyQ3IyQ3OSQzNjEyMjIjNzEjJDEjJDgjJDgz,"경기도 성남시 분당구 분당내곡로 151, 404,405호 (삼평동, 삼도타워)"
JDQ4MTYyMiM1MSMkMSMkMCMkNzIkNDgxMTkxIzIxIyQxIyQ5IyQwMyQ0NjEwMDIjNjEjJDEjJDQjJDgz,"경기도 성남시 중원구 도촌남로 33, 403호 (도촌동, 세일프라자)"
JDQ4MTYyMiM1MSMkMSMkMCMkMTMkNDgxMTkxIzIxIyQxIyQxIyQwMyQzNjE4MzIjNjEjJDEjJDAjJDgz,"경기도 성남시 분당구 돌마로 86, 304호 (구미동, 엘레강스프라자)"
JDQ4MTYyMiM1MSMkMSMkMCMkMTMkNDgxMTkxIzIxIyQxIyQ1IyQ5OSQyNjE0ODEjNDEjJDEjJDQjJDgz,"경기도 성남시 중원구 희망로 312, 3층 (상대원동)"
JDQ4MTYyMiM1MSMkMSMkMCMkNjIkMzgxMzUxIzExIyQxIyQzIyQwMyQ0NjEwMDIjNTEjJDEjJDIjJDgz,"경기도 성남시 분당구 정자일로198번길 15, 7층 일부호 (정자동, 제나프라자)"
JDQ4MTYyMiM1MSMkMSMkMCMkNjIkMzgxMzUxIzExIyQxIyQ3IyQ4OSQyNjEyMjIjNDEjJDEjJDgjJDgz,"경기도 성남시 분당구 분당내곡로 117, 알파돔타워Ⅳ 3층 301호 (백현동)"
JDQ4MTYyMiM1MSMkMSMkMCMkNzIkMzgxMzUxIzExIyQxIyQ3IyQ4MiQyNjE0ODEjNjEjJDEjJDQjJDgz,"경기도 성남시 수정구 산성대로 285, (신흥동)"
JDQ4MTYyMiM1MSMkMSMkMCMkNzIkMzgxNzAyIzIxIyQxIyQxIyQ5OSQyNjE0ODEjODEjJDEjJDYjJDgz,"경기도 성남시 중원구 성남대로 1126, 401호 (성남동)"
JDQ4MTYyMiM1MSMkMSMkMCMkNzIkMzgxMzUxIzMxIyQyIyQzIyQwMCQ0NjEwMDIjNTEjJDEjJDIjJDgz,"경기도 성남시 중원구 성남대로 1126, 206호 (성남동, 메가프라자)"
JDQ4MTYyMiM1MSMkMSMkMCMkNzIkMzgxMzUxIzQxIyQxIyQ3IyQ4MiQzNjE0ODEjNjEjJDEjJDgjJDgz,"경기도 성남시 분당구 백현로101번길 17, 407,408호 (수내동, 초림프라자)"
JDQ4MTYyMiM1MSMkMSMkMCMkNzIkMzgxMzUxIzQxIyQxIyQ3IyQ5MiQyNjE0ODEjNDEjJDEjJDgjJDgz,"경기도 성남시 분당구 정자일로 1, D동 102호 (금곡동, 코오롱트리폴리스)"
JDQ4MTYyMiM1MSMkMSMkMCMkNzIkMzgxNzAyIzMxIyQxIyQ3IyQxMyQzNjE0ODEjODEjJDEjJDIjJDgz,"경기도 성남시 분당구 구미로9번길 7, 311호 (구미동, 팬텀테마광장)"
JDQ4MTYyMiM1MSMkMSMkMCMkNzIkMzgxNzAyIzMxIyQxIyQ3IyQxMyQ0NjEwMDIjODEjJDEjJDYjJDgz,"경기도 성남시 수정구 수정로 130, (수진동)"
JDQ4MTYyMiM1MSMkMiMkMCMkMDAkNDgxMTkxIzIxIyQxIyQ1IyQ2MiQyNjEwMDIjNjEjJDEjJDQjJDgz,"경기도 성남시 분당구 돌마로 75, 미금프라자 302호 (금곡동)"
JDQ4MTYyMiM1MSMkMSMkMCMkNzIkNTgxMzUxIzMxIyQxIyQ3IyQ4MiQyNjEyMjIjNzEjJDEjJDgjJDgz,"경기도 성남시 수정구 위례광장로 322, 2층 201호 (창곡동, 아이플렉스)"
JDQ4MTYyMiM1MSMkMSMkMCMkNzIkMzgxOTYxIzMxIyQxIyQzIyQ2MiQzNjEyMjIjNDEjJDEjJDgjJDgz,"경기도 성남시 분당구 야탑로 95, 502호 (야탑동, 세신옴니코아)"
JDQ4MTYyMiM1MSMkMSMkMCMkNzIkMzgxOTYxIzMxIyQxIyQzIyQ5OSQ0NjEwMDIjNDEjJDEjJDgjJDgz,"경기도 성남시 분당구 돌마로 361, 501호 (수내동, 동신코아빌딩)"
JDQ4MTYyMiM1MSMkMSMkMCMkNzIkMzgxOTYxIzMxIyQxIyQzIyQ2MiQzNjE4MzIjODEjJDEjJDYjJDgz,"경기도 성남시 분당구 내정로166번길 7-3, 301호 (수내동, 서기빌딩)"
JDQ4MTYyMiM1MSMkMSMkMCMkNzIkNTgxMzUxIzUxIyQxIyQxIyQ4MiQyNjEwMDIjNDEjJDEjJDgjJDgz,"경기도 성남시 중원구 금상로96번길 2, 2층 (상대원동)"
JDQ4MTYyMiM1MSMkMSMkMCMkOTkkNTgxMzUxIzIxIyQxIyQxIyQxMyQ0NjEwMDIjNzEjJDEjJDgjJDgz,"경기도 성남시 분당구 새나리로 13, (야탑동)"
JDQ4MTYyMiM1MSMkMSMkMCMkMTMkNDgxNzAyIzIxIyQxIyQxIyQ4MiQzNjEyMjIjNzEjJDEjJDgjJDgz,"경기도 성남시 분당구 성남대로331번길 3-13, 대명제스트빌딩 3층 302호 (정자동)"
JDQ4MTYyMiM1MSMkMiMkMCMkMDAkNDgxMTkxIzQxIyQxIyQ3IyQ3MiQzNjE0ODEjNTEjJDEjJDIjJDgz,"경기도 성남시 분당구 백현로 105, 210호 (수내동)"
JDQ4MTYyMiM1MSMkMSMkMCMkNzIkNDgxOTYxIzExIyQxIyQ3IyQ3MiQzNjE0ODEjODEjJDEjJDIjJDgz,"경기도 성남시 분당구 성남대로331번길 3-3, 301호 (정자동, 젤존타워III)"
JDQ4MTYyMiM1MSMkMSMkMCMkNzIkNDgxMzUxIzExIyQxIyQ3IyQwMyQyNjEwMDIjNDEjJDEjJDQjJDgz,"경기도 성남시 수정구 수정로 210, 3층 (신흥동, 제중빌딩)"
JDQ4MTYyMiM1MSMkMiMkMCMkMDAkNDgxMzUxIzIxIyQxIyQ1IyQ4OSQzNjE0ODEjNzEjJDEjJDgjJDgz,"경기도 성남시 분당구 내정로 29, 207호 (정자동, 금곡프라자)"
JDQ4MTYyMiM1MSMkMiMkMCMkMDAkNTgxMzUxIzMxIyQxIyQ3IyQxMyQyNjEyMjIjNDEjJDEjJDQjJDgz,"경기도 성남시 수정구 수정로 115-1, 5층 (태평동)"
JDQ4MTYyMiM1MSMkMiMkMCMkMDAkNTgxMzUxIzQxIyQyIyQ3IyQwMCQ0NjEwMDIjNDEjJDEjJDQjJDgz,"경기도 성남시 중원구 성남대로 1142, 3층 (성남동)"
JDQ4MTYyMiM1MSMkMiMkMCMkMDAkNTgxOTYxIzIxIyQxIyQxIyQ3MiQzNjEwMDIjNjEjJDEjJDQjJDgz,"경기도 성남시 중원구 광명로 331, 2층 (금광동)"
JDQ4MTYyMiM1MSMkMiMkMCMkMDAkNTgxOTYxIzIxIyQxIyQxIyQxMyQyNjE0ODEjNTEjJDEjJDYjJDgz,"경기도 성남시 분당구 야탑로81번길 10, 307-1호 (야탑동, 아미고타워)"
JDQ4MTYyMiM1MSMkMiMkMCMkMDAkNTgxOTYxIzIxIyQxIyQ5IyQ3MiQzNjEyMjIjNjEjJDEjJDgjJDgz,"경기도 성남시 분당구 황새울로258번길 36, 403호 (수내동, 광진프라자)"
JDQ4MTYyMiM1MSMkMiMkMCMkMDAkNTgxOTYxIzMxIyQxIyQzIyQ5MiQyNjE0ODEjODEjJDEjJDIjJDgz,"경기도 성남시 분당구 성남대로 385, 502호 (정자동, 분당클리닉빌딩)"
JDQ4MTYyMiM1MSMkMSMkMCMkMTMkMzgxMTkxIzIxIyQxIyQ5IyQ3OSQ0NjE0ODEjNjEjJDEjJDQjJDgz,"경기도 성남시 수정구 성남대로 1170, 의남빌딩 7,8층 (수진동)"
JDQ4MTYyMiM1MSMkMiMkMCMkMDAkNTgxOTYxIzMxIyQxIyQ3IyQxMyQyNjE0ODEjODEjJDEjJDYjJDgz,"경기도 성남시 중원구 희망로 312, 대원빌딩 4층 (상대원동)"
JDQ4MTYyMiM1MSMkMSMkMCMkMTMkNDgxMTkxIzUxIyQxIyQxIyQ5MiQyNjE0ODEjODEjJDEjJDIjJDgz,"경기도 성남시 분당구 성남대로926번길 6, 401호 (야탑동, 대덕프라자)"
JDQ4MTYyMiM1MSMkMSMkMCMkMTMkNDgxOTYxIzExIyQxIyQzIyQ5OSQzNjEwMDIjNjEjJDEjJDgjJDgz,"경기도 성남시 수정구 성남대로 1241, 2층~4층 (태평동)"
JDQ4MTYyMiM1MSMkMiMkMCMkMDAkNTgxOTYxIzQxIyQxIyQ3IyQ3MiQyNjE4MzIjNDEjJDEjJDgjJDgz,"경기도 성남시 분당구 성남대로916번길 7, 301호 (야탑동, 서일빌딩)"
JDQ4MTYyMiM1MSMkMiMkMCMkMDAkNDgxOTYxIzIxIyQxIyQ5IyQ5MiQ0NjE0ODEjNjEjJDEjJDQjJDgz,"경기도 성남시 분당구 야탑로 243, 3층 (야탑동, 부건프라자)"
JDQ4MTYyMiM1MSMkMSMkMCMkNzIkNDgxNzAyIzUxIyQxIyQ1IyQ3MiQyNjE4MzIjNDEjJDEjJDgjJDgz,"경기도 성남시 분당구 돌마로 67, 금산젬월드 4층 404호 (금곡동)"
JDQ4MTYyMiM1MSMkMSMkMCMkMTMkNDgxMTkxIzUxIyQxIyQxIyQwMyQzNjE4MzIjNTEjJDEjJDIjJDgz,"경기도 성남시 분당구 성남대로 926, 303일부호, 408호 (야탑동, 분당메트로)"
JDQ4MTYyMiM1MSMkMSMkMCMkNzIkMzgxOTYxIzIxIyQxIyQ5IyQwMyQyNjEwMDIjNTEjJDEjJDIjJDgz,"경기도 성남시 분당구 성남대로 168, 308호 (금곡동, 미도프라자)"
JDQ4MTYyMiM1MSMkMSMkMCMkNzIkMzgxOTYxIzIxIyQxIyQ1IyQ2MiQyNjEwMDIjNzEjJDEjJDgjJDgz,"경기도 성남시 수정구 수정로 167, 2층 (태평동)"
JDQ4MTYyMiM1MSMkMiMkMCMkMDAkNDgxMTkxIzMxIyQyIyQ3IyQwMCQyNjEyMjIjNjEjJDEjJDQjJDgz,"경기도 성남시 분당구 야탑로69번길 24-8, 309호 (야탑동)"
JDQ4MTYyMiM1MSMkMSMkMCMkNzIkMzgxOTYxIzMxIyQxIyQzIyQ3MiQzNjE0ODEjNDEjJDEjJDgjJDgz,"경기도 성남시 분당구 돌마로 481, 3층 307호 (서현동, 분당우성프라자)"
JDQ4MTYyMiM1MSMkMSMkMCMkNzIkMzgxMzUxIzUxIyQxIyQ1IyQxMyQyNjEyMjIjNjEjJDEjJDAjJDgz,"경기도 성남시 중원구 광명로 373, 2층 (금광동)"
JDQ4MTYyMiM1MSMkMSMkMCMkNzIkMzgxMzUxIzUxIyQxIyQ1IyQxMyQyNjEwMDIjNjEjJDEjJDgjJDgz,"경기도 성남시 중원구 산성대로372번길 14, 2층 (금광동)"
JDQ4MTYyMiM1MSMkMSMkMCMkNzIkMzgxOTYxIzExIyQxIyQzIyQ3OSQzNjEwMDIjNDEjJDEjJDgjJDgz,"경기도 성남시 중원구 제일로 37, 3층 (성남동)"
JDQ4MTYyMiM1MSMkMiMkMCMkMDAkNTgxOTYxIzExIyQxIyQ3IyQ4MiQzNjE0ODEjODEjJDEjJDIjJDgz,"경기도 성남시 수정구 성남대로 1237, 지하1,1,2,3층 (태평동)"
JDQ4MTYyMiM1MSMkMSMkMCMkNzIkMzgxOTYxIzIxIyQxIyQ5IyQxMyQzNjEyMjIjNDEjJDEjJDgjJDgz,"경기도 성남시 중원구 둔촌대로 449, A동 308호 (상대원동, 중앙인더스피아상가)"
JDQ4MTYyMiM1MSMkMSMkMCMkNzIkMzgxMTkxIzIxIyQxIyQxIyQ3OSQyNjE4MzIjNTEjJDEjJDYjJDgz,"경기도 성남시 분당구 돌마로 73, 301호 (금곡동, 우방코아)"
JDQ4MTYyMiM1MSMkMSMkMCMkNzIkMzgxMTkxIzMxIyQxIyQzIyQwMyQyNjEwMDIjNjEjJDEjJDAjJDgz,"경기도 성남시 중원구 둔촌대로281번길 3, (하대원동)"
JDQ4MTYyMiM1MSMkMSMkMCMkNzIkMzgxMTkxIzMxIyQxIyQ3IyQxMyQzNjEwMDIjNDEjJDEjJDgjJDgz,"경기도 성남시 분당구 미금일로 71, 203호 (구미동, 하나빌딩)"
JDQ4MTYyMiM1MSMkMSMkMCMkNzIkMzgxNzAyIzExIyQxIyQzIyQ3OSQyNjE0ODEjNDEjJDEjJDgjJDgz,"경기도 성남시 수정구 수정로 122, 2층 (수진동)"
JDQ4MTYyMiM1MSMkMiMkMCMkMDAkNTgxOTYxIzQxIyQyIyQ3IyQwMCQzNjE4MzIjODEjJDEjJDYjJDgz,"경기도 성남시 수정구 남문로 66, 2~3층 (태평동)"
JDQ4MTYyMiM1MSMkMiMkMCMkMDAkNTgxOTYxIzQxIyQxIyQ3IyQ4MiQzNjE0ODEjNjEjJDEjJDgjJDgz,"경기도 성남시 분당구 서현로210번길 20, 코코프라자 502호 (서현동)"
JDQ4MTYyMiM1MSMkMiMkMCMkMDAkNTgxOTYxIzQxIyQyIyQ3IyQwMCQ0NjE0ODEjNzEjJDEjJDgjJDgz,"경기도 성남시 분당구 정자일로 248, 501호 (정자동, 파크뷰상가)"
JDQ4MTYyMiM1MSMkMSMkMCMkNzIkMzgxNzAyIzQxIyQxIyQ3IyQ5MiQyNjE4MzIjNDEjJDEjJDgjJDgz,"경기도 성남시 수정구 수정로 141-1, 3층 (태평동)"
JDQ4MTYyMiM1MSMkMSMkMCMkNzIkNDgxMzUxIzIxIyQxIyQxIyQwMyQzNjE4MzIjNjEjJDEjJDQjJDgz,"경기도 성남시 분당구 돌마로 482, 3층 (서현동, 주영빌딩)"
JDQ4MTYyMiM1MSMkMSMkMCMkNzIkMzgxNzAyIzIxIyQxIyQ5IyQ3MiQ0NjEwMDIjNzEjJDEjJDgjJDgz,"경기도 성남시 분당구 돌마로476번길 41, 2층 (서현동, 분당빌딩)"
JDQ4MTYyMiM1MSMkMSMkMCMkNzIkNDgxMzUxIzIxIyQxIyQ1IyQ3OSQyNjE4MzIjNDEjJDEjJDgjJDgz,"경기도 성남시 분당구 느티로 16, 401호 (정자동, 젤존타워)"
JDQ4MTYyMiM1MSMkMSMkMCMkNzIkNDgxMzUxIzIxIyQxIyQxIyQxMyQzNjEyMjIjNjEjJDEjJDAjJDgz,"경기도 성남시 수정구 수정로 121, 2층 (태평동)"
JDQ4MTYyMiM1MSMkMSMkMCMkNzIkNDgxMzUxIzIxIyQxIyQ1IyQwMyQ0NjE0ODEjNDEjJDEjJDQjJDgz,"경기도 성남시 분당구 서현로 204, 404호 (서현동, 엘지에클라트2차)"
JDQ4MTYyMiM1MSMkMSMkMCMkNzIkNDgxMzUxIzIxIyQxIyQ1IyQ4MiQyNjE0ODEjNDEjJDEjJDQjJDgz,"경기도 성남시 분당구 내정로173번길 49, 303호 (수내동, 궁전프라자)"
JDQ4MTYyMiM1MSMkMSMkMCMkNzIkNDgxMzUxIzIxIyQxIyQ5IyQ3MiQyNjEwMDIjNzEjJDEjJDgjJDgz,"경기도 성남시 수정구 수정로 115-1, (태평동)"
JDQ4MTYyMiM1MSMkMSMkMCMkNzIkNDgxMzUxIzMxIyQxIyQzIyQxMyQzNjEyMjIjNTEjJDEjJDYjJDgz,"경기도 성남시 분당구 돌마로486번길 12, 207~209호 (서현동, 효자촌 근린상가동)"
JDQ4MTYyMiM1MSMkMiMkMCMkMDAkNDgxNzAyIzIxIyQxIyQxIyQ3OSQyNjEwMDIjNjEjJDEjJDQjJDgz,"경기도 성남시 분당구 백현로101번길 25, 4층 (수내동)"
JDQ4MTYyMiM1MSMkMSMkMCMkNzIkNDgxMzUxIzMxIyQxIyQzIyQ4OSQyNjEwMDIjNjEjJDEjJDAjJDgz,"경기도 성남시 수정구 산성대로 305, 201,202,225호 (신흥동, 삼부르네상스파크Ⅱ)"
JDQ4MTYyMiM1MSMkMSMkMCMkNzIkNDgxMzUxIzMxIyQxIyQ3IyQ4OSQyNjE0ODEjNTEjJDEjJDIjJDgz,"경기도 성남시 분당구 분당로263번길 39, 306호 (서현동, 레이디파크)"
JDQ4MTYyMiM1MSMkMSMkMCMkNzIkNDgxMzUxIzMxIyQyIyQ3IyQwMCQzNjE4MzIjNjEjJDEjJDAjJDgz,"경기도 성남시 수정구 논골로 1, (단대동)"
JDQ4MTYyMiM1MSMkMSMkMCMkNzIkNDgxMzUxIzQxIyQxIyQ3IyQxMyQzNjEyMjIjNjEjJDEjJDgjJDgz,"경기도 성남시 분당구 정자로 13, 409~410호 (정자동, 월드비터)"
JDQ4MTYyMiM1MSMkMSMkMCMkNzIkNDgxMzUxIzQxIyQxIyQ3IyQ5OSQzNjE0ODEjODEjJDEjJDYjJDgz,"경기도 성남시 분당구 서현로210번길 20, 304호,302호일부호 (서현동, 코코프라자)"
JDQ4MTYyMiM1MSMkMSMkMCMkNzIkNDgxMzUxIzQxIyQxIyQ3IyQ5MiQ0NjEwMDIjNjEjJDEjJDgjJDgz,"경기도 성남시 분당구 벌말로 35, 401호 (야탑동, 대명빌딩)"
JDQ4MTYyMiM1MSMkMiMkMCMkMDAkNTgxMzUxIzUxIyQxIyQ1IyQ5MiQzNjEwMDIjODEjJDEjJDYjJDgz,"경기도 성남시 수정구 산성대로 331, 2층 202, 205호 (신흥동, 한신프라자)"
JDQ4MTYyMiM1MSMkMSMkMCMkNzIkNDgxMzUxIzQxIyQxIyQ3IyQ4MiQzNjEyMjIjNjEjJDEjJDAjJDgz,"경기도 성남시 분당구 중앙공원로31번길 42, 213호 (서현동, 서현파크프라자)"
JDQ4MTYyMiM1MSMkMSMkMCMkNzIkNDgxMzUxIzQxIyQxIyQ3IyQwMyQyNjE0ODEjNDEjJDEjJDQjJDgz,"경기도 성남시 분당구 돌마로 46, 303호 (구미동, 광천프라자)"
JDQ4MTYyMiM1MSMkMSMkMCMkNzIkNDgxMzUxIzUxIyQxIyQxIyQ4OSQyNjEwMDIjNTEjJDEjJDYjJDgz,"경기도 성남시 수정구 산성대로 527, 2층 (양지동)"
JDQ4MTYyMiM1MSMkMSMkMCMkNzIkNDgxMzUxIzUxIyQxIyQxIyQ2MiQ0NjE0ODEjNTEjJDEjJDIjJDgz,"경기도 성남시 중원구 성남대로 1144, (성남동)"
JDQ4MTYyMiM1MSMkMSMkMCMkNzIkMzgxMTkxIzQxIyQxIyQ3IyQ5MiQzNjEwMDIjNTEjJDEjJDIjJDgz,"경기도 성남시 수정구 성남대로 1227, 3층 (수진동)"
JDQ4MTYyMiM1MSMkMSMkMCMkNzIkMzgxMTkxIzQxIyQxIyQ3IyQwMyQyNjEwMDIjNzEjJDEjJDgjJDgz,"경기도 성남시 분당구 느티로 27, 304호 (정자동, 하나프라자)"
JDQ4MTYyMiM1MSMkMSMkMCMkNzIkNDgxNzAyIzQxIyQxIyQ3IyQxMyQzNjEwMDIjNjEjJDEjJDAjJDgz,"경기도 성남시 분당구 돌마로366번길 42, 206호 (수내동, 동한프라자)"
JDQ4MTYyMiM1MSMkMSMkMCMkNzIkNDgxMzUxIzUxIyQxIyQ1IyQ4OSQyNjEwMDIjNDEjJDEjJDQjJDgz,"경기도 성남시 분당구 야탑로69번길 8, 503호 (야탑동, 한주코아)"
JDQ4MTYyMiM1MSMkMSMkMCMkNzIkNDgxMzUxIzUxIyQxIyQ1IyQ4MiQzNjEwMDIjODEjJDEjJDYjJDgz,"경기도 성남시 분당구 분당로53번길 9, 3층 305호 (서현동)"
JDQ4MTYyMiM1MSMkMSMkMCMkNzIkNDgxOTYxIzIxIyQxIyQxIyQ5MiQ0NjEwMDIjNDEjJDEjJDQjJDgz,"경기도 성남시 중원구 광명로 344, 3층 (금광동)"
JDQ4MTYyMiM1MSMkMSMkMCMkNzIkNDgxOTYxIzExIyQxIyQ3IyQwMyQ0NjEwMDIjNDEjJDEjJDgjJDgz,"경기도 성남시 중원구 금상로 7, 3층 (상대원동)"
JDQ4MTYyMiM1MSMkMSMkMCMkNzIkNDgxOTYxIzIxIyQxIyQxIyQ3OSQzNjEyMjIjNjEjJDEjJDAjJDgz,"경기도 성남시 수정구 수정로 350, 2층 (산성동)"
JDQ4MTYyMiM1MSMkMSMkMCMkMTMkMzgxNzAyIzIxIyQxIyQ1IyQxMyQzNjEwMDIjNjEjJDEjJDQjJDgz,"경기도 성남시 중원구 금상로 10, (상대원동)"
JDQ4MTYyMiM1MSMkMiMkMCMkMDAkNTgxMzUxIzIxIyQxIyQ5IyQ4OSQ0NjEwMDIjNjEjJDEjJDgjJDgz,"경기도 성남시 수정구 시민로 227, 2층 (태평동)"
JDQ4MTYyMiM1MSMkMSMkMCMkNzIkMzgxMTkxIzIxIyQxIyQxIyQ4OSQyNjEyMjIjNTEjJDEjJDIjJDgz,"경기도 성남시 분당구 서현로210번길 16, 301호 (서현동, 유성트윈프라자 서관)"
JDQ4MTYyMiM1MSMkMiMkMCMkMDAkNTgxMzUxIzIxIyQxIyQ5IyQ3MiQyNjE4MzIjNjEjJDEjJDgjJDgz,"경기도 성남시 분당구 야탑로 95, 2층 (야탑동, 세신옴니코아)"
JDQ4MTYyMiM1MSMkMiMkMCMkMDAkNTgxMzUxIzIxIyQxIyQ5IyQ4MiQyNjE0ODEjODEjJDEjJDYjJDgz,"경기도 성남시 수정구 산성대로 435, 2층 (단대동)"
JDQ4MTYyMiM1MSMkMiMkMCMkMDAkNTgxMzUxIzMxIyQxIyQzIyQ3MiQzNjEyMjIjNzEjJDEjJDgjJDgz,"경기도 성남시 분당구 내정로165번길 50, 307호 (수내동, 크리스탈빌딩)"
JDQ4MTYyMiM1MSMkMiMkMCMkMDAkNTgxMzUxIzMxIyQxIyQzIyQ4MiQzNjE0ODEjODEjJDEjJDIjJDgz,"경기도 성남시 분당구 분당내곡로 131, 2층 일부호 (백현동)"
JDQ4MTYyMiM1MSMkMiMkMCMkMDAkNTgxOTYxIzQxIyQxIyQ3IyQ3OSQyNjE0ODEjNDEjJDEjJDQjJDgz,"경기도 성남시 분당구 내정로17번길 2, 4001호 (정자동, 한솔프라자)"
JDQ4MTYyMiM1MSMkMiMkMCMkMDAkNTgxMzUxIzQxIyQxIyQ3IyQ2MiQ0NjEwMDIjNzEjJDEjJDgjJDgz,"경기도 성남시 분당구 분당로263번길 39, 206호 (서현동, 레이디파크)"
JDQ4MTYyMiM1MSMkMiMkMCMkMDAkNTgxMzUxIzQxIyQxIyQ3IyQ5MiQzNjE0ODEjODEjJDEjJDIjJDgz,"경기도 성남시 분당구 서현로 192, 403호 (서현동, 야베스밸리)"
JDQ4MTYyMiM1MSMkMiMkMCMkMDAkNTgxMzUxIzQxIyQxIyQ3IyQwMyQzNjEyMjIjNDEjJDEjJDgjJDgz,"경기도 성남시 분당구 성남대로 165, 천사의도시1 오피스텔 3층 306호 (금곡동)"
JDQ4MTYyMiM1MSMkMiMkMCMkMDAkNTgxMzUxIzUxIyQxIyQ1IyQ5OSQyNjEyMjIjODEjJDEjJDIjJDgz,"경기도 성남시 분당구 미금로 39, 305,306호 (구미동, 로얄프라자)"
JDQ4MTYyMiM1MSMkMiMkMCMkMDAkNTgxMzUxIzUxIyQyIyQ1IyQwMCQyNjEyMjIjNjEjJDEjJDQjJDgz,"경기도 성남시 중원구 금상로 56, 2층 (상대원동)"
JDQ4MTYyMiM1MSMkMiMkMCMkMDAkNDgxMzUxIzQxIyQxIyQ3IyQ4MiQzNjE0ODEjODEjJDEjJDYjJDgz,"경기도 성남시 중원구 박석로33번길 13, 2층 (상대원동)"
JDQ4MTYyMiM1MSMkMiMkMCMkMDAkNTgxMzUxIzUxIyQxIyQ1IyQ5OSQ0NjEwMDIjNjEjJDEjJDQjJDgz,"경기도 성남시 수정구 수정로 210, 4층 (신흥동)"
JDQ4MTYyMiM1MSMkMiMkMCMkMDAkNTgxMzUxIzUxIyQxIyQ1IyQxMyQzNjE4MzIjNDEjJDEjJDQjJDgz,"경기도 성남시 분당구 불정로376번길 37, 304호 (서현동, 범한프라자)"
JDQ4MTYyMiM1MSMkMiMkMCMkMDAkNTgxMzUxIzUxIyQxIyQ1IyQxMyQ0NjE0ODEjODEjJDEjJDIjJDgz,"경기도 성남시 중원구 산성대로 496, 3층 (은행동)"
JDQ4MTYyMiM1MSMkMiMkMCMkMDAkNTgxOTYxIzIxIyQxIyQ1IyQ5OSQzNjE4MzIjNjEjJDEjJDgjJDgz,"경기도 성남시 분당구 이매로 51, 304호 (이매동, 한라프라자)"
JDQ4MTYyMiM1MSMkMSMkMCMkOTkkMzgxMzUxIzMxIyQxIyQ3IyQ5OSQyNjEyMjIjNDEjJDEjJDgjJDgz,"경기도 성남시 분당구 정자일로156번길 6, 3~8층 (정자동, 뉴본타워)"
JDQ4MTYyMiM1MSMkMSMkMCMkOTkkMzgxOTYxIzExIyQxIyQzIyQwMyQyNjE0ODEjNjEjJDEjJDQjJDgz,"경기도 성남시 중원구 성남대로 1133, 성남 메트로칸 3,4층 (성남동)"
JDQ4MTYyMiM1MSMkMSMkMCMkNzIkNDgxMzUxIzIxIyQxIyQxIyQ4OSQzNjEwMDIjODEjJDEjJDIjJDgz,"경기도 성남시 분당구 성남대로 165, 228호 (금곡동, 천사의도시)"
JDQ4MTYyMiM1MSMkMiMkMCMkMDAkNDgxMzUxIzIxIyQyIyQ1IyQwMCQzNjE4MzIjNjEjJDEjJDgjJDgz,"경기도 성남시 중원구 광명로 5, 401호 (성남동)"
JDQ4MTYyMiM1MSMkMiMkMCMkMDAkMzgxOTYxIzUxIyQxIyQxIyQ2MiQzNjE0ODEjNjEjJDEjJDAjJDgz,"경기도 성남시 분당구 야탑로 95, 2층 (야탑동, 세신빌딩)"
JDQ4MTYyMiM1MSMkMiMkMCMkMDAkNTgxOTYxIzIxIyQxIyQ1IyQwMyQyNjEwMDIjNDEjJDEjJDgjJDgz,"경기도 성남시 분당구 황새울로342번길 9, 5층 (서현동, 정현빌딩)"
JDQ4MTYyMiM1MSMkMiMkMCMkMDAkMzgxMTkxIzMxIyQxIyQzIyQwMyQzNjE0ODEjNDEjJDEjJDQjJDgz,"경기도 성남시 수정구 공원로 322, 2층 (신흥동, 신동아파라디움)"
JDQ4MTYyMiM1MSMkMiMkMCMkMDAkMzgxMTkxIzMxIyQyIyQ3IyQwMCQzNjE4MzIjNjEjJDEjJDAjJDgz,"경기도 성남시 분당구 돌마로 52, 403호 (구미동, MD빌딩)"
JDQ4MTYyMiM1MSMkMiMkMCMkMDAkMzgxMTkxIzUxIyQxIyQxIyQ5OSQyNjE4MzIjNzEjJDEjJDgjJDgz,"경기도 성남시 수정구 남문로 61, 2층 (태평동)"
JDQ4MTYyMiM1MSMkMiMkMCMkMDAkMzgxNzAyIzExIyQxIyQ3IyQxMyQzNjE0ODEjNzEjJDEjJDgjJDgz,"경기도 성남시 분당구 성남대로 926, 403호 404호 (야탑동, 분당메트로빌딩)"
JDQ4MTYyMiM1MSMkMiMkMCMkMDAkMzgxNzAyIzUxIyQxIyQxIyQwMyQyNjEwMDIjNDEjJDEjJDQjJDgz,"경기도 성남시 중원구 자혜로8번길 4, 2층 (금광동, 부성빌딩)"
JDQ4MTYyMiM1MSMkMiMkMCMkMDAkMzgxNzAyIzMxIyQxIyQzIyQwMyQ0NjEwMDIjNjEjJDEjJDgjJDgz,"경기도 성남시 수정구 수정로 182, 2층 (신흥동)"
JDQ4MTYyMiM1MSMkMiMkMCMkMDAkNDgxMzUxIzExIyQxIyQzIyQwMyQ0NjEwMDIjNDEjJDEjJDQjJDgz,"경기도 성남시 중원구 광명로 336, 3층 (금광동)"
JDQ4MTYyMiM1MSMkMSMkMCMkNzIkNDgxNzAyIzQxIyQxIyQ3IyQ2MiQzNjE4MzIjNjEjJDEjJDAjJDgz,"경기도 성남시 수정구 위례동로 153, 6층 606, 607호 (창곡동, 에이플타워)"
JDQ4MTYyMiM1MSMkMiMkMCMkMDAkNDgxMzUxIzIxIyQxIyQxIyQ3OSQ0NjE0ODEjNjEjJDEjJDgjJDgz,"경기도 성남시 중원구 광명로 14, 2층 (성남동)"
JDQ4MTYyMiM1MSMkMiMkMCMkMDAkNDgxMzUxIzIxIyQxIyQxIyQ5MiQzNjEwMDIjNTEjJDEjJDIjJDgz,"경기도 성남시 수정구 수정남로 161, (신흥동)"
JDQ4MTYyMiM1MSMkMSMkMCMkOTkkMzgxMzUxIzUxIyQxIyQ1IyQ3MiQyNjEwMDIjNTEjJDEjJDYjJDgz,"경기도 성남시 수정구 산성대로 241, 9,10,11,12층 (신흥동)"
JDQ4MTYyMiM1MSMkMiMkMCMkMDAkNTgxOTYxIzMxIyQxIyQzIyQ4MiQ0NjE0ODEjNjEjJDEjJDgjJDgz,"경기도 성남시 중원구 광명로 5, 성남동메디칼센타 9층 901,902호 (성남동)"
JDQ4MTYyMiM1MSMkMiMkMCMkMDAkNDgxMzUxIzMxIyQxIyQzIyQ5MiQyNjEyMjIjNzEjJDEjJDgjJDgz,"경기도 성남시 분당구 판교로 433, 301호 (야탑동, 삼성코아)"
JDQ4MTYyMiM1MSMkMiMkMCMkMDAkNDgxOTYxIzIxIyQxIyQxIyQ5OSQyNjE0ODEjNDEjJDEjJDgjJDgz,"경기도 성남시 분당구 대왕판교로606번길 39, 럭스타워 501,601,602,603호 (삼평동)"
JDQ4MTYyMiM1MSMkMiMkMCMkMDAkNDgxOTYxIzIxIyQxIyQ5IyQ5OSQyNjEwMDIjNDEjJDEjJDgjJDgz,"경기도 성남시 수정구 탄리로120번길 4, 2층 (태평동)"
JDQ4MTYyMiM1MSMkMiMkMCMkMDAkNTgxOTYxIzMxIyQxIyQ3IyQ3OSQyNjEwMDIjNDEjJDEjJDgjJDgz,"경기도 성남시 분당구 돌마로 47, 409호 (금곡동, 이코노샤르망)"
JDQ4MTYyMiM1MSMkMiMkMCMkMDAkNDgxMTkxIzIxIyQxIyQ1IyQ5OSQzNjE0ODEjNjEjJDEjJDQjJDgz,"경기도 성남시 분당구 돌마로 43, 메디파크빌딩 3층 (금곡동)"
JDQ4MTYyMiM1MSMkMiMkMCMkMDAkNDgxMTkxIzMxIyQxIyQzIyQ4OSQyNjEwMDIjNjEjJDEjJDgjJDgz,"경기도 성남시 수정구 산성대로 481, 4층 (양지동)"
JDQ4MTYyMiM1MSMkMiMkMCMkMDAkNDgxMTkxIzIxIyQxIyQ1IyQwMyQzNjEyMjIjNjEjJDEjJDQjJDgz,"경기도 성남시 분당구 황새울로200번길 9-7, 201~203호 (수내동)"
JDQ4MTYyMiM1MSMkMiMkMCMkMDAkNDgxMTkxIzMxIyQxIyQzIyQ3OSQzNjEyMjIjNDEjJDEjJDQjJDgz,"경기도 성남시 분당구 돌마로356번길 3, 309호 (수내동, 그랜드빌딩)"
JDQ4MTYyMiM1MSMkMiMkMCMkMDAkNDgxMTkxIzIxIyQxIyQxIyQ5MiQ0NjEwMDIjNjEjJDEjJDgjJDgz,"경기도 성남시 중원구 산성대로372번길 3, (금광동)"
JDQ4MTYyMiM1MSMkMiMkMCMkMDAkNDgxMTkxIzIxIyQyIyQ5IyQwMCQzNjE4MzIjNTEjJDEjJDYjJDgz,"경기도 성남시 분당구 중앙공원로39번길 49, 서현 지엔느 203-1호 (서현동)"
JDQ4MTYyMiM1MSMkMiMkMCMkMDAkNDgxMTkxIzMxIyQxIyQzIyQ2MiQzNjE0ODEjNTEjJDEjJDIjJDgz,"경기도 성남시 중원구 순환로 188, 2층 2호 (상대원동, 궁전아파트상가)"
JDQ4MTYyMiM1MSMkMiMkMCMkMDAkNDgxMTkxIzUxIyQxIyQxIyQ4OSQyNjE0ODEjNzEjJDEjJDgjJDgz,"경기도 성남시 분당구 분당로53번길 22, 5층 (서현동)"
JDQ4MTYyMiM1MSMkMiMkMCMkMDAkNDgxMTkxIzUxIyQxIyQ1IyQwMyQ0NjEwMDIjODEjJDEjJDIjJDgz,"경기도 성남시 분당구 운중로 249, 301호,302호 (판교동)"
JDQ4MTYyMiM1MSMkMSMkMCMkNzIkNTgxMzUxIzIxIyQxIyQ1IyQ5MiQ0NjE0ODEjNjEjJDEjJDAjJDgz,"경기도 성남시 중원구 성남대로 1133, 성남 메트로칸, 2층 2-13호,2-14호,2-15호,2-16호 (성남동)"
JDQ4MTYyMiM1MSMkMSMkMCMkNzIkNTgxMzUxIzIxIyQxIyQ1IyQxMyQyNjE4MzIjODEjJDEjJDIjJDgz,"경기도 성남시 수정구 위례광장로 300, 중앙타워 804호 (창곡동)"
JDQ4MTYyMiM1MSMkMiMkMCMkMDAkNDgxNzAyIzIxIyQyIyQxIyQwMCQ0NjEwMDIjNTEjJDEjJDIjJDgz,"경기도 성남시 중원구 산성대로 522, 2층 (은행동)"
JDQ4MTYyMiM1MSMkMiMkMCMkMDAkNDgxNzAyIzIxIyQxIyQxIyQ2MiQyNjE4MzIjNDEjJDEjJDgjJDgz,"경기도 성남시 분당구 미금로 45, 206호 (구미동, 진도훼미리프라자)"
JDQ4MTYyMiM1MSMkMiMkMCMkMDAkNDgxNzAyIzIxIyQxIyQ1IyQ3OSQzNjEwMDIjNjEjJDEjJDAjJDgz,"경기도 성남시 분당구 돌마로356번길 3, 308호 (수내동, 그랜드프라자)"
JDQ4MTYyMiM1MSMkMiMkMCMkMDAkNDgxNzAyIzMxIyQxIyQ3IyQ2MiQyNjEwMDIjNDEjJDEjJDQjJDgz,"경기도 성남시 분당구 돌마로 85, 4층 403호 (금곡동, 동양프라자)"
JDQ4MTYyMiM1MSMkMiMkMCMkMDAkNDgxNzAyIzMxIyQxIyQ3IyQwMyQzNjE0ODEjNTEjJDEjJDYjJDgz,"경기도 성남시 분당구 야탑로81번길 10, 303호,304일부호 (야탑동, 분당아미고타워)"
JDQ4MTYyMiM1MSMkMiMkMCMkMDAkNDgxNzAyIzQxIyQxIyQ3IyQ3OSQzNjEyMjIjODEjJDEjJDIjJDgz,"경기도 성남시 중원구 광명로 277, (중앙동)"
JDQ4MTYyMiM1MSMkMiMkMCMkMDAkNDgxNzAyIzMxIyQxIyQ3IyQ5OSQ0NjEwMDIjNDEjJDEjJDgjJDgz,"경기도 성남시 분당구 황새울로351번길 10, 7층 704호 (서현동, 여암빌딩)"
JDQ4MTYyMiM1MSMkMiMkMCMkMDAkNDgxNzAyIzMxIyQyIyQ3IyQwMCQ0NjE0ODEjNDEjJDEjJDQjJDgz,"경기도 성남시 수정구 산성대로 313, (신흥동, 나무빌딩4층)"
JDQ4MTYyMiM1MSMkMiMkMCMkMDAkNDgxNzAyIzMxIyQxIyQ3IyQ3MiQ0NjE0ODEjNjEjJDEjJDAjJDgz,"경기도 성남시 분당구 서현로210번길 2, 305호 (서현동, 성지하이츠텔)"
JDQ4MTYyMiM1MSMkMiMkMCMkMDAkNDgxNzAyIzQxIyQxIyQ3IyQ3OSQyNjEyMjIjNjEjJDEjJDQjJDgz,"경기도 성남시 분당구 돌마로 478, 206호 (서현동, 창인프라자)"
JDQ4MTYyMiM1MSMkMiMkMCMkMDAkNDgxNzAyIzQxIyQyIyQ3IyQwMCQyNjEyMjIjNzEjJDEjJDgjJDgz,"경기도 성남시 수정구 위례광장로 19, 아이페리온 4층 407호 (창곡동)"
JDQ4MTYyMiM1MSMkMSMkMCMkNzIkMzgxMzUxIzExIyQxIyQ3IyQ5OSQ0NjEwMDIjNDEjJDEjJDQjJDgz,"경기도 성남시 수정구 산성대로 263, 2,3층 (신흥동)"
JDQ4MTYyMiM1MSMkMSMkMCMkNzIkMzgxMzUxIzMxIyQxIyQ3IyQ5MiQzNjEyMjIjNTEjJDEjJDYjJDgz,"경기도 성남시 중원구 금상로 4, 2층 (상대원동)"
JDQ4MTYyMiM1MSMkMiMkMCMkMDAkNDgxNzAyIzUxIyQxIyQxIyQ5OSQyNjE0ODEjNDEjJDEjJDQjJDgz,"경기도 성남시 중원구 자혜로 40, 2층 (금광동)"
JDQ4MTYyMiM1MSMkMiMkMCMkMDAkNTgxMzUxIzExIyQxIyQzIyQ5OSQzNjEwMDIjNjEjJDEjJDQjJDgz,"경기도 성남시 수정구 위례광장로 19, 아이페리온 3층 306호 (창곡동)"
JDQ4MTYyMiM1MSMkMiMkMCMkMDAkNTgxMzUxIzExIyQxIyQ3IyQ3OSQyNjEyMjIjNTEjJDEjJDIjJDgz,"경기도 성남시 분당구 백현로101번길 24, 401호 (수내동, 미도프라자2)"
JDQ4MTYyMiM1MSMkMiMkMCMkMDAkNTgxMzUxIzExIyQxIyQzIyQ3MiQyNjE0ODEjNjEjJDEjJDgjJDgz,"경기도 성남시 분당구 돌마로 43, 4층 (금곡동, 메디파크빌딩)"
JDQ4MTYyMiM1MSMkMiMkMCMkMDAkNTgxMzUxIzExIyQxIyQ3IyQ2MiQzNjEyMjIjNjEjJDEjJDAjJDgz,"경기도 성남시 중원구 산성대로 338-2, 4층~6층 (중앙동)"
JDQ4MTYyMiM1MSMkMiMkMCMkMDAkNTgxMzUxIzIxIyQxIyQxIyQ3MiQyNjEyMjIjNjEjJDEjJDQjJDgz,"경기도 성남시 분당구 분당로53번길 9, 301호 (서현동, 에이원프라자)"
JDQ4MTYyMiM1MSMkMiMkMCMkMDAkNDgxMTkxIzIxIyQxIyQxIyQ3OSQyNjE4MzIjNjEjJDEjJDgjJDgz,"경기도 성남시 수정구 산성대로 331, 203호 (신흥동, 한신프라자)"
JDQ4MTYyMiM1MSMkMiMkMCMkMDAkMzgxMzUxIzMxIyQxIyQ3IyQwMyQyNjE0ODEjNTEjJDEjJDIjJDgz,"경기도 성남시 수정구 산성대로 229, 10층 (신흥동)"
JDQ4MTYyMiM1MSMkMSMkMCMkNzIkNDgxNzAyIzUxIyQxIyQxIyQxMyQzNjEyMjIjODEjJDEjJDYjJDgz,"경기도 성남시 분당구 황새울로360번길 35, 3층 (서현동, 현대프라자)"
JDQ4MTYyMiM1MSMkMSMkMCMkNzIkNDgxNzAyIzUxIyQxIyQxIyQxMyQ0NjE0ODEjNjEjJDEjJDQjJDgz,"경기도 성남시 분당구 돌마로 43, 메디파크빌딩 7층 701호일부호 (금곡동)"
JDQ4MTYyMiM1MSMkMSMkMCMkNzIkNTgxMzUxIzMxIyQxIyQ3IyQ3OSQ0NjE0ODEjNTEjJDEjJDIjJDgz,"경기도 성남시 분당구 성남대로 168, 미도프라자 33층 302호 (금곡동)"
JDQ4MTYyMiM1MSMkMSMkMCMkNzIkNDgxMzUxIzUxIyQxIyQxIyQ4MiQ0NjEwMDIjNjEjJDEjJDQjJDgz,"경기도 성남시 분당구 성남대로 345, 401~402호 (정자동, 정자역프라자)"
JDQ4MTYyMiM1MSMkMSMkMCMkODkkMzgxMzUxIzExIyQyIyQ3IyQwMCQzNjEyMjIjNjEjJDEjJDAjJDgz,"경기도 성남시 수정구 수정로171번길 10, 성남시의료원 (태평동)"
JDQ4MTYyMiM1MSMkMiMkMCMkMDAkMzgxMTkxIzQxIyQxIyQ3IyQ3MiQzNjE4MzIjNjEjJDEjJDQjJDgz,"경기도 성남시 수정구 제일로 155, 1층 (수진동)"
JDQ4MTYyMiM1MSMkMSMkMCMkNzIkNTgxMzUxIzQxIyQxIyQ3IyQxMyQyNjEyMjIjNjEjJDEjJDQjJDgz,"경기도 성남시 분당구 야탑로 94, 4층 일부호 (야탑동)"
JDQ4MTYyMiM1MSMkMiMkMCMkMDAkNTgxMzUxIzMxIyQxIyQzIyQ3OSQ0NjE0ODEjNzEjJDEjJDgjJDgz,"경기도 성남시 분당구 황새울로360번길 28, 은성프라자 3층 304호 (서현동)"
JDQ4MTYyMiM1MSMkMiMkMCMkMDAkNDgxMzUxIzExIyQxIyQzIyQ3OSQyNjE4MzIjNTEjJDEjJDIjJDgz,"경기도 성남시 분당구 미금로 48, 302호 (구미동, 오성프라자)"
JDQ4MTYyMiM1MSMkMiMkMCMkMDAkNTgxMzUxIzMxIyQxIyQzIyQ4OSQyNjEwMDIjNzEjJDEjJDgjJDgz,"경기도 성남시 중원구 성남대로1148번길 2, 5층 (성남동, 소평빌딩)"
JDQ4MTYyMiM1MSMkMiMkMCMkMDAkNDgxMzUxIzQxIyQxIyQ3IyQ3MiQzNjE0ODEjNDEjJDEjJDgjJDgz,"경기도 성남시 중원구 금상로 4-1, (상대원동)"
JDQ4MTYyMiM1MSMkMSMkMCMkNzIkNDgxMzUxIzIxIyQxIyQ1IyQ5MiQ0NjEwMDIjNDEjJDEjJDgjJDgz,"경기도 성남시 분당구 성남대로 165, 303~305호 (금곡동, 천사의도시)"
JDQ4MTYyMiM1MSMkMSMkMCMkNzIkNDgxMTkxIzIxIyQxIyQxIyQ5OSQzNjEyMjIjNjEjJDEjJDAjJDgz,"경기도 성남시 중원구 사기막골로 99, B102~103호 (상대원동)"
JDQ4MTYyMiM1MSMkMSMkMCMkNzIkNDgxMzUxIzUxIyQxIyQ1IyQ5OSQyNjEyMjIjNjEjJDEjJDQjJDgz,"경기도 성남시 중원구 산성대로 208, 3층 (성남동, 수진역환승주자창)"
JDQ4MTYyMiM1MSMkMSMkMCMkNzIkNDgxMTkxIzIxIyQxIyQxIyQ5OSQyNjE0ODEjNjEjJDEjJDQjJDgz,"경기도 성남시 수정구 수정로119번길 4, 2,3층 (태평동)"
JDQ4MTYyMiM1MSMkMSMkMCMkNzIkNTgxMzUxIzUxIyQxIyQxIyQ5OSQyNjE0ODEjNjEjJDEjJDAjJDgz,"경기도 성남시 분당구 돌마로 79, 썬프라자 204-1호 (금곡동)"
JDQ4MTYyMiM1MSMkMSMkMCMkNzIkMzgxMzUxIzMxIyQxIyQzIyQ5MiQzNjEyMjIjNzEjJDEjJDgjJDgz,"경기도 성남시 중원구 성남대로 1142, 3층 (성남동)"
JDQ4MTYyMiM1MSMkMiMkMCMkMDAkNTgxMzUxIzUxIyQxIyQ1IyQ4OSQyNjEwMDIjNTEjJDEjJDIjJDgz,"경기도 성남시 분당구 성남대로 168, 307호 (금곡동, 미도프라자)"
JDQ4MTYyMiM1MSMkMSMkMCMkMTMkMzgxNzAyIzMxIyQxIyQ3IyQxMyQzNjE0ODEjNjEjJDEjJDgjJDgz,"경기도 성남시 중원구 성남대로 1146, 3층 (성남동)"
JDQ4MTYyMiM1MSMkMSMkMCMkNzIkMzgxMTkxIzExIyQxIyQ3IyQ5MiQzNjE4MzIjNDEjJDEjJDgjJDgz,"경기도 성남시 분당구 매화로 92, 201호 (야탑동, 매화마을 공무원아파트상가)"
JDQ4MTYyMiM1MSMkMiMkMCMkMDAkNDgxMzUxIzQxIyQyIyQ3IyQwMCQzNjEwMDIjNjEjJDEjJDQjJDgz,"경기도 성남시 중원구 산성대로 464, 4.5층 (금광동)"
JDQ4MTYyMiM1MSMkMiMkMCMkMDAkMzgxOTYxIzUxIyQxIyQxIyQwMyQyNjE0ODEjNDEjJDEjJDgjJDgz,"경기도 성남시 수정구 공원로 322, 184,185호 (신흥동, 신동아파라디움)"
JDQ4MTYyMiM1MSMkMSMkMCMkMTMkMzgxMTkxIzIxIyQxIyQxIyQ3MiQyNjE0ODEjNTEjJDEjJDYjJDgz,"경기도 성남시 중원구 성남대로 1115, 모란시티 301~308호,501~504호 (성남동)"
JDQ4MTYyMiM1MSMkMSMkMCMkNzIkMzgxMzUxIzMxIyQxIyQzIyQwMyQ0NjE0ODEjNDEjJDEjJDgjJDgz,"경기도 성남시 분당구 중앙공원로40번길 8, 215호 (서현동, 현대복합상가)"
JDQ4MTYyMiM1MSMkMSMkMCMkNzIkMzgxMzUxIzMxIyQxIyQ3IyQ2MiQzNjEyMjIjNDEjJDEjJDgjJDgz,"경기도 성남시 수정구 제일로 165-1, 2층 (태평동)"
JDQ4MTYyMiM1MSMkMiMkMCMkMDAkNTgxOTYxIzUxIyQyIyQxIyQwMCQyNjEwMDIjNjEjJDEjJDgjJDgz,"경기도 성남시 중원구 광명로 327, 2.3.5.6층 (금광동)"
JDQ4MTYyMiM1MSMkMSMkMCMkNzIkMzgxMzUxIzMxIyQyIyQ3IyQwMCQzNjEwMDIjNjEjJDEjJDgjJDgz,"경기도 성남시 중원구 산성대로552번길 11, (은행동)"
JDQ4MTYyMiM1MSMkMiMkMCMkMDAkNTgxOTYxIzExIyQxIyQ3IyQ2MiQzNjE4MzIjODEjJDEjJDIjJDgz,"경기도 성남시 중원구 산성대로 520, 2층 (은행동)"
JDQ4MTYyMiM1MSMkMiMkMCMkMDAkNDgxMTkxIzMxIyQxIyQ3IyQ5OSQzNjE0ODEjNjEjJDEjJDAjJDgz,"경기도 성남시 분당구 돌마로 79, 3층 302~304호 (금곡동, 썬프라자)"
JDQ4MTYyMiM1MSMkMSMkMCMkMTMkMzgxNzAyIzQxIyQyIyQ3IyQwMCQzNjEwMDIjNzEjJDEjJDgjJDgz,"경기도 성남시 분당구 돌마로 361, 506호 (수내동, 동신코아빌딩)"
JDQ4MTYyMiM1MSMkMSMkMCMkMTMkMzgxNzAyIzQxIyQxIyQ3IyQ2MiQyNjEwMDIjNDEjJDEjJDgjJDgz,"경기도 성남시 분당구 중앙공원로39번길 7, 2층 203호 (서현동, 삼성한신상가)"
JDQ4MTYyMiM1MSMkMSMkMCMkNzIkMzgxNzAyIzIxIyQxIyQxIyQ5OSQyNjEwMDIjNzEjJDEjJDgjJDgz,"경기도 성남시 중원구 희망로 344, 2층 (상대원동)"
JDQ4MTYyMiM1MSMkMSMkMCMkNzIkNDgxMzUxIzMxIyQxIyQzIyQwMyQzNjEyMjIjNjEjJDEjJDgjJDgz,"경기도 성남시 분당구 백현로101번길 16, 대덕프라자 3층 309호 (수내동)"
JDQ4MTYyMiM1MSMkMSMkMCMkMTMkNDgxOTYxIzMxIyQxIyQ3IyQ5MiQzNjE0ODEjNTEjJDEjJDIjJDgz,"경기도 성남시 분당구 성남대로 52, 202호 (구미동, 그랜드프라자)"
JDQ4MTYyMiM1MSMkMSMkMCMkNzIkNDgxMTkxIzMxIyQxIyQ3IyQ3MiQ0NjE0ODEjODEjJDEjJDIjJDgz,"경기도 성남시 중원구 광명로 347, 2층 (금광동, 형제빌딩 2층일부)"
JDQ4MTYyMiM1MSMkMiMkMCMkMDAkNDgxMzUxIzMxIyQyIyQ3IyQwMCQyNjE0ODEjODEjJDEjJDIjJDgz,"경기도 성남시 분당구 돌마로 87, 3층 304호 (금곡동, 골드프라자)"
JDQ4MTYyMiM1MSMkMSMkMCMkNzIkMzgxMTkxIzIxIyQxIyQxIyQ4OSQyNjEwMDIjNjEjJDEjJDAjJDgz,"경기도 성남시 분당구 서현로210번길 14, 304호 (서현동, 유성트윈프라자 동관)"
JDQ4MTYyMiM1MSMkMSMkMCMkNzIkNDgxOTYxIzUxIyQxIyQ1IyQ4MiQzNjE0ODEjNjEjJDEjJDgjJDgz,"경기도 성남시 분당구 내정로 167, 301호 (수내동, 양지프라임)"
JDQ4MTYyMiM1MSMkMSMkMCMkNzIkNDgxOTYxIzUxIyQxIyQ1IyQ5OSQ0NjE0ODEjNDEjJDEjJDQjJDgz,"경기도 성남시 분당구 판교로 374, 303호 (삼평동, 스타식스코아2)"
JDQ4MTYyMiM1MSMkMSMkMCMkNzIkNDgxOTYxIzUxIyQxIyQ1IyQxMyQ0NjE0ODEjNDEjJDEjJDgjJDgz,"경기도 성남시 분당구 성남대로 385, 401,401-1호 (정자동, 분당크리닉)"
JDQ4MTYyMiM1MSMkMiMkMCMkMDAkNDgxMzUxIzIxIyQxIyQxIyQ5OSQzNjEwMDIjNjEjJDEjJDgjJDgz,"경기도 성남시 분당구 내정로 29, 202호 302~303호 (정자동, 금곡프라자)"
JDQ4MTYyMiM1MSMkMSMkMCMkNzIkNDgxOTYxIzUxIyQxIyQ1IyQwMyQyNjE4MzIjNTEjJDEjJDIjJDgz,"경기도 성남시 수정구 산성대로 495, 2층 (양지동)"
JDQ4MTYyMiM1MSMkMSMkMCMkNzIkNDgxMTkxIzExIyQxIyQzIyQ5OSQyNjE4MzIjNzEjJDEjJDgjJDgz,"경기도 성남시 수정구 제일로 159, 3층 (수진동)"
JDQ4MTYyMiM1MSMkMSMkMCMkNzIkNDgxMTkxIzExIyQxIyQzIyQ5OSQzNjE4MzIjNDEjJDEjJDQjJDgz,"경기도 성남시 수정구 위례광장로 5, 3층 307호 (창곡동, 위례우남역아이파크)"
JDQ4MTYyMiM1MSMkMSMkMCMkNzIkNDgxMTkxIzExIyQxIyQ3IyQ5MiQyNjEwMDIjNTEjJDEjJDYjJDgz,"경기도 성남시 분당구 서현로 192, 3층 302호 (서현동, 야베스밸리)"
JDQ4MTYyMiM1MSMkMSMkMCMkNzIkNDgxMTkxIzExIyQxIyQ3IyQwMyQ0NjE0ODEjODEjJDEjJDIjJDgz,"경기도 성남시 분당구 판교로 375, 303호 (삼평동, 에메트타운)"
JDQ4MTYyMiM1MSMkMSMkMCMkMTMkNDgxMTkxIzIxIyQxIyQxIyQ2MiQzNjE4MzIjNjEjJDEjJDQjJDgz,"경기도 성남시 분당구 운중로 115, 402호 (운중동, 판오션타워1차)"
JDQ4MTYyMiM1MSMkMSMkMCMkMTMkNDgxMTkxIzIxIyQxIyQxIyQ2MiQ0NjE0ODEjNTEjJDEjJDYjJDgz,"경기도 성남시 분당구 돌마로 52, 404호 (구미동, MD프라자)"
JDQ4MTYyMiM1MSMkMSMkMCMkNzIkNDgxMTkxIzIxIyQxIyQ1IyQ4OSQzNjE4MzIjNDEjJDEjJDgjJDgz,"경기도 성남시 수정구 성남대로 1228, 해광빌딩 4층 일부, 5층 (수진동)"
JDQ4MTYyMiM1MSMkMSMkMCMkNzIkNDgxMTkxIzIxIyQxIyQ1IyQ3MiQyNjEwMDIjNDEjJDEjJDgjJDgz,"경기도 성남시 분당구 대왕판교로606번길 41, 501~502호 (삼평동, 프라임스퀘어)"
JDQ4MTYyMiM1MSMkMSMkMCMkNzIkNDgxMTkxIzIxIyQxIyQ1IyQ5OSQyNjEyMjIjODEjJDEjJDIjJDgz,"경기도 성남시 분당구 벌말로40번길 3, 4층 (야탑동, 성산빌딩)"
JDQ4MTYyMiM1MSMkMSMkMCMkNzIkNDgxMTkxIzIxIyQyIyQ1IyQwMCQzNjE0ODEjNDEjJDEjJDgjJDgz,"경기도 성남시 분당구 운중로 115, 302~303호 (운중동, 판오션타워상가)"
JDQ4MTYyMiM1MSMkMSMkMCMkNzIkNDgxMTkxIzIxIyQxIyQ5IyQ5OSQzNjE4MzIjNjEjJDEjJDQjJDgz,"경기도 성남시 중원구 산성대로378번길 2, (금광동)"
JDQ4MTYyMiM1MSMkMSMkMCMkNzIkNDgxMTkxIzIxIyQxIyQ5IyQ3OSQ0NjEwMDIjNzEjJDEjJDgjJDgz,"경기도 성남시 분당구 판교역로192번길 16, 503~504호 (삼평동, 판교타워)"
JDQ4MTYyMiM1MSMkMSMkMCMkNzIkNDgxMTkxIzMxIyQxIyQzIyQxMyQyNjEwMDIjNTEjJDEjJDYjJDgz,"경기도 성남시 분당구 판교역로 178, 802호 (삼평동, 서건타워)"
JDQ4MTYyMiM1MSMkMSMkMCMkNzIkNDgxMTkxIzMxIyQxIyQzIyQ3MiQzNjEyMjIjNjEjJDEjJDQjJDgz,"경기도 성남시 분당구 대왕판교로 660, 309호 (삼평동, 유스페이스Ⅰ)"
JDQ4MTYyMiM1MSMkMSMkMCMkNzIkNDgxMTkxIzMxIyQyIyQzIyQwMCQzNjE4MzIjODEjJDEjJDYjJDgz,"경기도 성남시 수정구 산성대로 481, (양지동, 4층)"
JDQ4MTYyMiM1MSMkMSMkMCMkNjIkMzgxMzUxIzExIyQxIyQzIyQ5OSQ0NjEwMDIjODEjJDEjJDYjJDgz,"경기도 성남시 분당구 새마을로177번길 81, 66호 (율동)"
JDQ4MTYyMiM1MSMkMSMkMCMkNzIkNDgxMTkxIzIxIyQyIyQxIyQwMCQzNjEyMjIjNDEjJDEjJDgjJDgz,"경기도 성남시 중원구 희망로 348, 3층 (상대원동)"
JDQ4MTYyMiM1MSMkMSMkMCMkNzIkNDgxMTkxIzQxIyQxIyQ3IyQ5OSQyNjEyMjIjNTEjJDEjJDYjJDgz,"경기도 성남시 중원구 금상로 18, 4층 (상대원동)"
JDQ4MTYyMiM1MSMkMSMkMCMkNzIkNDgxMTkxIzQxIyQxIyQ3IyQ4MiQzNjE4MzIjNTEjJDEjJDYjJDgz,"경기도 성남시 중원구 성남대로 1137, 2층 (성남동)"
JDQ4MTYyMiM1MSMkMSMkMCMkNzIkNDgxMTkxIzQxIyQxIyQ3IyQ3MiQyNjEyMjIjNjEjJDEjJDQjJDgz,"경기도 성남시 분당구 대왕판교로606번길 58, 2-23호 24호 (삼평동, 푸르지오월드마크)"
JDQ4MTYyMiM1MSMkMSMkMCMkNzIkNDgxMTkxIzUxIyQxIyQxIyQ5OSQzNjE4MzIjNDEjJDEjJDgjJDgz,"경기도 성남시 수정구 수정로 68, 2층 (수진동)"
JDQ4MTYyMiM1MSMkMSMkMCMkNzIkNDgxMTkxIzUxIyQxIyQxIyQ2MiQzNjE0ODEjNDEjJDEjJDgjJDgz,"경기도 성남시 분당구 정자일로 55, 109동 306호 (금곡동, 분당두산위브상가)"
JDQ4MTYyMiM1MSMkMiMkMCMkMDAkNTgxOTYxIzMxIyQxIyQzIyQ5OSQyNjE4MzIjNjEjJDEjJDgjJDgz,"경기도 성남시 중원구 산성대로 492-1, 2층 (은행동)"
JDQ4MTYyMiM1MSMkMSMkMCMkMTMkNDgxMzUxIzUxIyQxIyQ1IyQ4OSQ0NjE0ODEjNjEjJDEjJDQjJDgz,"경기도 성남시 분당구 대왕판교로606번길 39, 903~904호 (삼평동, 럭스타워)"
JDQ4MTYyMiM1MSMkMSMkMCMkNjIkMzgxMzUxIzExIyQxIyQ3IyQ3OSQzNjEwMDIjODEjJDEjJDIjJDgz,"경기도 성남시 수정구 위례광장로 310, B동 8층 801~804호 (창곡동, 우성트램타워)"
JDQ4MTYyMiM1MSMkMSMkMCMkNzIkNDgxNzAyIzIxIyQxIyQ1IyQ5MiQzNjE4MzIjNDEjJDEjJDgjJDgz,"경기도 성남시 수정구 위례동로 141, 6층 (창곡동)"
JDQ4MTYyMiM1MSMkMSMkMCMkNzIkMzgxNzAyIzIxIyQxIyQ5IyQ5OSQ0NjE0ODEjNzEjJDEjJDgjJDgz,"경기도 성남시 중원구 자혜로8번길 4, (금광동)"
JDQ4MTYyMiM1MSMkMSMkMCMkNzIkNDgxMTkxIzUxIyQxIyQ1IyQ3MiQzNjEwMDIjNTEjJDEjJDIjJDgz,"경기도 성남시 분당구 느티로 69, 202호 (정자동, 숲안상가)"
JDQ4MTYyMiM1MSMkMSMkMCMkNzIkNDgxNzAyIzExIyQxIyQ3IyQ3OSQyNjEwMDIjODEjJDEjJDIjJDgz,"경기도 성남시 분당구 대왕판교로606번길 39, 럭스타워 6층, 7층 604호, 605호, 703호, 704호 (삼평동)"
JDQ4MTYyMiM1MSMkMiMkMCMkMDAkNDgxMzUxIzMxIyQxIyQ3IyQ3MiQzNjE0ODEjNjEjJDEjJDQjJDgz,"경기도 성남시 분당구 돌마로90번길 4, 303호 (구미동, 엘레강스프라자)"
JDQ4MTYyMiM1MSMkMSMkMCMkNzIkNDgxMTkxIzMxIyQxIyQ3IyQ3OSQzNjEwMDIjNzEjJDEjJDgjJDgz,"경기도 성남시 분당구 장안로 27, 3층 (분당동, SNH타워)"
JDQ4MTYyMiM1MSMkMSMkMCMkNzIkNDgxNzAyIzIxIyQxIyQxIyQwMyQzNjE0ODEjNzEjJDEjJDgjJDgz,"경기도 성남시 중원구 산성대로 354-1, 2층 (중앙동)"
JDQ4MTYyMiM1MSMkMiMkMCMkMDAkNDgxMzUxIzUxIyQxIyQxIyQxMyQ0NjE0ODEjNDEjJDEjJDQjJDgz,"경기도 성남시 분당구 미금로 45, 307호 (구미동, 진도훼미리프라자)"
JDQ4MTYyMiM1MSMkMSMkMCMkOTkkMzgxMzUxIzQxIyQxIyQ3IyQwMyQyNjEyMjIjNDEjJDEjJDgjJDgz,"경기도 성남시 분당구 성남대로 932, 1~9층 별관:성남대로926번길 932, 1~9층 별관:성남대로926번길 12, 금탑프라자 702~706호 (야탑동)"
JDQ4MTYyMiM1MSMkMiMkMCMkMDAkNTgxOTYxIzUxIyQxIyQxIyQ2MiQzNjE0ODEjODEjJDEjJDIjJDgz,"경기도 성남시 분당구 성남대로 345, 301호 (정자동, 정자역플라자)"
JDQ4MTYyMiM1MSMkMiMkMCMkMDAkNTgxOTYxIzUxIyQxIyQ1IyQ3OSQyNjE0ODEjNTEjJDEjJDIjJDgz,"경기도 성남시 분당구 성남대로 385, 402호 (정자동, 분당클리닉)"
JDQ4MTYyMiM1MSMkMiMkMCMkMDAkNTgxOTYxIzExIyQxIyQzIyQ2MiQzNjEyMjIjNTEjJDEjJDYjJDgz,"경기도 성남시 분당구 성남대로 168, 501호(일부), 502~505호 (금곡동, 미도프라자)"
JDQ4MTYyMiM1MSMkMSMkMCMkNzIkNDgxNzAyIzIxIyQyIyQ5IyQwMCQ0NjE0ODEjNjEjJDEjJDgjJDgz,"경기도 성남시 수정구 성남대로 1225, 강원빌딩 2층~3층 (수진동)"
JDQ4MTYyMiM1MSMkMSMkMCMkNzIkNDgxNzAyIzIxIyQxIyQ5IyQ4MiQzNjEyMjIjNDEjJDEjJDgjJDgz,"경기도 성남시 중원구 도촌남로 27, 동강프라자 404호 (도촌동)"
JDQ4MTYyMiM1MSMkMSMkMCMkNzIkMzgxMTkxIzMxIyQxIyQ3IyQ5OSQyNjEwMDIjNzEjJDEjJDgjJDgz,"경기도 성남시 분당구 성남대로 168, 미도프라자 407호 (금곡동)"
JDQ4MTYyMiM1MSMkMSMkMCMkNzIkNDgxMzUxIzExIyQxIyQzIyQ5MiQ0NjEwMDIjNDEjJDEjJDgjJDgz,"경기도 성남시 분당구 성남대로 34, 401호 (구미동, 하나프라자)"
JDQ4MTYyMiM1MSMkMSMkMCMkNzIkNDgxMzUxIzIxIyQxIyQ1IyQ5OSQyNjEyMjIjNzEjJDEjJDgjJDgz,"경기도 성남시 분당구 성남대로 449, 201호 (정자동, 로얄팰리스 A동)"
JDQ4MTYyMiM1MSMkMSMkMCMkNzIkMzgxMzUxIzIxIyQxIyQxIyQ3MiQyNjE0ODEjNjEjJDEjJDAjJDgz,"경기도 성남시 수정구 수정로 188, 2층 일부호 (신흥동)"
JDQ4MTYyMiM1MSMkMSMkMCMkNzIkNDgxMzUxIzIxIyQxIyQxIyQ3OSQyNjEyMjIjNjEjJDEjJDgjJDgz,"경기도 성남시 분당구 성남대로 165, 천사의도시1 오피스텔 311~315호 (금곡동)"
JDQ4MTYyMiM1MSMkMSMkMCMkNzIkMzgxMzUxIzIxIyQxIyQxIyQ5OSQzNjE4MzIjNDEjJDEjJDQjJDgz,"경기도 성남시 분당구 정자로 78, 201호 (정자동, 영동프라자)"
JDQ4MTYyMiM1MSMkMSMkMCMkNzIkNDgxMTkxIzIxIyQxIyQ5IyQ3OSQyNjE0ODEjNTEjJDEjJDYjJDgz,"경기도 성남시 분당구 성남대로 381, 303호 (정자동, 폴라리스(1))"
JDQ4MTYyMiM1MSMkMSMkMCMkNzIkNDgxNzAyIzQxIyQxIyQ3IyQ4OSQ0NjE0ODEjNDEjJDEjJDgjJDgz,"경기도 성남시 중원구 금상로 17, 2층 (상대원동)"
JDQ4MTYyMiM1MSMkMSMkMCMkNzIkNDgxNzAyIzUxIyQxIyQxIyQ4MiQzNjE0ODEjNDEjJDEjJDgjJDgz,"경기도 성남시 수정구 산성대로 267, 302호 (신흥동)"
JDQ4MTYyMiM1MSMkMSMkMCMkNzIkNDgxNzAyIzUxIyQxIyQxIyQ4MiQzNjEyMjIjNzEjJDEjJDgjJDgz,"경기도 성남시 수정구 위례광장로 300, 위례중앙역 중앙타워 7층 703호 (창곡동)"
JDQ4MTYyMiM1MSMkMiMkMCMkMDAkMzgxOTYxIzExIyQxIyQzIyQwMyQ0NjE0ODEjNjEjJDEjJDQjJDgz,"경기도 성남시 수정구 수정로 167, 3층 (태평동)"
JDQ4MTYyMiM1MSMkMSMkMCMkMTMkNDgxOTYxIzIxIyQxIyQ1IyQ2MiQzNjE0ODEjNDEjJDEjJDgjJDgz,"경기도 성남시 분당구 성남대로 34, 501호 (구미동, 하나프라자)"
JDQ4MTYyMiM1MSMkMSMkMCMkMTMkNDgxMzUxIzMxIyQxIyQzIyQxMyQ0NjEwMDIjNjEjJDEjJDgjJDgz,"경기도 성남시 분당구 성남대로 934, 304호 (야탑동, 궁전프라자)"
JDQ4MTYyMiM1MSMkMSMkMCMkMTMkNDgxOTYxIzMxIyQxIyQ3IyQ5MiQyNjE4MzIjNjEjJDEjJDAjJDgz,"경기도 성남시 분당구 성남대로 165, 301호 (금곡동, 천사의도시)"
JDQ4MTYyMiM1MSMkMSMkMCMkNzIkMzgxOTYxIzUxIyQxIyQ1IyQ5OSQzNjEyMjIjNDEjJDEjJDgjJDgz,"경기도 성남시 수정구 수정로 208, (신흥동)"
JDQ4MTYyMiM1MSMkMSMkMCMkNzIkNDgxMzUxIzExIyQxIyQ3IyQ5MiQ0NjE0ODEjNDEjJDEjJDQjJDgz,"경기도 성남시 분당구 야탑로 245, 목련프라자 3층 303,304호 (야탑동)"
JDQ4MTYyMiM1MSMkMSMkMCMkNzIkNTgxMzUxIzExIyQyIyQ3IyQwMCQzNjEwMDIjODEjJDEjJDIjJDgz,"경기도 성남시 수정구 위례광장로 19, 4층 413호 (창곡동)"
JDQ4MTYyMiM1MSMkMSMkMCMkNzIkNTgxMzUxIzIxIyQxIyQxIyQ2MiQyNjE0ODEjNDEjJDEjJDgjJDgz,"경기도 성남시 분당구 성남대로331번길 3-3, 젤존타워III 402호 (정자동)"
JDQ4MTYyMiM1MSMkMSMkMCMkNzIkNDgxNzAyIzExIyQxIyQ3IyQ2MiQ0NjE0ODEjNjEjJDEjJDAjJDgz,"경기도 성남시 분당구 동판교로 59, 2층 203호 (백현동, 자유퍼스트프라자1)"
JDQ4MTYyMiM1MSMkMSMkMCMkMTMkNDgxMTkxIzQxIyQxIyQ3IyQ2MiQ0NjE0ODEjNjEjJDEjJDQjJDgz,"경기도 성남시 분당구 성남대로926번길 10, 2층 일부호 (야탑동, 탑빌딩)"
JDQ4MTYyMiM1MSMkMSMkMCMkNzIkNTgxMzUxIzExIyQxIyQ3IyQ2MiQyNjE4MzIjODEjJDEjJDYjJDgz,"경기도 성남시 분당구 돌마로 85, 7층 702호 (금곡동)"
JDQ4MTYyMiM1MSMkMSMkMCMkNzIkNTgxMzUxIzIxIyQxIyQ1IyQxMyQzNjE0ODEjNjEjJDEjJDgjJDgz,"경기도 성남시 분당구 성남대로 168, 미도프라자 2층 205, 206, 207호 (금곡동)"
JDQ4MTYyMiM1MSMkMSMkMCMkMTMkNDgxOTYxIzIxIyQxIyQ1IyQwMyQzNjE0ODEjNDEjJDEjJDgjJDgz,"경기도 성남시 분당구 서현로180번길 13, 301호 (서현동, 서현프라자)"
JDQ4MTYyMiM1MSMkMSMkMCMkNzIkNDgxNzAyIzIxIyQxIyQ5IyQ3OSQ0NjE0ODEjNjEjJDEjJDAjJDgz,"경기도 성남시 분당구 느티로 16, 501호 (정자동,  젤존타워 1차)"
JDQ4MTYyMiM1MSMkMSMkMCMkNzIkNTgxMzUxIzUxIyQxIyQxIyQ5OSQzNjEyMjIjNTEjJDEjJDYjJDgz,"경기도 성남시 분당구 판교대장로7길 16, 620동 지2층 201호 (대장동, 힐스테이트 판교 엘포레 A6BL)"
JDQ4MTYyMiM1MSMkMSMkMCMkNzIkNDgxOTYxIzIxIyQxIyQxIyQ5OSQ0NjEwMDIjNTEjJDEjJDYjJDgz,"경기도 성남시 분당구 성남대로 349, 402호 (정자동, 시그마타워)"
JDQ4MTYyMiM1MSMkMSMkMCMkOTIkMzgxMzUxIzExIyQyIyQzIyQwMCQ0NjE0ODEjNDEjJDEjJDgjJDgz,"경기도 성남시 중원구 금상로 137, (상대원동, 중원구보건소)"
JDQ4MTYyMiM1MSMkMiMkMCMkMDAkNTgxOTYxIzUxIyQxIyQ1IyQ5OSQyNjE0ODEjNzEjJDEjJDgjJDgz,"경기도 성남시 분당구 성남대로 385, 504호 (정자동, 분당클리닉빌딩)"
JDQ4MTYyMiM1MSMkMiMkMCMkMDAkNTgxOTYxIzUxIyQyIyQ1IyQwMCQyNjEwMDIjNTEjJDEjJDIjJDgz,"경기도 성남시 분당구 돌마로 46, 501호 (구미동, 광천프라자)"
JDQ4MTYyMiM1MSMkMiMkMCMkMDAkNDgxNzAyIzMxIyQxIyQ3IyQ4OSQyNjEyMjIjNjEjJDEjJDgjJDgz,"경기도 성남시 분당구 미금로 39, 205~206호 (구미동, 로얄프라자)"
JDQ4MTYyMiM1MSMkMSMkMCMkNzIkNTgxMzUxIzExIyQxIyQ3IyQ3OSQyNjE0ODEjNjEjJDEjJDQjJDgz,"경기도 성남시 분당구 미금로 39, 로얄프라자 304호 (구미동)"
JDQ4MTYyMiM1MSMkMSMkMCMkNzIkMzgxNzAyIzIxIyQxIyQ1IyQ4OSQyNjEwMDIjNjEjJDEjJDgjJDgz,"경기도 성남시 분당구 미금로 45, 306호 (구미동, 진도훼미리)"
JDQ4MTYyMiM1MSMkMSMkMCMkNzIkNDgxOTYxIzMxIyQxIyQ3IyQ2MiQyNjE0ODEjNDEjJDEjJDQjJDgz,"경기도 성남시 분당구 황새울로311번길 8-5, 필립메디컬센터 별관 5층 일부호 (서현동)"
JDQ4MTYyMiM1MSMkMSMkMCMkNzIkNDgxOTYxIzMxIyQxIyQ3IyQwMyQyNjEwMDIjNzEjJDEjJDgjJDgz,"경기도 성남시 분당구 동판교로 61, 3층 303호 (백현동, 자유퍼스트프라자Ⅱ)"
JDQ4MTYyMiM1MSMkMSMkMCMkNzIkNDgxOTYxIzMxIyQxIyQ3IyQ4MiQzNjE0ODEjNzEjJDEjJDgjJDgz,"경기도 성남시 수정구 산성대로 257, (신흥동)"
JDQ4MTYyMiM1MSMkMSMkMCMkNzIkNDgxOTYxIzQxIyQxIyQ3IyQ2MiQyNjEwMDIjNjEjJDEjJDAjJDgz,"경기도 성남시 분당구 성남대로926번길 6, 404호 (야탑동, 대덕프라자 )"
JDQ4MTYyMiM1MSMkMSMkMCMkNzIkNDgxOTYxIzQxIyQxIyQ3IyQwMyQyNjEwMDIjNTEjJDEjJDYjJDgz,"경기도 성남시 분당구 운중로 242, 3층 306호 (판교동, 리버스토리)"
JDQ4MTYyMiM1MSMkMSMkMCMkNzIkNDgxOTYxIzUxIyQxIyQxIyQ3OSQyNjE4MzIjODEjJDEjJDIjJDgz,"경기도 성남시 수정구 산성대로 239, 2층 (신흥동)"
JDQ4MTYyMiM1MSMkMSMkMCMkNzIkNDgxOTYxIzUxIyQxIyQ1IyQ4OSQ0NjEwMDIjNDEjJDEjJDgjJDgz,"경기도 성남시 분당구 야탑로81번길 10, 305호 (야탑동, 아미고타워)"
JDQ4MTYyMiM1MSMkMSMkMCMkNzIkNDgxOTYxIzUxIyQxIyQ1IyQ5OSQzNjEwMDIjNjEjJDEjJDQjJDgz,"경기도 성남시 중원구 은이로5번길 1, 건영빌딩 7층 (은행동)"
JDQ4MTYyMiM1MSMkMSMkMCMkNzIkNDgxNzAyIzExIyQxIyQzIyQ3MiQzNjEyMjIjODEjJDEjJDYjJDgz,"경기도 성남시 분당구 성남대로 934, 6층 601호,602호 (야탑동, 궁전프라자-2)"
JDQ4MTYyMiM1MSMkMSMkMCMkMTMkNDgxMzUxIzMxIyQxIyQ3IyQ3MiQyNjE4MzIjNjEjJDEjJDAjJDgz,"경기도 성남시 수정구 남문로 70, 2층 (태평동)"
JDQ4MTYyMiM1MSMkMSMkMCMkMTMkNDgxNzAyIzExIyQyIyQ3IyQwMCQyNjEwMDIjODEjJDEjJDIjJDgz,"경기도 성남시 수정구 남문로 98, (태평동)"
JDQ4MTYyMiM1MSMkMSMkMCMkNzIkNDgxOTYxIzExIyQxIyQzIyQ2MiQzNjE4MzIjODEjJDEjJDYjJDgz,"경기도 성남시 분당구 서현로210번길 2, 303,304호 (서현동, 성지하이츠텔)"
JDQ4MTYyMiM1MSMkMSMkMCMkMTMkNDgxMTkxIzMxIyQxIyQ3IyQ3OSQ0NjEwMDIjODEjJDEjJDIjJDgz,"경기도 성남시 분당구 성남대로779번길 50, 5층 (이매동, MGD)"
JDQ4MTYyMiM1MSMkMSMkMCMkNzIkNDgxMTkxIzQxIyQxIyQ3IyQ3OSQyNjE0ODEjNTEjJDEjJDIjJDgz,"경기도 성남시 분당구 동판교로177번길 25, 209호 (삼평동, 판교 호반 써밋 플레이스)"
JDU4MTI3MSM1MSMkMSMkMCMkMTMkMzgxNzAyIzQxIyQxIyQ3IyQxMyQyNjE0ODEjNTEjJDEjJDIjJDgz,"경기도 성남시 중원구 양현로 469, 401호 (여수동)"
JDQ4MTYyMiM1MSMkMSMkMCMkMTMkNDgxNzAyIzMxIyQxIyQzIyQ4MiQyNjEwMDIjNjEjJDEjJDQjJDgz,"경기도 성남시 분당구 돌마로 67, 209,210일부호 (금곡동, 금산젬월드)"
JDQ4MTYyMiM1MSMkMSMkMCMkMTMkMzgxNzAyIzIxIyQxIyQ5IyQ5MiQzNjEyMjIjNjEjJDEjJDQjJDgz,"경기도 성남시 중원구 희망로344번길 3, (상대원동)"
JDQ4MTYyMiM1MSMkMSMkMCMkMTMkNDgxOTYxIzIxIyQyIyQ5IyQwMCQyNjEyMjIjNjEjJDEjJDAjJDgz,"경기도 성남시 분당구 야탑로 243, 303호 (야탑동, 부건프라자)"
JDQ4MTYyMiM1MSMkMSMkMCMkMTMkNDgxMTkxIzIxIyQxIyQxIyQ3MiQ0NjE0ODEjNDEjJDEjJDgjJDgz,"경기도 성남시 중원구 둔촌대로 84, 401호 (성남동)"
JDQ4MTYyMiM1MSMkMiMkMCMkMDAkMzgxMTkxIzUxIyQxIyQ1IyQxMyQ0NjEwMDIjNTEjJDEjJDYjJDgz,"경기도 성남시 수정구 수정로 121, (태평동)"
JDQ4MTYyMiM1MSMkMSMkMCMkMTMkMzgxNzAyIzMxIyQxIyQ3IyQ3OSQyNjEwMDIjNjEjJDEjJDgjJDgz,"경기도 성남시 수정구 시민로 137-1, 3층 (신흥동)"
JDQ4MTYyMiM1MSMkMSMkMCMkNzIkMzgxMzUxIzUxIyQxIyQxIyQ4OSQyNjEyMjIjNDEjJDEjJDQjJDgz,"경기도 성남시 수정구 수정로 142, 2층 (수진동)"
JDQ4MTYyMiM1MSMkMSMkMCMkOTkkMzgxOTYxIzExIyQxIyQzIyQwMyQ0NjE0ODEjNDEjJDEjJDgjJDgz,"경기도 성남시 분당구 분당내곡로 151, 6, 7층 (삼평동)"
JDQ4MTYyMiM1MSMkMSMkMCMkOTkkMzgxMzUxIzUxIyQxIyQxIyQ5MiQzNjEwMDIjNjEjJDEjJDAjJDgz,"경기도 성남시 분당구 성남대로926번길 6, 701,801호 (야탑동, 야탑대덕프라자)"
JDQ4MTYyMiM1MSMkMSMkMCMkMTMkNDgxMzUxIzMxIyQxIyQ3IyQxMyQzNjEyMjIjODEjJDEjJDIjJDgz,"경기도 성남시 분당구 성남대로916번길 7, 304호 (야탑동, 서일빌딩)"
JDQ4MTYyMiM1MSMkMiMkMCMkMDAkMzgxMTkxIzIxIyQxIyQ5IyQwMyQzNjEwMDIjNDEjJDEjJDgjJDgz,"경기도 성남시 중원구 제일로 37, 2층 (성남동)"
JDQ4MTYyMiM1MSMkMSMkMCMkMTMkNDgxMTkxIzMxIyQxIyQ3IyQ4OSQ0NjEwMDIjNjEjJDEjJDQjJDgz,"경기도 성남시 분당구 성남대로926번길 6, 507호 (야탑동, 대덕프라자)"
JDQ4MTYyMiM1MSMkMSMkMCMkMTMkNDgxMzUxIzUxIyQxIyQ1IyQ3MiQyNjE0ODEjODEjJDEjJDYjJDgz,"경기도 성남시 분당구 성남대로 345, 206호 (정자동, 정자역프라자)"
JDQ4MTYyMiM1MSMkMSMkMCMkMTMkNDgxOTYxIzIxIyQxIyQxIyQxMyQyNjEwMDIjNzEjJDEjJDgjJDgz,"경기도 성남시 중원구 둔촌대로83번길 11, (성남동)"
JDQ4MTYyMiM1MSMkMSMkMCMkNzIkNDgxMzUxIzMxIyQxIyQ3IyQwMyQyNjE0ODEjNTEjJDEjJDYjJDgz,"경기도 성남시 수정구 위례광장로 320, 4층 414,415호 (창곡동, 아이에스센트럴타워)"
JDQ4MTYyMiM1MSMkMSMkMCMkNzIkNDgxNzAyIzMxIyQxIyQzIyQxMyQyNjE0ODEjNDEjJDEjJDgjJDgz,"경기도 성남시 수정구 위례광장로 27, 3층 305호 (창곡동, 으뜸프라자)"
JDQ4MTYyMiM1MSMkMiMkMCMkMDAkMzgxNzAyIzExIyQxIyQ3IyQwMyQzNjEyMjIjNjEjJDEjJDgjJDgz,"경기도 성남시 분당구 중앙공원로40번길 32, (서현동)"
JDQ4MTYyMiM1MSMkMiMkMCMkMDAkMzgxNzAyIzExIyQxIyQ3IyQwMyQ0NjE0ODEjNTEjJDEjJDIjJDgz,"경기도 성남시 분당구 돌마로356번길 3, 317호 (수내동, 그랜드프라자)"
JDQ4MTYyMiM1MSMkMSMkMCMkNzIkMzgxNzAyIzUxIyQyIyQxIyQwMCQyNjE0ODEjNjEjJDEjJDAjJDgz,"경기도 성남시 분당구 중앙공원로39번길 49, 204호 (서현동, 서현지엔느빌딩)"
JDQ4MTYyMiM1MSMkMSMkMCMkMTMkNDgxNzAyIzIxIyQxIyQ1IyQxMyQzNjE0ODEjODEjJDEjJDYjJDgz,"경기도 성남시 분당구 돌마로 87, 301호 (금곡동, 골드프라자)"
JDQ4MTYyMiM1MSMkMSMkMCMkOTkkNTgxMzUxIzExIyQxIyQzIyQ3MiQyNjE0ODEjNDEjJDEjJDgjJDgz,"경기도 성남시 분당구 대왕판교로 155-7, (금곡동, 보바스기념병원)"
JDQ4MTYyMiM1MSMkMSMkMCMkMTMkNDgxOTYxIzMxIyQxIyQ3IyQ4OSQzNjEyMjIjNjEjJDEjJDQjJDgz,"경기도 성남시 분당구 돌마로 73, 202호 (금곡동, 우방코아)"
JDQ4MTYyMiM1MSMkMSMkMCMkMTMkNDgxMzUxIzUxIyQxIyQ1IyQ3OSQyNjE0ODEjNTEjJDEjJDIjJDgz,"경기도 성남시 중원구 광명로 330-1, (금광동)"
JDQ4MTYyMiM1MSMkMSMkMCMkMTMkNDgxMTkxIzIxIyQxIyQ5IyQ3MiQyNjE4MzIjNTEjJDEjJDIjJDgz,"경기도 성남시 분당구 돌마로 52, 302호 (구미동, MD프라자)"
JDQ4MTYyMiM1MSMkMSMkMCMkMTMkNDgxMTkxIzIxIyQxIyQ5IyQ3MiQzNjE0ODEjNDEjJDEjJDgjJDgz,"경기도 성남시 분당구 돌마로 364, 310호 (수내동, 현대프라자)"
JDQ4MTYyMiM1MSMkMiMkMCMkMDAkNDgxMzUxIzIxIyQxIyQ5IyQ4OSQzNjE4MzIjODEjJDEjJDIjJDgz,"경기도 성남시 분당구 성남대로 926, 503호 (야탑동, 분당메트로빌딩)"
JDQ4MTYyMiM1MSMkMSMkMCMkNzIkMzgxMzUxIzQxIyQxIyQ3IyQwMyQzNjE0ODEjNDEjJDEjJDgjJDgz,"경기도 성남시 분당구 백현로 97, 수내동 다운타운 4층 404호일부호 (수내동)"
JDQ4MTYyMiM1MSMkMSMkMCMkNzIkMzgxMzUxIzQxIyQxIyQ3IyQxMyQyNjEwMDIjNTEjJDEjJDYjJDgz,"경기도 성남시 분당구 내정로173번길 11, 214호 (수내동, 대명제스트)"
JDQ4MTYyMiM1MSMkMSMkMCMkNzIkNDgxNzAyIzMxIyQxIyQzIyQ3MiQzNjEyMjIjNDEjJDEjJDgjJDgz,"경기도 성남시 수정구 위례광장로 320, 606호 (창곡동, 아이에스센트럴타워)"
JDQ4MTYyMiM1MSMkMSMkMCMkMTMkNDgxMTkxIzUxIyQxIyQ1IyQ5OSQyNjE4MzIjNTEjJDEjJDIjJDgz,"경기도 성남시 중원구 성남대로1148번길 2, 3층 (성남동)"
JDQ4MTYyMiM1MSMkMSMkMCMkMTMkNDgxNzAyIzMxIyQxIyQ3IyQ4MiQ0NjE0ODEjODEjJDEjJDYjJDgz,"경기도 성남시 분당구 운중로 131, 403호 (운중동, 스타식스 메트로빌딩)"
JDQ4MTYyMiM1MSMkMSMkMCMkNzIkMzgxMzUxIzQxIyQxIyQ3IyQxMyQzNjEwMDIjNjEjJDEjJDgjJDgz,"경기도 성남시 분당구 야탑로69번길 24-8, 411호 (야탑동, 분당종합상가)"
JDQ4MTYyMiM1MSMkMSMkMCMkNzIkMzgxMzUxIzQxIyQxIyQ3IyQxMyQyNjE4MzIjNDEjJDEjJDQjJDgz,"경기도 성남시 분당구 운중로 140, 402호 (운중동, 메트로골드)"
JDQ4MTYyMiM1MSMkMSMkMCMkNzIkMzgxMzUxIzQxIyQxIyQ3IyQxMyQyNjEyMjIjNDEjJDEjJDgjJDgz,"경기도 성남시 분당구 내정로 58, 203호 (정자동, 스포라이프 스포츠센타)"
JDQ4MTYyMiM1MSMkMSMkMCMkMTMkNDgxMzUxIzQxIyQxIyQ3IyQ5OSQzNjE4MzIjNDEjJDEjJDgjJDgz,"경기도 성남시 수정구 성남대로 1227, 정풍빌딩 2층 일부층 (수진동)"
JDQ4MTYyMiM1MSMkMiMkMCMkMDAkMzgxNzAyIzUxIyQxIyQ1IyQ4MiQzNjE4MzIjNDEjJDEjJDgjJDgz,"경기도 성남시 분당구 내정로 170, 408호 (수내동, 동신파크)"
JDQ4MTYyMiM1MSMkMiMkMCMkMDAkMzgxNzAyIzUxIyQxIyQ1IyQ5MiQyNjEwMDIjODEjJDEjJDYjJDgz,"경기도 성남시 중원구 성남대로 1137, 4층 (성남동)"
JDQ4MTYyMiM1MSMkMSMkMCMkMTMkNDgxOTYxIzUxIyQxIyQxIyQ4MiQyNjE4MzIjNDEjJDEjJDQjJDgz,"경기도 성남시 분당구 느티로 69, 203,204호 (정자동, 숲안조합상가)"
JDQ4MTYyMiM1MSMkMSMkMCMkNzIkNDgxMzUxIzMxIyQxIyQ3IyQ3OSQzNjE0ODEjODEjJDEjJDIjJDgz,"경기도 성남시 분당구 정자로 112, 2층 25호 (정자동, 신화아파트상가)"
JDQ4MTYyMiM1MSMkMSMkMCMkMTMkMzgxMTkxIzExIyQxIyQ3IyQ3MiQyNjE4MzIjNDEjJDEjJDgjJDgz,"경기도 성남시 분당구 황새울로319번길 13, 1~6층 (서현동)"
JDQ4MTYyMiM1MSMkMSMkMCMkOTkkNTgxMzUxIzUxIyQxIyQxIyQwMyQyNjE4MzIjODEjJDEjJDYjJDgz,"경기도 성남시 수정구 헌릉로 993, 더퍼스트메디타워 4층,5층,6층,7층 일부,8층 (창곡동)"
JDQ4MTYyMiM1MSMkMSMkMCMkOTkkNTgxMzUxIzUxIyQxIyQxIyQxMyQyNjE4MzIjNjEjJDEjJDgjJDgz,"경기도 성남시 수정구 헌릉로 999, 센트럴메디타운 2층,3층,4층 일부 (창곡동)"
JDQ4MTYyMiM1MSMkMSMkMCMkNzIkNTgxMzUxIzUxIyQxIyQxIyQ5OSQyNjEwMDIjNTEjJDEjJDIjJDgz,"경기도 성남시 분당구 내정로165번길 50, 308호 (수내동)"
JDQ4MTYyMiM1MSMkMSMkMCMkNzIkNDgxOTYxIzExIyQxIyQzIyQ3OSQyNjEwMDIjNDEjJDEjJDgjJDgz,"경기도 성남시 분당구 서현로180번길 13, 303호 (서현동, 서현프라자)"
JDQ4MTYyMiM1MSMkMSMkMCMkMTMkNDgxMTkxIzIxIyQxIyQ1IyQ4MiQzNjEyMjIjODEjJDEjJDIjJDgz,"경기도 성남시 분당구 황새울로 326, 5층 (서현동, 서현빌딩 별관)"
JDQ4MTYyMiM1MSMkMiMkMCMkMDAkNDgxNzAyIzIxIyQxIyQ1IyQwMyQzNjEyMjIjNDEjJDEjJDgjJDgz,"경기도 성남시 분당구 성남대로 168, 402호 (금곡동, 미도프라자)"
JDQ4MTYyMiM1MSMkMSMkMCMkMTMkMzgxNzAyIzIxIyQxIyQ5IyQ2MiQyNjE0ODEjNjEjJDEjJDAjJDgz,"경기도 성남시 수정구 성남대로 1238, 2층 202호 (태평동, 삼능스페이스향)"
JDQ4MTYyMiM1MSMkMSMkMCMkNzIkNDgxMTkxIzIxIyQxIyQ5IyQwMyQyNjE0ODEjNDEjJDEjJDgjJDgz,"경기도 성남시 분당구 대왕판교로 660, 306호 (삼평동, 유스페이스1)"
JDQ4MTYyMiM1MSMkMSMkMCMkNzIkMzgxNzAyIzIxIyQxIyQ1IyQ3MiQyNjE0ODEjNzEjJDEjJDgjJDgz,"경기도 성남시 분당구 성남대로331번길 8, 킨스타워 3층 308호 (정자동)"
JDQ4MTYyMiM1MSMkMSMkMCMkMTMkNDgxOTYxIzExIyQxIyQzIyQ2MiQzNjEwMDIjNDEjJDEjJDgjJDgz,"경기도 성남시 수정구 산성대로 419, 2층 (단대동)"
JDQ4MTYyMiM1MSMkMSMkMCMkNzIkNDgxMzUxIzMxIyQyIyQ3IyQwMCQ0NjE0ODEjNTEjJDEjJDIjJDgz,"경기도 성남시 분당구 성남대로926번길 6, (야탑동)"
JDQ4MTYyMiM1MSMkMiMkMCMkMDAkNDgxMTkxIzUxIyQxIyQxIyQ4MiQ0NjEwMDIjNzEjJDEjJDgjJDgz,"경기도 성남시 중원구 산성대로 352, 3층 301호 (중앙동, 장안빌딩)"
JDQ4MTYyMiM1MSMkMiMkMCMkMDAkNDgxMTkxIzUxIyQxIyQxIyQ5MiQyNjEyMjIjNzEjJDEjJDgjJDgz,"경기도 성남시 분당구 서현로210번길 20, 3,4층 305-3,306,402호 (서현동, 코코프라자)"
JDQ4MTYyMiM1MSMkMSMkMCMkNzIkNTgxMzUxIzIxIyQxIyQ5IyQxMyQzNjE4MzIjNzEjJDEjJDgjJDgz,"경기도 성남시 분당구 구미로 60, 402호 (구미동, 관보쇼핑)"
JDQ4MTYyMiM1MSMkMSMkMCMkNzIkNTgxMzUxIzMxIyQxIyQzIyQ3OSQyNjEyMjIjNzEjJDEjJDgjJDgz,"경기도 성남시 분당구 중앙공원로31번길 42, 서현파크플라자 203호 (서현동)"
JDQ4MTYyMiM1MSMkMSMkMCMkNzIkNDgxOTYxIzExIyQxIyQ3IyQ3MiQ0NjE0ODEjNDEjJDEjJDgjJDgz,"경기도 성남시 수정구 산성대로 533, 3층 (양지동)"
JDQ4MTYyMiM1MSMkMSMkMCMkOTkkMzgxMzUxIzUxIyQyIyQ1IyQwMCQzNjEwMDIjNDEjJDEjJDgjJDgz,"경기도 성남시 중원구 광명로 330, (금광동)"
JDQ4MTYyMiM1MSMkMSMkMCMkOTkkNTgxMzUxIzMxIyQxIyQ3IyQ3MiQ0NjE0ODEjNjEjJDEjJDQjJDgz,"경기도 성남시 중원구 광명로 299, 행림빌딩 지하1층,3~8층 (금광동)"
JDQ4MTYyMiM1MSMkMiMkMCMkMDAkMzgxMTkxIzUxIyQxIyQxIyQ5OSQzNjE4MzIjNDEjJDEjJDQjJDgz,"경기도 성남시 중원구 광명로 17, 3층 (성남동)"
JDQ4MTYyMiM1MSMkMiMkMCMkMDAkNDgxMTkxIzIxIyQxIyQ5IyQ5OSQzNjEyMjIjODEjJDEjJDIjJDgz,"경기도 성남시 중원구 광명로 5, 8층 801,802호 (성남동, 성남동메디칼센타)"
JDQ4MTYyMiM1MSMkMiMkMCMkMDAkNTgxMzUxIzIxIyQxIyQxIyQ2MiQyNjEwMDIjNDEjJDEjJDQjJDgz,"경기도 성남시 중원구 광명로 341, 2층 (금광동)"
JDQ4MTYyMiM1MSMkMSMkMCMkNzIkMzgxNzAyIzMxIyQxIyQ3IyQ3MiQzNjE0ODEjODEjJDEjJDYjJDgz,"경기도 성남시 분당구 내정로165번길 50, 305호 (수내동, 크리스탈빌딩)"
JDQ4MTYyMiM1MSMkMiMkMCMkMDAkNTgxMzUxIzIxIyQxIyQ1IyQ4OSQzNjE0ODEjODEjJDEjJDYjJDgz,"경기도 성남시 분당구 성남대로 926, 306,307호 (야탑동, 메트로빌딩)"
JDQ4MTYyMiM1MSMkMSMkMCMkMTMkNDgxMzUxIzExIyQxIyQzIyQ4OSQ0NjEwMDIjNjEjJDEjJDgjJDgz,"경기도 성남시 수정구 산성대로 237, 3층 (신흥동)"
JDQ4MTYyMiM1MSMkMiMkMCMkMDAkMzgxMTkxIzMxIyQxIyQzIyQxMyQyNjEyMjIjNDEjJDEjJDgjJDgz,"경기도 성남시 수정구 성남대로 1254-1, 2층 (태평동)"
JDQ4MTYyMiM1MSMkMSMkMCMkOTkkNTgxMzUxIzUxIyQxIyQ1IyQ3OSQyNjE0ODEjNTEjJDEjJDIjJDgz,"경기도 성남시 수정구 산성대로 231, (신흥동)"
JDQ4MTYyMiM1MSMkMiMkMCMkMDAkNTgxMzUxIzQxIyQxIyQ3IyQ4OSQzNjE0ODEjNjEjJDEjJDAjJDgz,"경기도 성남시 분당구 서현로 192, 301호 (서현동, 야베스벨리)"
JDQ4MTYyMiM1MSMkMSMkMCMkMTMkNDgxMTkxIzUxIyQxIyQ1IyQ5MiQyNjEwMDIjNTEjJDEjJDIjJDgz,"경기도 성남시 분당구 운중로 122, 403호 (운중동, 골드클래스)"
JDQ4MTYyMiM1MSMkMSMkMCMkODkkMzgxMzUxIzExIyQxIyQzIyQ3MiQyNjEwMDIjNDEjJDEjJDgjJDgz,"경기도 성남시 분당구 야탑로 59, (야탑동)"
JDQ4MTYyMiM1MSMkMSMkMCMkNzIkMzgxMTkxIzUxIyQxIyQ1IyQ3MiQ0NjEwMDIjNTEjJDEjJDYjJDgz,"경기도 성남시 분당구 불정로 380, 304호 (서현동, 동남프라자)"
JDQ4MTYyMiM1MSMkMiMkMCMkMDAkMzgxNzAyIzExIyQxIyQ3IyQ3MiQzNjEyMjIjNjEjJDEjJDAjJDgz,"경기도 성남시 분당구 성남대로 926, 407,410호 (야탑동, 분당메트로빌딩)"
JDQ4MTYyMiM1MSMkMiMkMCMkMDAkMzgxNzAyIzIxIyQxIyQxIyQ3OSQzNjE4MzIjNTEjJDEjJDIjJDgz,"경기도 성남시 분당구 성남대로 165, 309호 310호 321호 (금곡동, 천사의도사1차)"
JDQ4MTYyMiM1MSMkMiMkMCMkMDAkMzgxNzAyIzMxIyQxIyQ3IyQwMyQ0NjEwMDIjNTEjJDEjJDIjJDgz,"경기도 성남시 분당구 내정로 170, 308호 (수내동, 동신파크빌딩)"
JDQ4MTYyMiM1MSMkMSMkMCMkNzIkMzgxNzAyIzQxIyQxIyQ3IyQ3OSQzNjEwMDIjNzEjJDEjJDgjJDgz,"경기도 성남시 분당구 불정로 379, 301호 (서현동, 서현프라자)"
JDQ4MTYyMiM1MSMkMiMkMCMkMDAkMzgxNzAyIzQxIyQxIyQ3IyQ5MiQyNjE0ODEjODEjJDEjJDIjJDgz,"경기도 성남시 분당구 내정로 170, 301,302호 (수내동, 동신파크빌딩)"
JDQ4MTYyMiM1MSMkMSMkMCMkODkkMzgxMzUxIzExIyQxIyQzIyQ5MiQzNjEwMDIjODEjJDEjJDYjJDgz,"경기도 성남시 분당구 새마을로177번길 81, (율동)"
JDQ4MTYyMiM1MSMkMiMkMCMkMDAkMzgxNzAyIzUxIyQxIyQ1IyQ5MiQyNjEyMjIjNzEjJDEjJDgjJDgz,"경기도 성남시 분당구 분당로263번길 39, 207호 (서현동, 레이디파크빌딩)"
JDQ4MTYyMiM1MSMkMiMkMCMkMDAkNDgxMzUxIzIxIyQyIyQ1IyQwMCQzNjE0ODEjNDEjJDEjJDgjJDgz,"경기도 성남시 분당구 야탑로 95, 5층 6호 (야탑동, 세신옴니코아)"
JDQ4MTYyMiM1MSMkMiMkMCMkMDAkNDgxMzUxIzIxIyQxIyQ1IyQ5OSQyNjEwMDIjNDEjJDEjJDQjJDgz,"경기도 성남시 중원구 금상로 120-1, (상대원동)"
JDQ4MTYyMiM1MSMkMiMkMCMkMDAkNDgxMzUxIzIxIyQxIyQ5IyQ2MiQ0NjEwMDIjNjEjJDEjJDgjJDgz,"경기도 성남시 수정구 시민로 138, 3층 (신흥동)"
JDQ4MTYyMiM1MSMkMSMkMCMkMTMkNDgxMTkxIzMxIyQxIyQ3IyQxMyQ0NjE0ODEjNjEjJDEjJDQjJDgz,"경기도 성남시 중원구 성남대로1147번길 3, 413호 (성남동, 오라타워)"
JDQ4MTYyMiM1MSMkMSMkMCMkNzIkNDgxNzAyIzQxIyQxIyQ3IyQ3OSQzNjE4MzIjNjEjJDEjJDQjJDgz,"경기도 성남시 수정구 산성대로 439, 2층 202호 (단대동)"
JDQ4MTYyMiM1MSMkMSMkMCMkOTkkNTgxMzUxIzMxIyQxIyQ3IyQ3MiQzNjEwMDIjNDEjJDEjJDgjJDgz,"경기도 성남시 분당구 판교로 473, 2,3,4,6층 (야탑동, ROOKIE 1129)"
JDQ4MTYyMiM1MSMkMiMkMCMkMDAkNDgxOTYxIzIxIyQxIyQ5IyQ4OSQyNjE4MzIjNDEjJDEjJDgjJDgz,"경기도 성남시 분당구 미금로 48, 301호 (구미동, 오성프라자)"
JDQ4MTYyMiM1MSMkMiMkMCMkMDAkNDgxNzAyIzQxIyQxIyQ3IyQ3MiQyNjE4MzIjNDEjJDEjJDQjJDgz,"경기도 성남시 분당구 판교로 374, 스타식스코아2 301호 (삼평동)"
JDQ4MTYyMiM1MSMkMiMkMCMkMDAkNDgxMTkxIzIxIyQxIyQxIyQ5OSQ0NjE0ODEjNDEjJDEjJDgjJDgz,"경기도 성남시 수정구 성남대로 1275-1, (태평동)"
JDQ4MTYyMiM1MSMkMiMkMCMkMDAkNDgxOTYxIzMxIyQyIyQzIyQwMCQyNjE0ODEjNzEjJDEjJDgjJDgz,"경기도 성남시 수정구 수정로 322, 2,3층 (산성동)"
JDQ4MTYyMiM1MSMkMiMkMCMkMDAkNDgxOTYxIzMxIyQxIyQzIyQ5MiQzNjEyMjIjNjEjJDEjJDQjJDgz,"경기도 성남시 분당구 서현로210번길 20, 3층 (서현동, 코코프라자)"
JDQ4MTYyMiM1MSMkMiMkMCMkMDAkNDgxOTYxIzMxIyQxIyQ3IyQ4OSQ0NjEwMDIjNTEjJDEjJDIjJDgz,"경기도 성남시 분당구 내정로 29, 금곡프라자 205호 (정자동)"
JDQ4MTYyMiM1MSMkMiMkMCMkMDAkNDgxOTYxIzMxIyQxIyQ3IyQ2MiQ0NjEwMDIjNjEjJDEjJDAjJDgz,"경기도 성남시 분당구 돌마로 478, 211호 (서현동, 창인프라자)"
JDQ4MTYyMiM1MSMkMiMkMCMkMDAkNDgxOTYxIzMxIyQxIyQ3IyQ4MiQyNjE0ODEjNjEjJDEjJDQjJDgz,"경기도 성남시 분당구 백현로101번길 16, 409~413호 (수내동, 대덕프라자)"
JDQ4MTYyMiM1MSMkMSMkMCMkMTMkMzgxNzAyIzUxIyQxIyQxIyQxMyQ0NjEwMDIjNDEjJDEjJDQjJDgz,"경기도 성남시 분당구 대왕판교로606번길 41, 604호 (삼평동, 판교프라임스퀘어 )"
JDQ4MTYyMiM1MSMkMiMkMCMkMDAkNDgxNzAyIzIxIyQxIyQ5IyQwMyQyNjEyMjIjNjEjJDEjJDAjJDgz,"경기도 성남시 수정구 산성대로 259, 2층 (신흥동)"
JDQ4MTYyMiM1MSMkMSMkMCMkMTMkMzgxNzAyIzUxIyQxIyQxIyQ3MiQyNjE0ODEjNzEjJDEjJDgjJDgz,"경기도 성남시 분당구 백현로101번길 20, 302호 (수내동, 그린프라자)"
JDQ4MTYyMiM1MSMkMiMkMCMkMDAkNDgxMzUxIzUxIyQxIyQxIyQ4OSQyNjEwMDIjNjEjJDEjJDAjJDgz,"경기도 성남시 분당구 성남대로 170, 309호 (금곡동, 한국프라자)"
JDQ4MTYyMiM1MSMkMSMkMCMkMTMkNDgxMTkxIzQxIyQxIyQ3IyQ3OSQzNjEwMDIjNDEjJDEjJDgjJDgz,"경기도 성남시 분당구 운중로 124, 304호 (운중동)"
JDQ4MTYyMiM1MSMkMSMkMCMkMTMkNDgxOTYxIzMxIyQxIyQzIyQ4OSQ0NjE0ODEjNjEjJDEjJDQjJDgz,"경기도 성남시 분당구 야탑로 95, 세신옴니코아빌딩 512호 (야탑동)"
JDQ4MTYyMiM1MSMkMSMkMCMkMTMkNDgxOTYxIzMxIyQxIyQzIyQ2MiQzNjE0ODEjNjEjJDEjJDAjJDgz,"경기도 성남시 중원구 산성대로372번길 9, 원광빌딩 (금광동)"
JDQ4MTYyMiM1MSMkMiMkMCMkMDAkMzgxNzAyIzUxIyQxIyQxIyQ5MiQzNjE4MzIjNDEjJDEjJDgjJDgz,"경기도 성남시 중원구 광명로 372, 4층 (금광동)"
JDQ4MTYyMiM1MSMkMiMkMCMkMDAkNDgxNzAyIzMxIyQxIyQ3IyQ2MiQ0NjE0ODEjNzEjJDEjJDgjJDgz,"경기도 성남시 분당구 정자로 144, 103~104호 (정자동, 우성4단지상가)"
JDQ4MTYyMiM1MSMkMSMkMCMkMTMkNDgxOTYxIzMxIyQxIyQ3IyQwMyQyNjEyMjIjNTEjJDEjJDYjJDgz,"경기도 성남시 중원구 성남대로 1126, 2층 202호 (성남동, 메가프라자)"
JDQ4MTYyMiM1MSMkMSMkMCMkNzIkNDgxMzUxIzExIyQxIyQzIyQxMyQzNjE4MzIjNDEjJDEjJDQjJDgz,"경기도 성남시 수정구 산성대로 313, 3층 (신흥동)"
JDQ4MTYyMiM1MSMkMSMkMCMkMTMkNDgxNzAyIzIxIyQyIyQxIyQwMCQyNjE0ODEjNjEjJDEjJDgjJDgz,"경기도 성남시 분당구 성남대로331번길 3-9, 402~403호 (정자동, 백궁프라자3)"
JDQ4MTYyMiM1MSMkMSMkMCMkMTMkNDgxNzAyIzIxIyQxIyQxIyQ4OSQzNjEyMjIjNDEjJDEjJDgjJDgz,"경기도 성남시 분당구 동판교로 55, 로제비앙스퀘어 304호 (백현동)"
JDQ4MTYyMiM1MSMkMSMkMCMkOTIkMzgxOTYxIzExIyQxIyQ3IyQ5MiQ0NjE0ODEjNTEjJDEjJDIjJDgz,"경기도 성남시 분당구 운중로138번길 10, 3층 (운중동, 운중동 주민센터 ,판교 보건지소)"
JDQ4MTYyMiM1MSMkMSMkMCMkNzIkMzgxNzAyIzMxIyQxIyQzIyQ2MiQ0NjE0ODEjODEjJDEjJDIjJDgz,"경기도 성남시 분당구 백현로101번길 23, 401호 (수내동, 미도프라자)"
JDQ4MTYyMiM1MSMkMSMkMCMkNzIkNTgxMzUxIzExIyQxIyQ3IyQ3MiQyNjEyMjIjODEjJDEjJDIjJDgz,"경기도 성남시 수정구 산성대로 267, 신흥역시네마타워 4층 406호~409호 (신흥동)"
JDQ4MTYyMiM1MSMkMSMkMCMkNzIkNTgxMzUxIzExIyQxIyQ3IyQ4MiQyNjE4MzIjNTEjJDEjJDYjJDgz,"경기도 성남시 분당구 양현로 126, 306호 (이매동, 미림프라자)"
JDQ4MTYyMiM1MSMkMSMkMCMkOTkkMzgxMzUxIzIxIyQxIyQ5IyQxMyQ0NjEwMDIjNjEjJDEjJDgjJDgz,"경기도 성남시 분당구 야탑로75번길 5, 중앙빌딩 지1~5층 (야탑동)"
JDQ4MTYyMiM1MSMkMSMkMCMkODkkMzgxMzUxIzExIyQxIyQzIyQ3MiQzNjE4MzIjNDEjJDEjJDgjJDgz,"경기도 성남시 분당구 서현로180번길 20, (서현동)"
JDQ4MTYyMiM1MSMkMiMkMCMkMDAkNDgxMTkxIzIxIyQxIyQ5IyQ3OSQ0NjE0ODEjNDEjJDEjJDQjJDgz,"경기도 성남시 분당구 야탑로75번길 9, 201호 (야탑동, 금호프라자)"
JDQ4MTYyMiM1MSMkMSMkMCMkNzIkNTgxMzUxIzQxIyQxIyQ3IyQ3OSQzNjE0ODEjNjEjJDEjJDgjJDgz,"경기도 성남시 분당구 돌마로 47, 이코노샤르망 604, 605호 (금곡동)"
JDQ4MTYyMiM1MSMkMSMkMCMkNzIkNDgxMTkxIzQxIyQxIyQ3IyQ5OSQyNjE0ODEjNzEjJDEjJDgjJDgz,"경기도 성남시 분당구 판교역로 230, B동 301~302호 (삼평동, 삼환하이펙스)"
JDQ4MTYyMiM1MSMkMSMkMCMkMTMkNDgxOTYxIzUxIyQxIyQxIyQ2MiQzNjE0ODEjNTEjJDEjJDYjJDgz,"경기도 성남시 분당구 구미로 11, 구미동빌딩 405호 (구미동)"
JDQ4MTYyMiM1MSMkMSMkMCMkNzIkNDgxMTkxIzIxIyQxIyQxIyQxMyQyNjEwMDIjNjEjJDEjJDAjJDgz,"경기도 성남시 분당구 운중로 142, 3층 일부호 (운중동, 판교메디칼타워)"
JDQ4MTYyMiM1MSMkMSMkMCMkNzIkNDgxMTkxIzIxIyQxIyQxIyQ5MiQzNjEwMDIjNTEjJDEjJDIjJDgz,"경기도 성남시 분당구 운중로 122, 303호 (운중동, 골드클래스)"
JDQ4MTYyMiM1MSMkMSMkMCMkMTMkMzgxMTkxIzIxIyQxIyQ1IyQ3MiQzNjEyMjIjODEjJDEjJDYjJDgz,"경기도 성남시 수정구 위례광장로 300, 위례중앙타워 4층 410~416호, 421호, 422-1호 (창곡동)"
JDQ4MTYyMiM1MSMkMiMkMCMkMDAkMzgxOTYxIzIxIyQxIyQ5IyQ3OSQzNjEyMjIjNjEjJDEjJDgjJDgz,"경기도 성남시 수정구 수정로 167, 3층 (태평동)"
JDQ4MTYyMiM1MSMkMSMkMCMkNzIkNDgxMTkxIzUxIyQxIyQ1IyQ3OSQzNjE4MzIjNTEjJDEjJDIjJDgz,"경기도 성남시 분당구 느티로 16, 909호 (정자동, 젤존타워1)"
JDQ4MTYyMiM1MSMkMSMkMCMkODkkMzgxMzUxIzExIyQxIyQzIyQ3OSQzNjE4MzIjNjEjJDEjJDAjJDgz,"경기도 성남시 중원구 산성대로476번길 12, (금광동)"
JDQ4MTYyMiM1MSMkMSMkMCMkMTMkNDgxNzAyIzIxIyQxIyQxIyQ3MiQ0NjEwMDIjNjEjJDEjJDAjJDgz,"경기도 성남시 분당구 돌마로 47, 505호 (금곡동, 이코노샤르망)"
JDQ4MTYyMiM1MSMkMSMkMCMkMTMkNDgxMTkxIzMxIyQxIyQ3IyQ4OSQyNjEwMDIjNDEjJDEjJDQjJDgz,"경기도 성남시 분당구 벌말로40번길 3, 2층 (야탑동, 성산빌딩)"
JDQ4MTYyMiM1MSMkMSMkMCMkMTMkNDgxMTkxIzMxIyQxIyQzIyQ5OSQyNjE4MzIjNzEjJDEjJDgjJDgz,"경기도 성남시 분당구 벌말로40번길 4, 202호 (야탑동, 대동상가)"
JDQ4MTYyMiM1MSMkMSMkMCMkNzIkNTgxMzUxIzExIyQxIyQ3IyQ4MiQzNjEyMjIjODEjJDEjJDIjJDgz,"경기도 성남시 분당구 정자로 13, 월드비터 315호, 317호 (정자동)"
JDQ4MTYyMiM1MSMkMSMkMCMkNzIkNDgxMzUxIzExIyQyIyQ3IyQwMCQyNjE0ODEjNjEjJDEjJDQjJDgz,"경기도 성남시 분당구 불정로 168, 301호 (정자동, 예광프라자)"
JDQ4MTYyMiM1MSMkMiMkMCMkMDAkMzgxOTYxIzMxIyQxIyQ3IyQ4MiQyNjE4MzIjODEjJDEjJDIjJDgz,"경기도 성남시 수정구 산성대로249번길 3, 2층 (신흥동)"
JDQ4MTYyMiM1MSMkMSMkMCMkNzIkNDgxOTYxIzIxIyQyIyQ1IyQwMCQzNjEyMjIjNTEjJDEjJDIjJDgz,"경기도 성남시 중원구 성남대로 1139, 501호 (성남동, 한일타워)"
JDQ4MTYyMiM1MSMkMSMkMCMkMTMkNDgxOTYxIzIxIyQxIyQ1IyQ4MiQyNjE0ODEjNTEjJDEjJDYjJDgz,"경기도 성남시 분당구 불정로 379, 305호 (서현동, 서헌프라자)"
JDQ4MTYyMiM1MSMkMSMkMCMkMTMkNDgxOTYxIzIxIyQxIyQ1IyQ5MiQzNjEwMDIjNDEjJDEjJDgjJDgz,"경기도 성남시 중원구 성남대로 1126, 메가프라자 301호 (성남동)"
JDQ4MTYyMiM1MSMkMSMkMCMkMTMkNDgxOTYxIzIxIyQxIyQ1IyQxMyQyNjE0ODEjNjEjJDEjJDQjJDgz,"경기도 성남시 분당구 이매로 49, 204호 (이매동, 주영빌딩)"
JDQ4MTYyMiM1MSMkMSMkMCMkMTMkNDgxOTYxIzIxIyQxIyQ5IyQ3OSQzNjEwMDIjNzEjJDEjJDgjJDgz,"경기도 성남시 분당구 분당로263번길 39, 205호 (서현동, 레이디파크)"
JDQ4MTYyMiM1MSMkMSMkMCMkNzIkNDgxNzAyIzUxIyQxIyQ1IyQwMyQzNjEwMDIjNDEjJDEjJDQjJDgz,"경기도 성남시 분당구 성남대로 345, 정자역프라자 2층 202호 (정자동)"
JDQ4MTYyMiM1MSMkMSMkMCMkMTMkNDgxNzAyIzUxIyQyIyQ1IyQwMCQyNjEwMDIjODEjJDEjJDYjJDgz,"경기도 성남시 분당구 황새울로351번길 10, 3층 일부호 (서현동, 여민빌딩)"
JDQ4MTYyMiM1MSMkMSMkMCMkNzIkNDgxOTYxIzMxIyQxIyQzIyQ3OSQzNjEwMDIjNjEjJDEjJDQjJDgz,"경기도 성남시 중원구 산성대로372번길 3, 3층 (금광동)"
JDQ4MTYyMiM1MSMkMSMkMCMkNzIkNDgxNzAyIzIxIyQxIyQ5IyQ4MiQyNjEwMDIjNDEjJDEjJDgjJDgz,"경기도 성남시 분당구 분당로263번길 35, 203호 (서현동, 굿모닝프라자)"
JDQ4MTYyMiM1MSMkMSMkMCMkNzIkMzgxMTkxIzUxIyQxIyQ1IyQ5MiQyNjEyMjIjNDEjJDEjJDgjJDgz,"경기도 성남시 분당구 중앙공원로 35, 206호 (서현동, 올림픽스포츠센터)"
JDQ4MTYyMiM1MSMkMSMkMCMkNzIkMzgxMTkxIzIxIyQxIyQ1IyQ3MiQzNjEyMjIjNDEjJDEjJDgjJDgz,"경기도 성남시 중원구 산성대로582번길 2, 2층 (은행동)"
JDQ4MTYyMiM1MSMkMSMkMCMkNzIkMzgxMTkxIzIxIyQxIyQ1IyQ4MiQyNjE0ODEjODEjJDEjJDYjJDgz,"경기도 성남시 분당구 돌마로 75, 502,503호 (금곡동, 미금프라자)"
JDQ4MTYyMiM1MSMkMSMkMCMkNzIkNTgxMzUxIzIxIyQxIyQxIyQ5OSQzNjEyMjIjNjEjJDEjJDQjJDgz,"경기도 성남시 분당구 성남대로331번길 8, 321,322호 (정자동, 인텔리지 킨스타워)"
JDQ4MTYyMiM1MSMkMSMkMCMkNzIkMzgxMTkxIzIxIyQxIyQ5IyQ4OSQ0NjEwMDIjNTEjJDEjJDIjJDgz,"경기도 성남시 분당구 이매로 51, 305호 (이매동, 한라프라자)"
JDQ4MTYyMiM1MSMkMiMkMCMkMDAkMzgxNzAyIzIxIyQxIyQxIyQ5MiQyNjE4MzIjNDEjJDEjJDgjJDgz,"경기도 성남시 중원구 둔촌대로 274, 1층 127호 (하대원동)"
JDQ4MTYyMiM1MSMkMiMkMCMkMDAkMzgxNzAyIzIxIyQxIyQxIyQ5MiQzNjEyMjIjNjEjJDEjJDQjJDgz,"경기도 성남시 중원구 광명로 124, 3층 (성남동)"
JDQ4MTYyMiM1MSMkMiMkMCMkMDAkMzgxNzAyIzIxIyQxIyQ1IyQ3MiQzNjEwMDIjODEjJDEjJDYjJDgz,"경기도 성남시 중원구 산성대로582번길 10, 2층 (은행동)"
JDQ4MTYyMiM1MSMkMSMkMCMkNzIkNTgxMzUxIzMxIyQyIyQ3IyQwMCQzNjE4MzIjNjEjJDEjJDgjJDgz,"경기도 성남시 수정구 산성대로 259, 6층 (신흥동)"
JDQ4MTYyMiM1MSMkMiMkMCMkMDAkMzgxNzAyIzIxIyQxIyQ5IyQ4OSQzNjE0ODEjODEjJDEjJDIjJDgz,"경기도 성남시 수정구 제일로 174, 2층 (태평동)"
JDQ4MTYyMiM1MSMkMSMkMCMkNzIkMzgxMTkxIzQxIyQxIyQ3IyQ5MiQyNjE4MzIjNjEjJDEjJDgjJDgz,"경기도 성남시 분당구 장미로 198, 103호 (야탑동, 아델파크빌)"
JDQ4MTYyMiM1MSMkMSMkMCMkNzIkMzgxNzAyIzMxIyQxIyQ3IyQ5OSQzNjEwMDIjNjEjJDEjJDQjJDgz,"경기도 성남시 분당구 황새울로342번길 11, 4층 405호 (서현동, 금호리빙)"
JDQ4MTYyMiM1MSMkMSMkMCMkNzIkMzgxNzAyIzQxIyQyIyQ3IyQwMCQyNjEwMDIjNjEjJDEjJDgjJDgz,"경기도 성남시 분당구 정자로 88, 2층 일부호 (정자동, 성심빌딩)"
JDQ4MTYyMiM1MSMkMSMkMCMkNzIkNDgxOTYxIzIxIyQxIyQ1IyQ3OSQzNjE4MzIjODEjJDEjJDYjJDgz,"경기도 성남시 분당구 백현로101번길 21, (수내동, 4층(일부))"
JDQ4MTYyMiM1MSMkMSMkMCMkNzIkNDgxMzUxIzExIyQxIyQzIyQ3OSQzNjEyMjIjNjEjJDEjJDgjJDgz,"경기도 성남시 분당구 돌마로 67, 302호 (금곡동, 금산젬월드)"
JDQ4MTYyMiM1MSMkMSMkMCMkNzIkMzgxNzAyIzUxIyQxIyQxIyQxMyQ0NjE0ODEjNTEjJDEjJDYjJDgz,"경기도 성남시 분당구 황새울로360번길 28, 3층 303호 (서현동, 은성프라자)"
JDQ4MTYyMiM1MSMkMiMkMCMkMDAkNDgxMzUxIzUxIyQyIyQ1IyQwMCQyNjEyMjIjNTEjJDEjJDYjJDgz,"경기도 성남시 분당구 미금로 44, 3층 (구미동, 국민프라자)"
JDQ4MTYyMiM1MSMkMSMkMCMkNzIkNDgxMzUxIzIxIyQxIyQ1IyQxMyQyNjE0ODEjNDEjJDEjJDgjJDgz,"경기도 성남시 수정구 산성대로 247, 6층 (신흥동)"
JDQ4MTYyMiM1MSMkMSMkMCMkNzIkNDgxMzUxIzMxIyQxIyQ3IyQ2MiQzNjE0ODEjNzEjJDEjJDgjJDgz,"경기도 성남시 분당구 내정로165번길 50, 407호 (수내동, 크리스탈빌딩)"
JDQ4MTYyMiM1MSMkMiMkMCMkMDAkNDgxOTYxIzExIyQxIyQ3IyQ5MiQzNjE0ODEjNTEjJDEjJDYjJDgz,"경기도 성남시 분당구 황새울로312번길 20, 303호 (서현동, 태성빌딩)"
JDQ4MTYyMiM1MSMkMSMkMCMkNzIkNDgxMzUxIzMxIyQxIyQ3IyQxMyQyNjE0ODEjNDEjJDEjJDgjJDgz,"경기도 성남시 수정구 성남대로 1275-1, (태평동)"
JDQ4MTYyMiM1MSMkMSMkMCMkNzIkMzgxNzAyIzIxIyQxIyQxIyQxMyQyNjE4MzIjNjEjJDEjJDAjJDgz,"경기도 성남시 수정구 산성대로 433, 5층 (단대동)"
JDU4MTI3MSM1MSMkMiMkMCMkMDAkMzgxOTYxIzUxIyQxIyQ1IyQwMyQyNjEyMjIjNjEjJDEjJDgjJDgz,"경기도 성남시 분당구 성남대로 168, 309,310호 (금곡동, 미도프라자)"
JDQ4MTYyMiM1MSMkMiMkMCMkMDAkNDgxOTYxIzMxIyQxIyQ3IyQ5OSQzNjE4MzIjNTEjJDEjJDYjJDgz,"경기도 성남시 중원구 산성대로 526, 가동 2층 7호 (은행동)"
JDQ4MTYyMiM1MSMkMSMkMCMkNzIkMzgxOTYxIzUxIyQxIyQ1IyQ4MiQzNjEyMjIjNDEjJDEjJDgjJDgz,"경기도 성남시 수정구 청계산로 689, 3층 305호 (고등동)"
JDQ4MTYyMiM1MSMkMSMkMCMkNzIkMzgxOTYxIzUxIyQxIyQ1IyQ5MiQyNjEwMDIjNzEjJDEjJDgjJDgz,"경기도 성남시 중원구 산성대로 360, 4층 (중앙동)"
JDQ4MTYyMiM1MSMkMSMkMCMkNzIkMzgxOTYxIzUxIyQxIyQ1IyQ4MiQyNjEyMjIjODEjJDEjJDIjJDgz,"경기도 성남시 분당구 돌마로 68, 403호 (구미동, 분당프라자)"
JDQ4MTYyMiM1MSMkMiMkMCMkMDAkNDgxMTkxIzMxIyQxIyQzIyQwMyQ0NjEwMDIjNTEjJDEjJDIjJDgz,"경기도 성남시 수정구 시민로 138, 3층 (신흥동)"
JDQ4MTYyMiM1MSMkMSMkMCMkNzIkNDgxOTYxIzUxIyQxIyQxIyQ3MiQzNjEwMDIjNDEjJDEjJDgjJDgz,"경기도 성남시 분당구 돌마로 86, 2동 301,302호 (구미동, 엘레강스프라자)"
JDQ4MTYyMiM1MSMkMSMkMCMkNzIkNDgxMTkxIzExIyQxIyQzIyQ4OSQyNjEyMjIjNDEjJDEjJDgjJDgz,"경기도 성남시 분당구 서판교로 36, 4층 일부호 (판교동)"
JDQ4MTYyMiM1MSMkMiMkMCMkMDAkMzgxNzAyIzIxIyQxIyQxIyQ4OSQ0NjEwMDIjNjEjJDEjJDgjJDgz,"경기도 성남시 수정구 수정로 106, 502호 (수진동)"
JDQ4MTYyMiM1MSMkMSMkMCMkNzIkNDgxMTkxIzExIyQxIyQzIyQxMyQzNjE0ODEjNjEjJDEjJDgjJDgz,"경기도 성남시 분당구 운중로 233, 한솔프라자 301호 (판교동)"
JDQ4MTYyMiM1MSMkMiMkMCMkMDAkNDgxNzAyIzIxIyQxIyQ1IyQ2MiQzNjEyMjIjNDEjJDEjJDgjJDgz,"경기도 성남시 중원구 산성대로 360, 5.6층 (중앙동)"
JDQ4MTYyMiM1MSMkMSMkMCMkNzIkNDgxMTkxIzExIyQxIyQ3IyQ4OSQ0NjE0ODEjNzEjJDEjJDgjJDgz,"경기도 성남시 분당구 운중로 118, 502호 (운중동, 스타타워)"
JDQ4MTYyMiM1MSMkMiMkMCMkMDAkNDgxNzAyIzIxIyQxIyQ5IyQxMyQzNjE4MzIjNTEjJDEjJDIjJDgz,"경기도 성남시 분당구 미금일로 71, 201호 (구미동, 하나빌딩)"
JDQ4MTYyMiM1MSMkMiMkMCMkMDAkNDgxNzAyIzMxIyQxIyQzIyQxMyQyNjE4MzIjNjEjJDEjJDgjJDgz,"경기도 성남시 분당구 성남대로 906, 5층 (야탑동, 주택은행내)"
JDQ4MTYyMiM1MSMkMiMkMCMkMDAkNDgxNzAyIzQxIyQxIyQ3IyQ4OSQzNjE0ODEjODEjJDEjJDYjJDgz,"경기도 성남시 수정구 수정로 115, 5층 (태평동, 만홍빌딩)"
JDQ4MTYyMiM1MSMkMSMkMCMkNzIkNDgxOTYxIzIxIyQxIyQ1IyQ2MiQzNjEwMDIjNDEjJDEjJDgjJDgz,"경기도 성남시 수정구 수정로 185, 7층 (태평동)"
JDQ4MTYyMiM1MSMkMiMkMCMkMDAkNDgxOTYxIzQxIyQyIyQ3IyQwMCQzNjE0ODEjNTEjJDEjJDIjJDgz,"경기도 성남시 중원구 산성대로372번길 14, 3층 (금광동)"
JDQ4MTYyMiM1MSMkMSMkMCMkNzIkMzgxNzAyIzMxIyQxIyQzIyQ3MiQ0NjE0ODEjNjEjJDEjJDQjJDgz,"경기도 성남시 중원구 산성대로372번길 5, 2,3층 일부호 (금광동)"
JDQ4MTYyMiM1MSMkMSMkMCMkNzIkNDgxMTkxIzMxIyQxIyQzIyQ5MiQzNjE0ODEjNTEjJDEjJDYjJDgz,"경기도 성남시 분당구 분당로53번길 12, 302호 (서현동, 나산프라자)"
JDQ4MTYyMiM1MSMkMSMkMCMkMTMkNDgxOTYxIzIxIyQxIyQxIyQ3MiQzNjEyMjIjODEjJDEjJDYjJDgz,"경기도 성남시 중원구 산성대로372번길 13-1, 2층 (금광동)"
JDQ4MTYyMiM1MSMkMiMkMCMkMDAkMzgxNzAyIzUxIyQxIyQ1IyQ3MiQyNjEwMDIjNjEjJDEjJDAjJDgz,"경기도 성남시 중원구 산성대로372번길 9, 원광빌딩 3,4층 (금광동)"
JDQ4MTYyMiM1MSMkMSMkMCMkNzIkNDgxMTkxIzMxIyQxIyQ3IyQxMyQyNjEwMDIjNDEjJDEjJDQjJDgz,"경기도 성남시 분당구 판교역로 231, 221,222호 (삼평동, H스퀘어 S동 )"
JDQ4MTYyMiM1MSMkMSMkMCMkNzIkNDgxMzUxIzMxIyQyIyQ3IyQwMCQyNjEyMjIjNTEjJDEjJDYjJDgz,"경기도 성남시 중원구 산성대로 340-1, 3층 (중앙동, 범원빌딩)"
JDQ4MTYyMiM1MSMkMiMkMCMkMDAkMzgxNzAyIzExIyQxIyQ3IyQ2MiQzNjE0ODEjNDEjJDEjJDgjJDgz,"경기도 성남시 분당구 중앙공원로39번길 7, 2층 204호 (서현동, 삼성한신상가)"
JDQ4MTYyMiM1MSMkMSMkMCMkNzIkNDgxNzAyIzIxIyQxIyQxIyQ3MiQzNjE4MzIjNDEjJDEjJDQjJDgz,"경기도 성남시 분당구 판교로 375, 6층 603호 (삼평동, 에메트타운)"
JDQ4MTYyMiM1MSMkMSMkMCMkNzIkNDgxOTYxIzExIyQxIyQ3IyQwMyQzNjEwMDIjODEjJDEjJDIjJDgz,"경기도 성남시 분당구 야탑로81번길 10, 201호 (야탑동, 아미고타워)"
JDQ4MTYyMiM1MSMkMSMkMCMkNzIkNDgxOTYxIzIxIyQxIyQxIyQ3OSQzNjE4MzIjNTEjJDEjJDIjJDgz,"경기도 성남시 분당구 판교로 376, 401호 (삼평동, 마크시티 퍼플)"
JDQ4MTYyMiM1MSMkMSMkMCMkNzIkMzgxOTYxIzUxIyQxIyQxIyQxMyQyNjE0ODEjNzEjJDEjJDgjJDgz,"경기도 성남시 중원구 금빛로 52, 4층 (금광동)"
JDQ4MTYyMiM1MSMkMSMkMCMkMTMkNDgxMTkxIzIxIyQxIyQ5IyQ2MiQzNjE0ODEjNTEjJDEjJDYjJDgz,"경기도 성남시 분당구 판교로 436, 1층 5~8호 13호 (이매동, 홍우프라자)"
JDQ4MTYyMiM1MSMkMiMkMCMkMDAkNDgxOTYxIzUxIyQxIyQxIyQ5MiQzNjE0ODEjODEjJDEjJDIjJDgz,"경기도 성남시 중원구 산성대로 350, (중앙동)"
JDQ4MTYyMiM1MSMkMiMkMCMkMDAkNTgxMzUxIzMxIyQxIyQzIyQ3OSQyNjE4MzIjNjEjJDEjJDgjJDgz,"경기도 성남시 수정구 산성대로 247, 5층 (신흥동)"
JDQ4MTYyMiM1MSMkMSMkMCMkMTMkNDgxNzAyIzExIyQxIyQ3IyQ4MiQyNjEyMjIjODEjJDEjJDIjJDgz,"경기도 성남시 분당구 판교로 443, 201,202호 (야탑동, 중앙퍼지마트)"
JDQ4MTYyMiM1MSMkMiMkMCMkMDAkNTgxMzUxIzMxIyQxIyQzIyQ4OSQzNjEwMDIjNDEjJDEjJDQjJDgz,"경기도 성남시 분당구 돌마로 68, 404호 (구미동, 분당프라자)"
JDQ4MTYyMiM1MSMkMiMkMCMkMDAkNTgxMzUxIzUxIyQxIyQxIyQxMyQyNjEwMDIjNjEjJDEjJDAjJDgz,"경기도 성남시 분당구 성남대로331번길 3-13, 502~504호 (정자동, 대명제스트빌딩)"
JDQ4MTYyMiM1MSMkMiMkMCMkMDAkNTgxOTYxIzIxIyQxIyQxIyQ5OSQyNjEwMDIjNDEjJDEjJDgjJDgz,"경기도 성남시 분당구 야탑로81번길 10, 302호 (야탑동, 아미고타워)"
JDQ4MTYyMiM1MSMkMiMkMCMkMDAkNTgxMzUxIzQxIyQxIyQ3IyQ4MiQyNjEwMDIjNjEjJDEjJDgjJDgz,"경기도 성남시 중원구 산성대로 356, 3층 (중앙동)"
JDQ4MTYyMiM1MSMkMSMkMCMkMTMkNDgxNzAyIzExIyQxIyQ3IyQ2MiQ0NjE0ODEjNTEjJDEjJDIjJDgz,"경기도 성남시 분당구 장미로100번길 4, 1층 일부호 (야탑동)"
JDQ4MTYyMiM1MSMkMiMkMCMkMDAkNDgxMTkxIzUxIyQxIyQ1IyQ3OSQyNjE0ODEjNjEjJDEjJDgjJDgz,"경기도 성남시 분당구 백현로 206, 101~103호 (정자동, 한솔근린상가)"
JDQ4MTYyMiM1MSMkMiMkMCMkMDAkNDgxNzAyIzIxIyQxIyQ5IyQ5MiQzNjEyMjIjNDEjJDEjJDQjJDgz,"경기도 성남시 수정구 수정로 115, 5층 (태평동)"
JDQ4MTYyMiM1MSMkMSMkMCMkNjIkMzgxMzUxIzExIyQxIyQzIyQ5MiQ0NjE0ODEjNzEjJDEjJDgjJDgz,"경기도 성남시 중원구 성남대로 1141, (성남동)"
JDQ4MTYyMiM1MSMkMiMkMCMkMDAkNDgxMTkxIzMxIyQxIyQ3IyQ5MiQyNjE4MzIjNTEjJDEjJDIjJDgz,"경기도 성남시 분당구 성남대로 168, 미도프라자 603호 (금곡동)"
JDQ4MTYyMiM1MSMkMiMkMCMkMDAkNTgxOTYxIzIxIyQxIyQ5IyQ4OSQzNjEwMDIjODEjJDEjJDYjJDgz,"경기도 성남시 중원구 산성대로 356, (중앙동)"
JDQ4MTYyMiM1MSMkMiMkMCMkMDAkNDgxNzAyIzUxIyQxIyQxIyQ3MiQyNjE4MzIjNjEjJDEjJDgjJDgz,"경기도 성남시 분당구 불곡로 4, 107-1호 (정자동, 리더스프라자)"
JDQ4MTYyMiM1MSMkMiMkMCMkMDAkNTgxMzUxIzExIyQxIyQzIyQ5OSQyNjEyMjIjNDEjJDEjJDgjJDgz,"경기도 성남시 분당구 돌마로 87, 305호 (금곡동, 골드프라자)"
JDQ4MTYyMiM1MSMkMiMkMCMkMDAkNTgxMzUxIzIxIyQxIyQxIyQ3MiQ0NjE0ODEjNjEjJDEjJDAjJDgz,"경기도 성남시 분당구 성남대로 38, 403호 (구미동, 비즈바이코리아)"
JDQ4MTYyMiM1MSMkMiMkMCMkMDAkNTgxMzUxIzIxIyQxIyQ5IyQ4MiQzNjEyMjIjODEjJDEjJDIjJDgz,"경기도 성남시 분당구 백현로101번길 16, 대덕프라자 2층 216호 (수내동)"
JDQ4MTYyMiM1MSMkMiMkMCMkMDAkNTgxOTYxIzExIyQxIyQzIyQ3MiQzNjEwMDIjNTEjJDEjJDIjJDgz,"경기도 성남시 분당구 황새울로342번길 11, 401호 402호 (서현동, 금호리빙스텔)"
JDQ4MTYyMiM1MSMkMiMkMCMkMDAkNTgxOTYxIzIxIyQxIyQxIyQ3MiQyNjEyMjIjNDEjJDEjJDgjJDgz,"경기도 성남시 분당구 야탑로81번길 10, 3층 309-1호, 309-2호 (야탑동, 분당아미고타워)"
JDQ4MTYyMiM1MSMkMiMkMCMkMDAkNTgxOTYxIzIxIyQxIyQ1IyQ5OSQ0NjE0ODEjNjEjJDEjJDAjJDgz,"경기도 성남시 수정구 수정로 100, 2층 (수진동)"
JDQ4MTYyMiM1MSMkMSMkMCMkMTMkNDgxOTYxIzQxIyQyIyQ3IyQwMCQzNjEwMDIjODEjJDEjJDIjJDgz,"경기도 성남시 분당구 정자일로 227, 301호 (정자동, 백궁지엔느)"
JDQ4MTYyMiM1MSMkMSMkMCMkNzIkMzgxMTkxIzExIyQxIyQzIyQ4OSQyNjEyMjIjNDEjJDEjJDQjJDgz,"경기도 성남시 분당구 동판교로 58, 401호 (백현동, 나이스프라자)"
JDQ4MTYyMiM1MSMkMSMkMCMkNzIkNDgxNzAyIzIxIyQxIyQxIyQwMyQ0NjEwMDIjODEjJDEjJDIjJDgz,"경기도 성남시 분당구 정자일로 135, 정자동3차 푸르지오 시티 207, 207-1, 208, 208-1호 (정자동)"
JDQ4MTYyMiM1MSMkMSMkMCMkMTMkMzgxNzAyIzUxIyQyIyQ1IyQwMCQyNjEyMjIjNjEjJDEjJDQjJDgz,"경기도 성남시 분당구 정자일로 192, 301호 (정자동, 지파크플라자)"
JDQ4MTYyMiM1MSMkMSMkMCMkNzIkMzgxMTkxIzIxIyQxIyQxIyQ5OSQ0NjEwMDIjNzEjJDEjJDgjJDgz,"경기도 성남시 분당구 미금로 44, 4층 일부호 (구미동, 국민프라자)"
JDQ4MTYyMiM1MSMkMiMkMCMkMDAkNTgxOTYxIzIxIyQxIyQ5IyQxMyQzNjEyMjIjNjEjJDEjJDQjJDgz,"경기도 성남시 분당구 정자일로 162, 젤존타워2 4층 402호 (정자동)"
JDQ4MTYyMiM1MSMkMSMkMCMkNzIkMzgxMTkxIzQxIyQxIyQ3IyQ2MiQzNjE0ODEjNTEjJDEjJDIjJDgz,"경기도 성남시 분당구 운중로 131, 4층 4, 5호 (운중동, 스타식스메트로)"
JDQ4MTYyMiM1MSMkMSMkMCMkNzIkMzgxMTkxIzUxIyQxIyQxIyQ3MiQ0NjE0ODEjODEjJDEjJDYjJDgz,"경기도 성남시 중원구 금상로 134, 2층 (상대원동)"
JDQ4MTYyMiM1MSMkMSMkMCMkNzIkMzgxMzUxIzUxIyQxIyQxIyQwMyQzNjEyMjIjNTEjJDEjJDYjJDgz,"경기도 성남시 분당구 판교역로 231, 207호 (삼평동, H스퀘어 S동)"
JDQ4MTYyMiM1MSMkMSMkMCMkNzIkMzgxMzUxIzMxIyQxIyQzIyQ3MiQ0NjEwMDIjNzEjJDEjJDgjJDgz,"경기도 성남시 수정구 산성대로215번길 3, 관서형빌딩 7층 (신흥동)"
JDQ4MTYyMiM1MSMkMSMkMCMkNzIkMzgxNzAyIzExIyQxIyQzIyQwMyQyNjE4MzIjNjEjJDEjJDAjJDgz,"경기도 성남시 수정구 남문로 65, 5층 (태평동)"
JDQ4MTYyMiM1MSMkMSMkMCMkNzIkMzgxMzUxIzUxIyQxIyQ1IyQwMyQzNjE0ODEjNTEjJDEjJDYjJDgz,"경기도 성남시 중원구 성남대로 1150, 대원빌딩 2층 (성남동)"
JDQ4MTYyMiM1MSMkMSMkMCMkNzIkMzgxOTYxIzExIyQxIyQ3IyQxMyQ0NjEwMDIjNjEjJDEjJDgjJDgz,"경기도 성남시 분당구 성남대로331번길 13, 406호 (정자동, 백궁프라자(1))"
JDQ4MTYyMiM1MSMkMiMkMCMkMDAkNDgxOTYxIzMxIyQxIyQzIyQwMyQzNjEwMDIjNjEjJDEjJDAjJDgz,"경기도 성남시 수정구 창업로 18, 3층 303,304호 (시흥동)"
JDQ4MTYyMiM1MSMkMSMkMCMkNzIkMzgxOTYxIzIxIyQxIyQ5IyQ4MiQ0NjE0ODEjNjEjJDEjJDQjJDgz,"경기도 성남시 분당구 내정로165번길 38, 231호 (수내동, 양지마을602동 상가)"
JDQ4MTYyMiM1MSMkMSMkMCMkNzIkMzgxOTYxIzQxIyQxIyQ3IyQ4MiQyNjEyMjIjNjEjJDEjJDQjJDgz,"경기도 성남시 수정구 수정로 356, 3층 (산성동)"
JDQ4MTYyMiM1MSMkMSMkMCMkNzIkNDgxMzUxIzExIyQxIyQzIyQwMyQyNjEyMjIjNDEjJDEjJDgjJDgz,"경기도 성남시 수정구 공원로 322, 2층 222호 (신흥동, 신동아파라디움)"
JDQ4MTYyMiM1MSMkMSMkMCMkNzIkMzgxOTYxIzQxIyQxIyQ3IyQ3MiQzNjEwMDIjNTEjJDEjJDIjJDgz,"경기도 성남시 분당구 분당내곡로 151, 5층 504호 (삼평동, 삼도타워)"
JDQ4MTYyMiM1MSMkMSMkMCMkNzIkMzgxMTkxIzIxIyQxIyQxIyQ5OSQzNjEyMjIjNTEjJDEjJDIjJDgz,"경기도 성남시 분당구 성남대로331번길 3-3, 4층 406호 (정자동, 젤존타워)"
JDQ4MTYyMiM1MSMkMSMkMCMkNzIkMzgxMTkxIzIxIyQxIyQxIyQ4MiQ0NjEwMDIjNjEjJDEjJDgjJDgz,"경기도 성남시 수정구 성남대로 1222, 예농빌딩 2층 일부층 (수진동)"
JDQ4MTYyMiM1MSMkMSMkMCMkNzIkMzgxMTkxIzQxIyQyIyQ3IyQwMCQyNjE4MzIjNzEjJDEjJDgjJDgz,"경기도 성남시 수정구 성남대로 1342, (복정동, 가천대학교)"
JDQ4MTYyMiM1MSMkMSMkMCMkNzIkMzgxNzAyIzExIyQxIyQ3IyQ2MiQ0NjE0ODEjNTEjJDEjJDIjJDgz,"경기도 성남시 분당구 황새울로 216, 201호 (수내동, 휴맥스빌리지)"
JDQ4MTYyMiM1MSMkMSMkMCMkNzIkMzgxNzAyIzIxIyQxIyQ5IyQ4OSQyNjEyMjIjNDEjJDEjJDgjJDgz,"경기도 성남시 분당구 느티로 71, 304호 (정자동, 현대프라자)"
JDU4MTI3MSM1MSMkMSMkMCMkMTMkMzgxNzAyIzQxIyQxIyQ3IyQwMyQyNjEyMjIjNDEjJDEjJDgjJDgz,"경기도 성남시 분당구 서현로210번길 2, 401호 (서현동, 성지하이츠텔)"
JDQ4MTYyMiM1MSMkMSMkMCMkNzIkMzgxNzAyIzIxIyQxIyQ1IyQ2MiQzNjEwMDIjNDEjJDEjJDgjJDgz,"경기도 성남시 분당구 판교로 478, 301호 (이매동, 금강프라자)"
JDQ4MTYyMiM1MSMkMiMkMCMkMDAkMzgxNzAyIzExIyQxIyQzIyQ4OSQ0NjEwMDIjNTEjJDEjJDYjJDgz,"경기도 성남시 분당구 내정로 172, 502호 (수내동, 성지상가)"
JDQ4MTYyMiM1MSMkMSMkMCMkNzIkNDgxOTYxIzUxIyQxIyQ1IyQ4OSQyNjEyMjIjNTEjJDEjJDYjJDgz,"경기도 성남시 분당구 서판교로 154, 3층 302호,302호 (판교동, 낙생빌딩)"
JDQ4MTYyMiM1MSMkMSMkMCMkNzIkMzgxNzAyIzMxIyQxIyQ3IyQ5MiQyNjEyMjIjNzEjJDEjJDgjJDgz,"경기도 성남시 분당구 서현로 184, 215호 (서현동, LG분당에클라트)"
JDQ4MTYyMiM1MSMkMSMkMCMkNzIkMzgxNzAyIzQxIyQxIyQ3IyQ2MiQyNjE4MzIjNDEjJDEjJDQjJDgz,"경기도 성남시 분당구 성남대로54번길 3, 3층 (구미동, LH 별관)"
JDQ4MTYyMiM1MSMkMSMkMCMkOTkkMzgxOTYxIzExIyQxIyQzIyQxMyQzNjE4MzIjNDEjJDEjJDQjJDgz,"경기도 성남시 분당구 서현로180번길 27, 1~6층 (서현동, 분당제일여성병원)"
JDQ4MTYyMiM1MSMkMSMkMCMkNzIkNDgxNzAyIzIxIyQxIyQxIyQ3OSQ0NjEwMDIjNDEjJDEjJDQjJDgz,"경기도 성남시 중원구 사기막골로 124, 메가동 B2층 B203호 (상대원동, SKn테크노파크)"
JDQ4MTYyMiM1MSMkMSMkMCMkNzIkNDgxMTkxIzIxIyQxIyQxIyQ3OSQzNjE4MzIjODEjJDEjJDIjJDgz,"경기도 성남시 분당구 백현로101번길 29, (수내동, C&C빌딩 4층일부)"
JDQ4MTYyMiM1MSMkMSMkMCMkNzIkNDgxMTkxIzIxIyQxIyQ5IyQwMyQyNjE4MzIjNjEjJDEjJDgjJDgz,"경기도 성남시 분당구 황새울로335번길 5, 401호 401-1(일부)호 (서현동, 엔타운빌딩)"
JDQ4MTYyMiM1MSMkMiMkMCMkMDAkNDgxMTkxIzQxIyQxIyQ3IyQ3MiQyNjE4MzIjNjEjJDEjJDAjJDgz,"경기도 성남시 분당구 백현로 105, 209호 (수내동, 로얄팰리스하우스빌)"
JDQ4MTYyMiM1MSMkMiMkMCMkMDAkNDgxOTYxIzQxIyQxIyQ3IyQ3MiQzNjEwMDIjNjEjJDEjJDQjJDgz,"경기도 성남시 중원구 둔촌대로281번길 3, 2층 (하대원동)"
JDQ4MTYyMiM1MSMkMiMkMCMkMDAkNDgxMTkxIzQxIyQxIyQ3IyQ4MiQyNjE0ODEjNzEjJDEjJDgjJDgz,"경기도 성남시 분당구 정자로 88, 성심빌딩 3층 301호 (정자동)"
JDQ4MTYyMiM1MSMkMiMkMCMkMDAkNDgxNzAyIzIxIyQxIyQxIyQ4OSQzNjEyMjIjNTEjJDEjJDYjJDgz,"경기도 성남시 수정구 수정로 106, 501호 (수진동)"
JDQ4MTYyMiM1MSMkMiMkMCMkMDAkNDgxNzAyIzMxIyQxIyQ3IyQ2MiQzNjE0ODEjNjEjJDEjJDAjJDgz,"경기도 성남시 분당구 돌마로 80, 201호 6~8호 (구미동, 현대벤처빌)"
JDQ4MTYyMiM1MSMkMiMkMCMkMDAkNDgxOTYxIzUxIyQxIyQ1IyQ4OSQzNjE4MzIjNjEjJDEjJDQjJDgz,"경기도 성남시 수정구 논골로 1, 2층 (단대동)"
JDQ4MTYyMiM1MSMkMiMkMCMkMDAkNDgxNzAyIzIxIyQxIyQ5IyQxMyQzNjEyMjIjNjEjJDEjJDAjJDgz,"경기도 성남시 수정구 수정로 106, 402호 (수진동)"
JDQ4MTYyMiM1MSMkMiMkMCMkMDAkNDgxOTYxIzUxIyQxIyQ1IyQ5OSQzNjE0ODEjODEjJDEjJDIjJDgz,"경기도 성남시 분당구 미금일로 73, 1층 (구미동)"
JDQ4MTYyMiM1MSMkMiMkMCMkMDAkNDgxNzAyIzQxIyQxIyQ3IyQwMyQyNjE4MzIjNDEjJDEjJDgjJDgz,"경기도 성남시 수정구 탄리로 116, 1층 일부,2층,3층 (태평동)"
JDQ4MTYyMiM1MSMkMiMkMCMkMDAkNDgxOTYxIzUxIyQyIyQ1IyQwMCQzNjE4MzIjNDEjJDEjJDQjJDgz,"경기도 성남시 중원구 광명로 5, 7층 701~703호 (성남동)"
JDQ4MTYyMiM1MSMkMSMkMCMkOTkkNTgxMzUxIzIxIyQxIyQ5IyQ5MiQzNjE4MzIjODEjJDEjJDYjJDgz,"경기도 성남시 분당구 불정로386번길 8, 1층일부~4층 (서현동)"
JDQ4MTYyMiM1MSMkMSMkMCMkNzIkNDgxOTYxIzExIyQxIyQzIyQ5MiQyNjE0ODEjNTEjJDEjJDYjJDgz,"경기도 성남시 분당구 장안로25번길 28, 205호 (분당동, 건영상가)"
JDQ4MTYyMiM1MSMkMiMkMCMkMDAkMzgxOTYxIzQxIyQxIyQ3IyQ3OSQzNjEwMDIjNzEjJDEjJDgjJDgz,"경기도 성남시 중원구 금상로 18, 6.7층 (상대원동)"
JDQ4MTYyMiM1MSMkMSMkMCMkMTMkNDgxOTYxIzIxIyQxIyQxIyQ5OSQyNjEwMDIjNjEjJDEjJDgjJDgz,"경기도 성남시 분당구 돌마로366번길 42, 2층 (수내동, 동한프라자)"
JDQ4MTYyMiM1MSMkMiMkMCMkMDAkNDgxMTkxIzMxIyQxIyQ3IyQ3OSQyNjE4MzIjNDEjJDEjJDgjJDgz,"경기도 성남시 중원구 산성대로552번길 15, 가동 208호 (은행동)"
JDQ4MTYyMiM1MSMkMSMkMCMkMTMkNDgxOTYxIzIxIyQxIyQ5IyQ3MiQyNjE4MzIjNzEjJDEjJDgjJDgz,"경기도 성남시 중원구 자혜로44번길 2, (금광동)"
JDQ4MTYyMiM1MSMkMSMkMCMkMTMkMzgxNzAyIzUxIyQxIyQxIyQ2MiQzNjEwMDIjNDEjJDEjJDgjJDgz,"경기도 성남시 중원구 성남대로 1132, 모란역 센트럴스퀘어 4층 410,411,412호 (성남동)"
JDQ4MTYyMiM1MSMkMSMkMCMkMTMkNDgxOTYxIzUxIyQxIyQ1IyQ4OSQ0NjE0ODEjNDEjJDEjJDgjJDgz,"경기도 성남시 분당구 야탑로81번길 10, 503일부호 (야탑동, 분당아미고타워)"
JDQ4MTYyMiM1MSMkMSMkMCMkMTMkNDgxOTYxIzIxIyQxIyQ1IyQwMyQyNjE0ODEjODEjJDEjJDIjJDgz,"경기도 성남시 중원구 희망로344번길 4, 2층 (상대원동)"
JDQ4MTYyMiM1MSMkMSMkMCMkMTMkNDgxMzUxIzExIyQxIyQzIyQwMyQ0NjEwMDIjNzEjJDEjJDgjJDgz,"경기도 성남시 분당구 야탑로81번길 10, 306호 (야탑동, 아미고타워)"
JDQ4MTYyMiM1MSMkMSMkMCMkNzIkNDgxMzUxIzExIyQxIyQ3IyQ4MiQyNjE0ODEjNzEjJDEjJDgjJDgz,"경기도 성남시 중원구 산성대로 336-3, 3.4층 (중앙동)"
JDQ4MTYyMiM1MSMkMSMkMCMkNzIkNTgxMzUxIzExIyQxIyQzIyQ5MiQyNjE4MzIjNjEjJDEjJDAjJDgz,"경기도 성남시 중원구 성남대로 1156, 3,4,5층 (성남동)"
JDQ4MTYyMiM1MSMkMSMkMCMkNzIkNTgxMzUxIzUxIyQxIyQ1IyQ4OSQzNjE4MzIjNDEjJDEjJDgjJDgz,"경기도 성남시 분당구 판교역로 240, 삼환하이펙스A동 104~105호 (삼평동)"
JDQ4MTYyMiM1MSMkMSMkMCMkNzIkNDgxMzUxIzIxIyQxIyQ5IyQ4OSQ0NjE0ODEjNjEjJDEjJDQjJDgz,"경기도 성남시 분당구 중앙공원로40번길 4, 현대카스올림픽골프파크 211호 (서현동)"
JDQ4MTYyMiM1MSMkMSMkMCMkMTMkMzgxMTkxIzExIyQxIyQzIyQ4OSQzNjEyMjIjNDEjJDEjJDgjJDgz,"경기도 성남시 분당구 불정로 268, (수내동, 동국대한방병원)"
JDQ4MTYyMiM1MSMkMSMkMCMkNzIkNDgxNzAyIzIxIyQyIyQxIyQwMCQzNjEwMDIjODEjJDEjJDYjJDgz,"경기도 성남시 분당구 운중로 239, 401,402호 (판교동, 도메인타워)"
JDQ4MTYyMiM1MSMkMSMkMCMkMTMkMzgxNzAyIzQxIyQxIyQ3IyQ5OSQyNjEwMDIjNzEjJDEjJDgjJDgz,"경기도 성남시 중원구 성남대로 1137, 2층 (성남동)"
JDQ4MTYyMiM1MSMkMiMkMCMkMDAkNDgxMTkxIzIxIyQxIyQ5IyQ4MiQyNjE4MzIjNTEjJDEjJDIjJDgz,"경기도 성남시 수정구 수정로 59, 2층 (태평동)"
JDQ4MTYyMiM1MSMkMiMkMCMkMDAkNDgxMTkxIzIxIyQxIyQ5IyQ3MiQzNjE4MzIjODEjJDEjJDIjJDgz,"경기도 성남시 분당구 돌마로90번길 4, 206호 (구미동, 엘레강스프라자)"
JDQ4MTYyMiM1MSMkMSMkMCMkNzIkNTgxMzUxIzMxIyQxIyQ3IyQ3OSQzNjEwMDIjODEjJDEjJDIjJDgz,"경기도 성남시 중원구 성남대로 1146, 구정빌딩 4층 401호 (성남동)"
JDQ4MTYyMiM1MSMkMSMkMCMkNzIkNTgxMzUxIzMxIyQxIyQ3IyQ4OSQzNjE4MzIjNDEjJDEjJDgjJDgz,"경기도 성남시 중원구 성남대로 1132, 모란역 센트럴스퀘어 305~309호 (성남동)"
JDQ4MTYyMiM1MSMkMiMkMCMkMDAkNTgxMzUxIzQxIyQyIyQ3IyQwMCQzNjEwMDIjNzEjJDEjJDgjJDgz,"경기도 성남시 분당구 백현로101번길 23, 402호 (수내동, 미도프라자)"
JDQ4MTYyMiM1MSMkMSMkMCMkNzIkNDgxNzAyIzUxIyQxIyQxIyQ4OSQyNjEwMDIjNDEjJDEjJDQjJDgz,"경기도 성남시 수정구 산성대로 237, 2층 (신흥동)"
JDQ4MTYyMiM1MSMkMSMkMCMkNzIkNDgxNzAyIzUxIyQxIyQxIyQ4OSQzNjE0ODEjNjEjJDEjJDAjJDgz,"경기도 성남시 분당구 황새울로 340, 교정공제회 서현빌딩 5층 일부호 (서현동)"
JDQ4MTYyMiM1MSMkMSMkMCMkMTMkMzgxMTkxIzIxIyQxIyQxIyQ5MiQ0NjE0ODEjNTEjJDEjJDYjJDgz,"경기도 성남시 분당구 돌마로 67, 금산젬월드 6, 8층 (금곡동)"
JDQ4MTYyMiM1MSMkMSMkMCMkNzIkNTgxMzUxIzExIyQxIyQzIyQ5OSQzNjEwMDIjNjEjJDEjJDAjJDgz,"경기도 성남시 분당구 성남대로916번길 7, 서일빌딩 501호 (야탑동)"
JDQ4MTYyMiM1MSMkMSMkMCMkNzIkNTgxMzUxIzIxIyQxIyQxIyQ3OSQyNjEwMDIjNDEjJDEjJDQjJDgz,"경기도 성남시 중원구 성남대로1148번길 2, 소평빌딩 (성남동)"
JDQ4MTYyMiM1MSMkMSMkMCMkMTMkMzgxNzAyIzIxIyQxIyQ1IyQ3MiQzNjEwMDIjNjEjJDEjJDgjJDgz,"경기도 성남시 중원구 성남대로 1126, 4층 403호 (성남동, 메가프라자)"
JDQ4MTYyMiM1MSMkMSMkMCMkMTMkMzgxNzAyIzIxIyQxIyQxIyQ5MiQyNjE4MzIjODEjJDEjJDIjJDgz,"경기도 성남시 분당구 성남대로54번길 3, 3층 (구미동, 대한주택공사별관)"
JDQ4MTYyMiM1MSMkMSMkMCMkNzIkNTgxMzUxIzIxIyQxIyQ1IyQ4OSQyNjE0ODEjNjEjJDEjJDQjJDgz,"경기도 성남시 중원구 갈마치로288번길 14, 성남 SK V1 tower 1층 127호 (상대원동)"
JDQ4MTYyMiM1MSMkMSMkMCMkMTMkMzgxNzAyIzMxIyQxIyQzIyQ4MiQyNjEyMjIjNDEjJDEjJDgjJDgz,"경기도 성남시 분당구 중앙공원로40번길 8, 218호 (서현동, 현대근린상가)"
JDQ4MTYyMiM1MSMkMSMkMCMkNzIkMzgxMzUxIzQxIyQxIyQ3IyQ3MiQyNjE4MzIjNDEjJDEjJDgjJDgz,"경기도 성남시 분당구 장미로 55, 195동 204,304호 (야탑동, 근린상가)"
JDQ4MTYyMiM1MSMkMSMkMCMkMTMkMzgxNzAyIzQxIyQxIyQ3IyQ3OSQzNjE4MzIjNDEjJDEjJDgjJDgz,"경기도 성남시 분당구 양현로94번길 11, 302호 (이매동, 청학상가)"
JDQ4MTYyMiM1MSMkMSMkMCMkNzIkMzgxOTYxIzExIyQxIyQ3IyQ2MiQyNjE4MzIjNDEjJDEjJDgjJDgz,"경기도 성남시 수정구 수정로 97, 2층 (태평동)"
JDQ4MTYyMiM1MSMkMSMkMCMkMTMkMzgxNzAyIzUxIyQxIyQ1IyQ5OSQzNjEwMDIjNTEjJDEjJDIjJDgz,"경기도 성남시 분당구 양현로94번길 19, 307호 (이매동, 남서울프라자)"
JDQ4MTYyMiM1MSMkMSMkMCMkNzIkNDgxMzUxIzUxIyQxIyQ1IyQwMyQyNjEyMjIjODEjJDEjJDYjJDgz,"경기도 성남시 중원구 금빛로 101, 2층 (금광동)"
JDQ4MTYyMiM1MSMkMSMkMCMkNzIkMzgxOTYxIzIxIyQxIyQ5IyQxMyQ0NjE0ODEjNzEjJDEjJDgjJDgz,"경기도 성남시 분당구 내정로165번길 38, 2층 37호 (수내동, 양지마을 602동 상가)"
JDQ4MTYyMiM1MSMkMSMkMCMkNzIkMzgxOTYxIzIxIyQxIyQ5IyQ4MiQ0NjEwMDIjNTEjJDEjJDYjJDgz,"경기도 성남시 수정구 수정로 179-1, 2층 (태평동)"
JDQ4MTYyMiM1MSMkMSMkMCMkNzIkMzgxOTYxIzMxIyQyIyQzIyQwMCQyNjE4MzIjODEjJDEjJDYjJDgz,"경기도 성남시 분당구 내정로 170, 305호 (수내동, 동신파크빌딩)"
JDQ4MTYyMiM1MSMkMSMkMCMkNzIkNTgxMzUxIzUxIyQxIyQxIyQ5OSQzNjE4MzIjNDEjJDEjJDgjJDgz,"경기도 성남시 중원구 광명로 320, 2층 (금광동)"
JDQ4MTYyMiM1MSMkMSMkMCMkNzIkNTgxMzUxIzQxIyQxIyQ3IyQ3MiQ0NjE0ODEjNjEjJDEjJDQjJDgz,"경기도 성남시 분당구 백현로101번길 25, 수내프라자 2층 (수내동)"
JDQ4MTYyMiM1MSMkMSMkMCMkMTMkNDgxMzUxIzIxIyQyIyQ5IyQwMCQzNjE0ODEjNjEjJDEjJDQjJDgz,"경기도 성남시 분당구 서현로210번길 2, 301호 (서현동, 성지하이츠텔)"
JDQ4MTYyMiM1MSMkMSMkMCMkMTMkNDgxMzUxIzIxIyQxIyQ1IyQ4MiQzNjE4MzIjNjEjJDEjJDQjJDgz,"경기도 성남시 분당구 돌마로 478, 301호 (서현동, 효자촌프라자)"
JDQ4MTYyMiM1MSMkMSMkMCMkNzIkMzgxOTYxIzMxIyQxIyQ3IyQ5OSQzNjEwMDIjNjEjJDEjJDAjJDgz,"경기도 성남시 분당구 내정로166번길 43, 303호 (수내동, 금산프라자)"
JDQ4MTYyMiM1MSMkMSMkMCMkMTMkNDgxMzUxIzExIyQyIyQzIyQwMCQyNjE4MzIjNDEjJDEjJDgjJDgz,"경기도 성남시 수정구 수정로 286, (신흥동)"
JDQ4MTYyMiM1MSMkMSMkMCMkOTIkMzgxMzUxIzExIyQxIyQzIyQ2MiQ0NjE0ODEjODEjJDEjJDYjJDgz,"경기도 성남시 분당구 양현로 306, (야탑동)"
JDQ4MTYyMiM1MSMkMSMkMCMkOTkkMzgxMzUxIzMxIyQxIyQzIyQ5MiQzNjEwMDIjNjEjJDEjJDQjJDgz,"경기도 성남시 분당구 정자로 13, 801,704호 (정자동, 월드비터)"
JDQ4MTYyMiM1MSMkMSMkMCMkMTMkNDgxMzUxIzUxIyQxIyQxIyQ3MiQyNjE0ODEjNTEjJDEjJDIjJDgz,"경기도 성남시 수정구 수정로 164, 3층 (신흥동)"
JDQ4MTYyMiM1MSMkMSMkMCMkMTMkNDgxOTYxIzExIyQxIyQzIyQxMyQ0NjEwMDIjNDEjJDEjJDQjJDgz,"경기도 성남시 수정구 산성대로 481, 3층 (양지동)"
JDQ4MTYyMiM1MSMkMSMkMCMkMTMkNDgxMzUxIzUxIyQxIyQ1IyQ5MiQzNjEyMjIjNTEjJDEjJDIjJDgz,"경기도 성남시 수정구 수정남로4번길 27, 201,202호 (수진동, 밀란체)"
JDQ4MTYyMiM1MSMkMSMkMCMkMTMkNDgxOTYxIzExIyQxIyQzIyQ3MiQzNjE4MzIjNjEjJDEjJDAjJDgz,"경기도 성남시 중원구 산성대로372번길 3, (금광동)"
JDQ4MTYyMiM1MSMkMSMkMCMkNzIkMzgxMTkxIzIxIyQxIyQ1IyQ3MiQzNjE0ODEjNjEjJDEjJDAjJDgz,"경기도 성남시 분당구 내정로 172, 501호 (수내동, 상지빌딩)"
JDQ4MTYyMiM1MSMkMSMkMCMkMTMkNDgxOTYxIzMxIyQxIyQzIyQ3OSQzNjEyMjIjNDEjJDEjJDgjJDgz,"경기도 성남시 분당구 성남대로 168, 306호 (금곡동, 미도프라자)"
JDQ4MTYyMiM1MSMkMSMkMCMkMTMkNDgxMTkxIzIxIyQxIyQ5IyQ3MiQyNjE0ODEjODEjJDEjJDIjJDgz,"경기도 성남시 분당구 운중로 118, 303호 (운중동, 스타타워)"
JDQ4MTYyMiM1MSMkMSMkMCMkNzIkNDgxNzAyIzIxIyQxIyQxIyQ4OSQ0NjEwMDIjNzEjJDEjJDgjJDgz,"경기도 성남시 분당구 대왕판교로 660, 323호 (삼평동, 유스페이스1)"
JDQ4MTYyMiM1MSMkMSMkMCMkMTMkNDgxMTkxIzExIyQxIyQzIyQ5OSQzNjEyMjIjNDEjJDEjJDQjJDgz,"경기도 성남시 분당구 중앙공원로 35, 2층 209호 (서현동, 분당올림픽스포츠센터)"
JDQ4MTYyMiM1MSMkMSMkMCMkNzIkMzgxOTYxIzMxIyQxIyQzIyQ3OSQyNjEyMjIjODEjJDEjJDYjJDgz,"경기도 성남시 분당구 판교로 434, 3층 (이매동, 명건빌딩)"
JDQ4MTYyMiM1MSMkMSMkMCMkNzIkMzgxMTkxIzExIyQxIyQ3IyQ4MiQzNjE4MzIjNTEjJDEjJDYjJDgz,"경기도 성남시 분당구 판교로 435, (야탑동, 동양프라자)"
JDQ4MTYyMiM1MSMkMSMkMCMkNzIkNDgxNzAyIzExIyQxIyQzIyQxMyQ0NjEwMDIjNTEjJDEjJDIjJDgz,"경기도 성남시 분당구 판교로 438, 2층 (이매동, 낫소빌딩)"
JDQ4MTYyMiM1MSMkMiMkMCMkMDAkNTgxOTYxIzUxIyQxIyQ1IyQ3MiQ0NjE0ODEjNjEjJDEjJDAjJDgz,"경기도 성남시 분당구 판교로 435, 동양프라자 305일부,305-1호 (야탑동)"
JDQ4MTYyMiM1MSMkMSMkMCMkNzIkNTgxMzUxIzIxIyQxIyQxIyQ5OSQyNjEwMDIjNjEjJDEjJDAjJDgz,"경기도 성남시 분당구 판교로 446, 그린프라자 2층 (이매동)"
JDQ4MTYyMiM1MSMkMSMkMCMkNzIkNDgxMTkxIzIxIyQxIyQ5IyQ5MiQyNjEwMDIjNTEjJDEjJDIjJDgz,"경기도 성남시 분당구 판교로 375, 403~404호 (삼평동, 메가스페이스1)"
JDQ4MTYyMiM1MSMkMSMkMCMkNzIkNDgxMTkxIzExIyQyIyQzIyQwMCQzNjE0ODEjNTEjJDEjJDIjJDgz,"경기도 성남시 분당구 판교로 310, 3층 (삼평동)"
JDQ4MTYyMiM1MSMkMSMkMCMkNzIkNDgxMTkxIzUxIyQyIyQxIyQwMCQyNjE4MzIjNjEjJDEjJDQjJDgz,"경기도 성남시 분당구 분당내곡로 155, B동 4층 (삼평동, 판교역KCC웰츠타워)"
JDQ4MTYyMiM1MSMkMSMkMCMkNzIkNDgxMTkxIzUxIyQxIyQxIyQ2MiQ0NjEwMDIjNDEjJDEjJDgjJDgz,"경기도 성남시 분당구 성남대로 389, 305호 (정자동, 폴라리스2)"
JDQ4MTYyMiM1MSMkMiMkMCMkMDAkNTgxMzUxIzExIyQxIyQzIyQxMyQzNjE0ODEjODEjJDEjJDIjJDgz,"경기도 성남시 분당구 백현로101번길 23, 302호 (수내동, 미도프라자)"
JDQ4MTYyMiM1MSMkMSMkMCMkNzIkNDgxNzAyIzExIyQxIyQ3IyQ3OSQzNjE0ODEjNTEjJDEjJDIjJDgz,"경기도 성남시 분당구 돌마로366번길 8, 4-5동 203호206호 (수내동, 푸른마을상가)"
JDQ4MTYyMiM1MSMkMSMkMCMkNzIkNDgxNzAyIzExIyQxIyQ3IyQ3MiQyNjE4MzIjNDEjJDEjJDgjJDgz,"경기도 성남시 중원구 여수울로15번길 4-2, 4층 (여수동)"
JDQ4MTYyMiM1MSMkMiMkMCMkMDAkNTgxMzUxIzMxIyQxIyQ3IyQ4MiQyNjEyMjIjODEjJDEjJDIjJDgz,"경기도 성남시 분당구 돌마로 75, 501호 (금곡동, 미금프라자)"
JDQ4MTYyMiM1MSMkMSMkMCMkNzIkNDgxNzAyIzIxIyQxIyQxIyQxMyQzNjEyMjIjNDEjJDEjJDgjJDgz,"경기도 성남시 수정구 산성대로 491, 2층 (양지동)"
JDQ4MTYyMiM1MSMkMSMkMCMkNzIkNDgxNzAyIzIxIyQxIyQ1IyQ3OSQyNjEwMDIjNDEjJDEjJDgjJDgz,"경기도 성남시 중원구 성남대로 1127, 한성빌딩 2층,3층 일부호 (성남동)"
JDQ4MTYyMiM1MSMkMSMkMCMkNzIkNDgxNzAyIzIxIyQyIyQ1IyQwMCQ0NjEwMDIjODEjJDEjJDIjJDgz,"경기도 성남시 분당구 성남대로331번길 3-3, 젤존타워III 3층 307호 (정자동)"
JDQ4MTYyMiM1MSMkMSMkMCMkNzIkNDgxNzAyIzIxIyQxIyQ1IyQ4MiQzNjE0ODEjODEjJDEjJDYjJDgz,"경기도 성남시 수정구 위례동로 141, 4층 (창곡동)"
JDQ4MTYyMiM1MSMkMSMkMCMkNzIkNDgxNzAyIzMxIyQxIyQ3IyQwMyQzNjEwMDIjNDEjJDEjJDgjJDgz,"경기도 성남시 분당구 정자일로 162, 401호 (정자동, 젤존타워2)"
JDQ4MTYyMiM1MSMkMSMkMCMkNzIkNDgxNzAyIzQxIyQyIyQ3IyQwMCQyNjEyMjIjNjEjJDEjJDgjJDgz,"경기도 성남시 분당구 돌마로 68, 701,701-1호 (구미동, 분당프라자)"
JDQ4MTYyMiM1MSMkMSMkMCMkMTMkMzgxNzAyIzQxIyQxIyQ3IyQ3OSQ0NjE0ODEjNDEjJDEjJDQjJDgz,"경기도 성남시 수정구 시민로 172, (신흥동)"
JDQ4MTYyMiM1MSMkMSMkMCMkMTMkMzgxNzAyIzIxIyQxIyQ1IyQ4OSQzNjE4MzIjNTEjJDEjJDYjJDgz,"경기도 성남시 분당구 황새울로335번길 8, 3층 (서현동, 덕산빌딩)"
JDQ4MTYyMiM1MSMkMSMkMCMkMTMkNDgxNzAyIzMxIyQxIyQ3IyQ5MiQzNjE0ODEjNTEjJDEjJDYjJDgz,"경기도 성남시 분당구 판교대장로5길 20, 지1층 122호, 123호 (대장동, 판교 풍경채 어바니티 5단지)"
JDQ4MTYyMiM1MSMkMiMkMCMkMDAkNTgxMzUxIzIxIyQxIyQ5IyQ3MiQ0NjEwMDIjNjEjJDEjJDQjJDgz,"경기도 성남시 수정구 산성대로295번길 3, (신흥동)"
JDQ4MTYyMiM1MSMkMSMkMCMkNzIkNDgxOTYxIzIxIyQxIyQxIyQ4MiQzNjEwMDIjNDEjJDEjJDQjJDgz,"경기도 성남시 수정구 산성대로295번길 1, 4층 (신흥동)"
JDQ4MTYyMiM1MSMkMSMkMCMkNzIkNTgxMzUxIzMxIyQxIyQ3IyQwMyQyNjE0ODEjNjEjJDEjJDQjJDgz,"경기도 성남시 수정구 산성대로295번길 1, 5층 (신흥동)"
JDQ4MTYyMiM1MSMkMSMkMCMkMTMkNDgxMzUxIzIxIyQxIyQ5IyQ5OSQzNjEwMDIjNjEjJDEjJDgjJDgz,"경기도 성남시 분당구 서현로 204, 306호 (서현동, 분당엘지에클라트2차)"
JDQ4MTYyMiM1MSMkMSMkMCMkNzIkNDgxOTYxIzUxIyQxIyQxIyQ5OSQzNjEwMDIjODEjJDEjJDYjJDgz,"경기도 성남시 분당구 서현로 184, 202호 (서현동, 엘지분당에클라트)"
JDQ4MTYyMiM1MSMkMiMkMCMkMDAkNTgxMzUxIzQxIyQxIyQ3IyQ3OSQyNjEyMjIjNDEjJDEjJDgjJDgz,"경기도 성남시 분당구 서현로 184, 엘지분당에클라트 208호 (서현동)"
JDQ4MTYyMiM1MSMkMSMkMCMkNzIkNDgxOTYxIzQxIyQxIyQ3IyQ5MiQyNjE4MzIjNTEjJDEjJDIjJDgz,"경기도 성남시 분당구 서현로 192, 야베스밸리 401호 (서현동)"
JDQ4MTYyMiM1MSMkMiMkMCMkMDAkNDgxMzUxIzIxIyQxIyQxIyQwMyQyNjEwMDIjNzEjJDEjJDgjJDgz,"경기도 성남시 분당구 서현로 435, 1, 2, 3층 (분당동)"
JDQ4MTYyMiM1MSMkMSMkMCMkNzIkMzgxNzAyIzExIyQxIyQ3IyQ3OSQyNjEyMjIjNjEjJDEjJDAjJDgz,"경기도 성남시 분당구 서현로 192, 야베스밸리 207호 (서현동)"
JDQ4MTYyMiM1MSMkMSMkMCMkNzIkMzgxMzUxIzQxIyQyIyQ3IyQwMCQzNjE4MzIjODEjJDEjJDYjJDgz,"경기도 성남시 분당구 수내로 39, 226호 (수내동, 분당지웰푸르지오)"
JDQ4MTYyMiM1MSMkMSMkMCMkMTMkNDgxMTkxIzExIyQxIyQzIyQ3MiQyNjE0ODEjNTEjJDEjJDIjJDgz,"경기도 성남시 분당구 내정로 170, 306호 (수내동, 동신파크)"
JDQ4MTYyMiM1MSMkMSMkMCMkMTMkNDgxMTkxIzQxIyQxIyQ3IyQ4MiQzNjE0ODEjNzEjJDEjJDgjJDgz,"경기도 성남시 분당구 내정로 167, 304호 (수내동, 양지프라임)"
JDQ4MTYyMiM1MSMkMiMkMCMkMDAkNDgxOTYxIzExIyQxIyQ3IyQ3MiQzNjE0ODEjODEjJDEjJDYjJDgz,"경기도 성남시 중원구 산성대로 352, 5층 (중앙동)"
JDQ4MTYyMiM1MSMkMiMkMCMkMDAkNDgxMTkxIzUxIyQxIyQxIyQ2MiQ0NjEwMDIjNTEjJDEjJDIjJDgz,"경기도 성남시 중원구 산성대로 530, 4층.5층 (은행동)"
JDQ4MTYyMiM1MSMkMSMkMCMkMTMkNDgxMTkxIzIxIyQyIyQ5IyQwMCQ0NjE0ODEjODEjJDEjJDYjJDgz,"경기도 성남시 중원구 산성대로 208, 305호 (성남동, 신한타워)"
JDQ4MTYyMiM1MSMkMSMkMCMkMTMkNDgxNzAyIzIxIyQxIyQ1IyQ4MiQzNjEwMDIjNjEjJDEjJDQjJDgz,"경기도 성남시 중원구 산성대로 380, 301호 (금광동, 동일빌딩)"
JDQ4MTYyMiM1MSMkMSMkMCMkMTMkNDgxNzAyIzUxIyQxIyQ1IyQ3MiQyNjE4MzIjNDEjJDEjJDQjJDgz,"경기도 성남시 중원구 산성대로 492-1, 3층 (은행동)"
JDQ4MTYyMiM1MSMkMSMkMCMkMTMkNDgxMTkxIzExIyQxIyQ3IyQ4OSQyNjEwMDIjODEjJDEjJDIjJDgz,"경기도 성남시 중원구 산성대로 500-1, 2,3층 (은행동)"
JDQ4MTYyMiM1MSMkMSMkMCMkMTMkMzgxNzAyIzQxIyQxIyQ3IyQwMyQzNjEwMDIjNTEjJDEjJDYjJDgz,"경기도 성남시 중원구 산성대로 526, 가동 2층 3,4호 (은행동, 은행시장)"
JDQ4MTYyMiM1MSMkMiMkMCMkMDAkMzgxOTYxIzUxIyQxIyQxIyQ3OSQzNjE4MzIjNDEjJDEjJDQjJDgz,"경기도 성남시 수정구 산성대로 331, 201호 (신흥동, 한신오피스텔)"
JDQ4MTYyMiM1MSMkMSMkMCMkNzIkNTgxMzUxIzUxIyQxIyQ1IyQ5OSQzNjEyMjIjNDEjJDEjJDQjJDgz,"경기도 성남시 중원구 사기막골로 124, (상대원동)"
JDQ4MTYyMiM1MSMkMiMkMCMkMDAkNDgxNzAyIzIxIyQxIyQxIyQ4OSQyNjEwMDIjNTEjJDEjJDIjJDgz,"경기도 성남시 중원구 은이로 24, (은행동)"
JDQ4MTYyMiM1MSMkMSMkMCMkMTMkNDgxNzAyIzUxIyQxIyQxIyQwMyQzNjEwMDIjNDEjJDEjJDgjJDgz,"경기도 성남시 분당구 돌마로 47, 이코노샤르망 302,315,316호 (금곡동)"
JDQ4MTYyMiM1MSMkMSMkMCMkNzIkMzgxMTkxIzExIyQxIyQzIyQ5MiQ0NjE0ODEjNTEjJDEjJDIjJDgz,"경기도 성남시 분당구 서현로321번길 10, 301호 (서현동, 승영지빌딩)"
JDQ4MTYyMiM1MSMkMSMkMCMkMTMkNDgxNzAyIzExIyQyIyQzIyQwMCQzNjE4MzIjNDEjJDEjJDgjJDgz,"경기도 성남시 중원구 사기막골로 124, SKn테크노파크 넥스센터동 103호 (상대원동)"
JDQ4MTYyMiM1MSMkMiMkMCMkMDAkNDgxMTkxIzUxIyQxIyQ1IyQ5OSQzNjE0ODEjNTEjJDEjJDYjJDgz,"경기도 성남시 수정구 수정로 106, 수진동 SR프라자 2층 202,203,204호 (수진동)"
JDQ4MTYyMiM1MSMkMiMkMCMkMDAkNDgxMTkxIzMxIyQxIyQzIyQ4OSQzNjEyMjIjNzEjJDEjJDgjJDgz,"경기도 성남시 수정구 수정로 358, 2층 (산성동)"
JDQ4MTYyMiM1MSMkMiMkMCMkMDAkNDgxMzUxIzIxIyQxIyQ1IyQwMyQ0NjEwMDIjODEjJDEjJDYjJDgz,"경기도 성남시 수정구 수정로 137, 2층 (태평동)"
JDQ4MTYyMiM1MSMkMiMkMCMkMDAkNDgxOTYxIzExIyQyIyQzIyQwMCQyNjE4MzIjNDEjJDEjJDQjJDgz,"경기도 성남시 수정구 수정로 346, 백강빌딩 3층 (산성동)"
JDQ4MTYyMiM1MSMkMiMkMCMkMDAkNDgxOTYxIzIxIyQxIyQ5IyQ3MiQzNjEwMDIjNjEjJDEjJDgjJDgz,"경기도 성남시 수정구 수정로 133, 1층 (태평동)"
JDQ4MTYyMiM1MSMkMiMkMCMkMDAkNDgxMTkxIzUxIyQxIyQxIyQwMyQ0NjE0ODEjNTEjJDEjJDYjJDgz,"경기도 성남시 수정구 수정로 118, 2층 (수진동)"
JDQ4MTYyMiM1MSMkMiMkMCMkMDAkNDgxMTkxIzUxIyQxIyQ1IyQ2MiQyNjEyMjIjNDEjJDEjJDgjJDgz,"경기도 성남시 수정구 수정로 147, 1층 (태평동)"
JDQ4MTYyMiM1MSMkMSMkMCMkNzIkMzgxMTkxIzUxIyQxIyQxIyQ3MiQyNjE4MzIjODEjJDEjJDIjJDgz,"경기도 성남시 수정구 수정로 290, 3층 (신흥동)"
JDQ4MTYyMiM1MSMkMSMkMCMkNzIkMzgxNzAyIzIxIyQxIyQ1IyQ4OSQyNjE4MzIjNTEjJDEjJDIjJDgz,"경기도 성남시 수정구 수정로 81, 201호 (태평동, 동인트루빌)"
JDQ4MTYyMiM1MSMkMSMkMCMkNzIkNDgxMzUxIzQxIyQxIyQ3IyQ5MiQyNjEwMDIjNDEjJDEjJDgjJDgz,"경기도 성남시 수정구 수정로 201, 1층 (태평동, 신세계 쉐덴)"
JDQ4MTYyMiM1MSMkMSMkMCMkNzIkNDgxOTYxIzUxIyQxIyQxIyQ4OSQ0NjEwMDIjNjEjJDEjJDAjJDgz,"경기도 성남시 수정구 수정로 147, 3층 (태평동)"
JDQ4MTYyMiM1MSMkMSMkMCMkNzIkNDgxMTkxIzExIyQxIyQzIyQ4MiQ0NjEwMDIjNjEjJDEjJDQjJDgz,"경기도 성남시 수정구 수정로 110, 3층 일부호 (수진동)"
JDQ4MTYyMiM1MSMkMSMkMCMkNzIkNDgxMTkxIzIxIyQxIyQ1IyQ5MiQyNjE0ODEjODEjJDEjJDIjJDgz,"경기도 성남시 수정구 수정로 205, 3층 (태평동)"
JDQ4MTYyMiM1MSMkMSMkMCMkNzIkNDgxMTkxIzIxIyQxIyQ5IyQ5OSQ0NjEwMDIjNDEjJDEjJDgjJDgz,"경기도 성남시 수정구 수정로 115, (태평동)"
JDQ4MTYyMiM1MSMkMSMkMCMkNzIkNTgxMzUxIzMxIyQxIyQ3IyQ5MiQyNjE0ODEjODEjJDEjJDIjJDgz,"경기도 성남시 수정구 수정로 118, 나눔빌딩 5층 (수진동)"
JDQ4MTYyMiM1MSMkMSMkMCMkNzIkNTgxMzUxIzQxIyQxIyQ3IyQ3MiQyNjEwMDIjODEjJDEjJDIjJDgz,"경기도 성남시 수정구 수정로 170, 2,3층 (신흥동)"
JDQ4MTYyMiM1MSMkMSMkMCMkNzIkNTgxMzUxIzQxIyQxIyQ3IyQxMyQzNjEyMjIjODEjJDEjJDIjJDgz,"경기도 성남시 수정구 수정로 186, 2층 (신흥동)"
JDQ4MTYyMiM1MSMkMSMkMCMkNzIkNTgxMzUxIzMxIyQxIyQzIyQ5OSQyNjE0ODEjNjEjJDEjJDQjJDgz,"경기도 성남시 수정구 수정로 131, 2층 203호 (태평동, 낙원스카이뷰)"
JDQ4MTYyMiM1MSMkMSMkMCMkOTIkMzgxMzUxIzExIyQxIyQzIyQ5OSQzNjEwMDIjNDEjJDEjJDQjJDgz,"경기도 성남시 수정구 수정로 218, (신흥동, 수정구보건소)"
JDQ4MTYyMiM1MSMkMSMkMCMkMTMkMzgxNzAyIzExIyQxIyQzIyQxMyQzNjEyMjIjNjEjJDEjJDAjJDgz,"경기도 성남시 수정구 수정로 120, (수진동)"
JDQ4MTYyMiM1MSMkMSMkMCMkMTMkNDgxMzUxIzIxIyQyIyQxIyQwMCQ0NjE0ODEjNjEjJDEjJDQjJDgz,"경기도 성남시 수정구 수정로 106, 4층 403호 (수진동)"
JDQ4MTYyMiM1MSMkMSMkMCMkMTMkMzgxNzAyIzQxIyQxIyQ3IyQ4MiQ0NjE0ODEjNTEjJDEjJDYjJDgz,"경기도 성남시 수정구 수정로 205, (태평동)"
JDQ4MTYyMiM1MSMkMSMkMCMkNzIkNTgxMzUxIzUxIyQxIyQxIyQxMyQyNjE4MzIjNDEjJDEjJDQjJDgz,"경기도 성남시 분당구 성남대로 151, 분당엠코헤리츠 213,213-1,214호 (구미동)"
JDQ4MTYyMiM1MSMkMSMkMCMkNzIkMzgxMTkxIzUxIyQxIyQ1IyQ4OSQyNjE0ODEjNDEjJDEjJDgjJDgz,"경기도 성남시 중원구 희망로 312, 2층 (상대원동)"
JDQ4MTYyMiM1MSMkMSMkMCMkNzIkNDgxMzUxIzMxIyQxIyQzIyQ4MiQzNjE4MzIjNDEjJDEjJDQjJDgz,"경기도 성남시 수정구 위례서일로 18, 더존메디컬타워 3층 306호 (창곡동)"
JDU4MTI3MSM1MSMkMiMkMCMkMDAkMzgxOTYxIzMxIyQxIyQ3IyQxMyQ0NjEwMDIjNDEjJDEjJDgjJDgz,"경기도 성남시 중원구 둔촌대로 163, 3층 (성남동)"
JDU4MTI3MSM1MSMkMiMkMCMkMDAkMzgxOTYxIzQxIyQxIyQ3IyQ3OSQ0NjEwMDIjNTEjJDEjJDIjJDgz,"경기도 성남시 수정구 수정로 106, 503호 (수진동)"
JDU4MTI3MSM1MSMkMiMkMCMkMDAkMzgxOTYxIzUxIyQxIyQxIyQ5OSQyNjE4MzIjNjEjJDEjJDAjJDgz,"경기도 성남시 분당구 황새울로 315, 5층 502-1, 502-2호 (서현동, 대현빌딩)"
JDU4MTI3MSM1MSMkMiMkMCMkMDAkMzgxOTYxIzUxIyQxIyQxIyQ5MiQyNjEwMDIjNjEjJDEjJDAjJDgz,"경기도 성남시 중원구 광명로 313, 이화빌딩 3층 (금광동)"
JDU4MTI3MSM1MSMkMiMkMCMkMDAkMzgxOTYxIzUxIyQxIyQ1IyQ3OSQzNjE4MzIjODEjJDEjJDYjJDgz,"경기도 성남시 분당구 서현로 184, 엘지분당에클라트 4층 405-1호, 406-1호 (서현동)"
JDU4MTI3MSM1MSMkMiMkMCMkMDAkMzgxOTYxIzUxIyQxIyQxIyQwMyQzNjEwMDIjNjEjJDEjJDAjJDgz,"경기도 성남시 분당구 성남대로331번길 7, 401호 402-1일부호 (정자동, 정자스타빌딩)"
JDU4MTI3MSM1MSMkMiMkMCMkMDAkMzgxMTkxIzExIyQxIyQzIyQ5OSQzNjEyMjIjNTEjJDEjJDYjJDgz,"경기도 성남시 수정구 수정로 185, 6층 (태평동)"
JDU4MTI3MSM1MSMkMiMkMCMkMDAkMzgxOTYxIzUxIyQxIyQ1IyQ4MiQ0NjEwMDIjODEjJDEjJDYjJDgz,"경기도 성남시 분당구 장미로 78, 302,313호 (야탑동, 시그마Ⅲ)"
JDU4MTI3MSM1MSMkMiMkMCMkMDAkMzgxMTkxIzExIyQxIyQzIyQwMyQ0NjEwMDIjNDEjJDEjJDgjJDgz,"경기도 성남시 중원구 광명로 114, 203호 (성남동)"
JDU4MTI3MSM1MSMkMiMkMCMkMDAkMzgxMTkxIzExIyQxIyQ3IyQ4MiQzNjEyMjIjODEjJDEjJDYjJDgz,"경기도 성남시 분당구 돌마로 73, 우방코아 214호 (금곡동)"
JDU4MTI3MSM1MSMkMiMkMCMkMDAkMzgxMTkxIzExIyQxIyQ3IyQ4MiQyNjE0ODEjNDEjJDEjJDQjJDgz,"경기도 성남시 중원구 희망로 356, 3층 (상대원동, 휴먼프라자)"
JDU4MTI3MSM1MSMkMiMkMCMkMDAkMzgxMTkxIzIxIyQxIyQ1IyQxMyQzNjE0ODEjNzEjJDEjJDgjJDgz,"경기도 성남시 분당구 황새울로312번길 20, 태성빌딩 502호 엘림포유비뇨기과의원 (서현동)"
JDU4MTI3MSM1MSMkMiMkMCMkMDAkMzgxMTkxIzIxIyQxIyQ5IyQ2MiQyNjE4MzIjODEjJDEjJDYjJDgz,"경기도 성남시 분당구 운중로 118, 402,403일부호 (운중동, 스타타워)"
JDU4MTI3MSM1MSMkMiMkMCMkMDAkMzgxMTkxIzMxIyQxIyQzIyQ4MiQ0NjEwMDIjODEjJDEjJDYjJDgz,"경기도 성남시 분당구 성남대로 926, 601호 (야탑동, 분당메트로빌딩)"
JDU4MTI3MSM1MSMkMiMkMCMkMDAkMzgxMTkxIzMxIyQxIyQzIyQwMyQzNjE4MzIjNzEjJDEjJDgjJDgz,"경기도 성남시 수정구 수정로 141-1, 9~10층 (태평동)"
JDU4MTI3MSM1MSMkMiMkMCMkMDAkMzgxMTkxIzMxIyQxIyQ3IyQ3MiQyNjEyMjIjNDEjJDEjJDgjJDgz,"경기도 성남시 분당구 성남대로 381, 207호 (정자동, 폴라리스빌딩)"
JDQ4MTYyMiM1MSMkMSMkMCMkNzIkMzgxOTYxIzUxIyQxIyQ1IyQ4OSQyNjE0ODEjNjEjJDEjJDQjJDgz,"경기도 성남시 분당구 분당로53번길 20, 이랜드분당프라자 2층 (서현동)"
JDQ4MTYyMiM1MSMkMSMkMCMkMTMkNDgxMTkxIzQxIyQxIyQ3IyQ2MiQzNjE0ODEjNTEjJDEjJDIjJDgz,"경기도 성남시 분당구 분당로53번길 19, 302호 (서현동, 피아자코코)"
JDU4MTI3MSM1MSMkMiMkMCMkMDAkMzgxMTkxIzMxIyQxIyQ3IyQwMyQzNjE4MzIjNTEjJDEjJDYjJDgz,"경기도 성남시 분당구 미금로 45, 310호 (구미동, 진도훼미리프라자)"
JDU4MTI3MSM1MSMkMiMkMCMkMDAkMzgxMTkxIzQxIyQxIyQ3IyQ5MiQyNjE4MzIjNDEjJDEjJDQjJDgz,"경기도 성남시 분당구 서현로210번길 2, 307호 (서현동, 성지하이츠텔)"
JDQ4MTYyMiM1MSMkMiMkMCMkMDAkNDgxNzAyIzMxIyQxIyQ3IyQ2MiQ0NjEwMDIjNjEjJDEjJDQjJDgz,"경기도 성남시 분당구 분당로53번길 20, 이랜드분당프라자 501호 (서현동)"
JDU4MTI3MSM1MSMkMiMkMCMkMDAkMzgxMTkxIzMxIyQxIyQzIyQ3OSQzNjEwMDIjNTEjJDEjJDIjJDgz,"경기도 성남시 분당구 내정로 29, 201호 (정자동, 금곡프라자)"
JDU4MTI3MSM1MSMkMiMkMCMkMDAkMzgxMTkxIzUxIyQxIyQxIyQ3MiQzNjE4MzIjNjEjJDEjJDAjJDgz,"경기도 성남시 분당구 성남대로 168, 미도프라자 2층 202, 208호 (금곡동)"
JDU4MTI3MSM1MSMkMiMkMCMkMDAkMzgxMTkxIzUxIyQxIyQ1IyQ5OSQ0NjE0ODEjNzEjJDEjJDgjJDgz,"경기도 성남시 분당구 서현로180번길 13, 601~604호 (서현동, 서현프라자)"
JDU4MTI3MSM1MSMkMiMkMCMkMDAkMzgxMTkxIzUxIyQxIyQ1IyQ4MiQzNjEyMjIjNDEjJDEjJDQjJDgz,"경기도 성남시 분당구 야탑로81번길 10, 402호 (야탑동, 아미고타워)"
JDU4MTI3MSM1MSMkMiMkMCMkMDAkMzgxNzAyIzExIyQxIyQzIyQ3OSQyNjE4MzIjNDEjJDEjJDQjJDgz,"경기도 성남시 분당구 내정로 167, 305호 (수내동, 양지프라임)"
JDU4MTI3MSM1MSMkMiMkMCMkMDAkMzgxNzAyIzExIyQxIyQzIyQ4OSQ0NjE0ODEjODEjJDEjJDIjJDgz,"경기도 성남시 분당구 야탑로81번길 10, 4층 403호 (야탑동, 아미고타워)"
JDU4MTI3MSM1MSMkMiMkMCMkMDAkMzgxMTkxIzUxIyQxIyQ1IyQ4MiQzNjEwMDIjNDEjJDEjJDgjJDgz,"경기도 성남시 중원구 광명로 5, 성남동메디칼센타 9층 903호 (성남동)"
JDU4MTI3MSM1MSMkMiMkMCMkMDAkMzgxNzAyIzExIyQxIyQ3IyQ3MiQzNjEyMjIjNzEjJDEjJDgjJDgz,"경기도 성남시 분당구 동판교로 61, 자유퍼스트프라자2 401호, 403호 (백현동)"
JDU4MTI3MSM1MSMkMiMkMCMkMDAkMzgxNzAyIzExIyQxIyQ3IyQ5MiQyNjE4MzIjNzEjJDEjJDgjJDgz,"경기도 성남시 분당구 정자일로 100, 4층 401일부호 (정자동, 미켈란쉐르빌)"
JDU4MTI3MSM1MSMkMiMkMCMkMDAkMzgxNzAyIzIxIyQxIyQxIyQ3OSQzNjE4MzIjNjEjJDEjJDQjJDgz,"경기도 성남시 분당구 성남대로331번길 3-3, 젤존타워III 8층 805호 (정자동)"
JDU4MTI3MSM1MSMkMiMkMCMkMDAkMzgxNzAyIzIxIyQxIyQxIyQwMyQyNjE4MzIjNDEjJDEjJDgjJDgz,"경기도 성남시 분당구 성남대로 345, 303,304호 (정자동, 정자역프라자빌딩)"
JDU4MTI3MSM1MSMkMiMkMCMkMDAkMzgxNzAyIzIxIyQxIyQ1IyQ5MiQzNjE0ODEjODEjJDEjJDIjJDgz,"경기도 성남시 분당구 돌마로 67, 402,403호 (금곡동, 금산젬월드)"
JDU4MTI3MSM1MSMkMiMkMCMkMDAkMzgxNzAyIzIxIyQxIyQ1IyQwMyQyNjE0ODEjNTEjJDEjJDIjJDgz,"경기도 성남시 분당구 운중로 142, 판교메디칼타워 401호 (운중동)"
JDU4MTI3MSM1MSMkMiMkMCMkMDAkMzgxNzAyIzIxIyQxIyQ5IyQ4OSQ0NjE0ODEjNTEjJDEjJDYjJDgz,"경기도 성남시 분당구 성남대로 168, 미도프라자 602호 (금곡동)"
JDU4MTI3MSM1MSMkMiMkMCMkMDAkMzgxNzAyIzIxIyQyIyQ5IyQwMCQyNjE4MzIjNzEjJDEjJDgjJDgz,"경기도 성남시 분당구 운중로 239, 301호 (판교동)"
JDU4MTI3MSM1MSMkMiMkMCMkMDAkMzgxOTYxIzQxIyQxIyQ3IyQ4OSQzNjE4MzIjNTEjJDEjJDYjJDgz,"경기도 성남시 수정구 수정로 144, 1,3층 (수진동)"
JDU4MTI3MSM1MSMkMiMkMCMkMDAkMzgxNzAyIzIxIyQxIyQ5IyQxMyQ0NjEwMDIjNDEjJDEjJDQjJDgz,"경기도 성남시 중원구 산성대로 208, 3층 (성남동)"
JDU4MTI3MSM1MSMkMiMkMCMkMDAkMzgxNzAyIzMxIyQxIyQzIyQ5OSQzNjE0ODEjNjEjJDEjJDAjJDgz,"경기도 성남시 분당구 서현로 192, 9층 901 일부호 (서현동, 야베스밸리)"
JDU4MTI3MSM1MSMkMiMkMCMkMDAkMzgxNzAyIzMxIyQxIyQzIyQ5OSQzNjEwMDIjNTEjJDEjJDIjJDgz,"경기도 성남시 분당구 운중로 235, 201호 202호 (판교동, 나래메디플러스)"
JDU4MTI3MSM1MSMkMiMkMCMkMDAkMzgxNzAyIzMxIyQxIyQzIyQ2MiQzNjE0ODEjODEjJDEjJDYjJDgz,"경기도 성남시 분당구 성남대로 345, 7층 701~703호 (정자동, 정자역프라자)"
JDU4MTI3MSM1MSMkMiMkMCMkMDAkMzgxNzAyIzMxIyQxIyQzIyQ5MiQyNjEwMDIjNjEjJDEjJDgjJDgz,"경기도 성남시 분당구 판교로 376, 마크시티 퍼플 501~503, 505호 일부호 (삼평동)"
JDU4MTI3MSM1MSMkMiMkMCMkMDAkMzgxNzAyIzMxIyQxIyQ3IyQ4MiQyNjEwMDIjNjEjJDEjJDQjJDgz,"경기도 성남시 수정구 수정로 141-1, (태평동)"
JDU4MTI3MSM1MSMkMiMkMCMkMDAkMzgxNzAyIzMxIyQxIyQzIyQ4MiQzNjEwMDIjNDEjJDEjJDgjJDgz,"경기도 성남시 중원구 산성대로 366, 벽산프라자 5,9층 (중앙동)"
JDU4MTI3MSM1MSMkMiMkMCMkMDAkMzgxNzAyIzMxIyQxIyQ3IyQxMyQyNjE4MzIjNTEjJDEjJDYjJDgz,"경기도 성남시 분당구 대왕판교로606번길 39, 701~702호 (삼평동, 럭스타워)"
JDU4MTI3MSM1MSMkMiMkMCMkMDAkMzgxNzAyIzQxIyQxIyQ3IyQ5OSQyNjE4MzIjODEjJDEjJDYjJDgz,"경기도 성남시 수정구 수정로 175, 5층 (태평동)"
JDU4MTI3MSM1MSMkMiMkMCMkMDAkMzgxMTkxIzQxIyQxIyQ3IyQ3OSQzNjE0ODEjNzEjJDEjJDgjJDgz,"경기도 성남시 수정구 산성대로 309, 5층 (신흥동, 고려빌딩)"
JDU4MTI3MSM1MSMkMiMkMCMkMDAkMzgxNzAyIzQxIyQxIyQ3IyQ5MiQ0NjEwMDIjNjEjJDEjJDAjJDgz,"경기도 성남시 분당구 성남대로779번길 50, MDG 1층 (이매동)"
JDU4MTI3MSM1MSMkMiMkMCMkMDAkMzgxNzAyIzQxIyQxIyQ3IyQxMyQzNjE0ODEjODEjJDEjJDIjJDgz,"경기도 성남시 분당구 돌마로 79, 701호 (금곡동, 썬프라자)"
JDU4MTI3MSM1MSMkMiMkMCMkMDAkMzgxNzAyIzQxIyQxIyQ3IyQxMyQ0NjEwMDIjODEjJDEjJDYjJDgz,"경기도 성남시 분당구 동판교로 59, 301호 (백현동, 자유퍼스트프라자)"
JDU4MTI3MSM1MSMkMiMkMCMkMDAkMzgxNzAyIzUxIyQxIyQxIyQ4OSQzNjE0ODEjNjEjJDEjJDgjJDgz,"경기도 성남시 분당구 성남대로331번길 3-3, 607호 (정자동, 젤존타워3)"
JDU4MTI3MSM1MSMkMiMkMCMkMDAkMzgxNzAyIzQxIyQxIyQ3IyQwMyQyNjE0ODEjODEjJDEjJDIjJDgz,"경기도 성남시 수정구 수정로 208, 메드위즈 2층 201호, 11층 전체호 (신흥동)"
JDQ4MTYyMiM1MSMkMiMkMCMkMDAkMzgxMTkxIzUxIyQxIyQxIyQ3OSQzNjEwMDIjODEjJDEjJDYjJDgz,"경기도 성남시 분당구 성남대로172번길 12, 306,307호 (금곡동, 한국프라자)"
JDU4MTI3MSM1MSMkMiMkMCMkMDAkMzgxNzAyIzUxIyQyIyQxIyQwMCQ0NjE0ODEjNTEjJDEjJDYjJDgz,"경기도 성남시 분당구 판교로 375, 502호 (삼평동, 메가스페이스1 )"
JDU4MTI3MSM1MSMkMiMkMCMkMDAkMzgxNzAyIzUxIyQxIyQxIyQ2MiQ0NjE0ODEjNDEjJDEjJDgjJDgz,"경기도 성남시 중원구 성남대로1148번길 2, 소평빌딩 2층 (성남동)"
JDU4MTI3MSM1MSMkMiMkMCMkMDAkNDgxMzUxIzExIyQxIyQzIyQ5OSQzNjEwMDIjNjEjJDEjJDgjJDgz,"경기도 성남시 수정구 산성대로 433, (단대동, 2층)"
JDU4MTI3MSM1MSMkMiMkMCMkMDAkNDgxMzUxIzExIyQxIyQzIyQwMyQzNjE4MzIjNjEjJDEjJDgjJDgz,"경기도 성남시 분당구 돌마로366번길 42, 3(일부)층 301호 (수내동, 동한프라자)"
JDU4MTI3MSM1MSMkMiMkMCMkMDAkNDgxMzUxIzExIyQxIyQ3IyQ5OSQzNjEyMjIjNDEjJDEjJDgjJDgz,"경기도 성남시 분당구 성남대로779번길 52, 301~303호 (이매동, 신흥코아)"
JDU4MTI3MSM1MSMkMiMkMCMkMDAkNDgxMzUxIzExIyQxIyQ3IyQwMyQ0NjEwMDIjODEjJDEjJDYjJDgz,"경기도 성남시 중원구 성남대로1130번길 3, 5층 501호 (성남동, 엠스퀘어)"
JDU4MTI3MSM1MSMkMiMkMCMkMDAkMzgxNzAyIzIxIyQxIyQ5IyQwMyQ0NjE0ODEjNjEjJDEjJDAjJDgz,"경기도 성남시 분당구 성남대로 912, 302,303호 (야탑동, BYC 빌딩)"
JDU4MTI3MSM1MSMkMiMkMCMkMDAkNDgxMzUxIzIxIyQxIyQxIyQ3OSQzNjEyMjIjNTEjJDEjJDIjJDgz,"경기도 성남시 중원구 성남대로1130번길 3, 엠스퀘어빌딩 3층일부,4층 (성남동)"
JDU4MTI3MSM1MSMkMiMkMCMkMDAkNDgxMzUxIzIxIyQxIyQxIyQ3MiQyNjE4MzIjNjEjJDEjJDAjJDgz,"경기도 성남시 분당구 미금로 48, 308~309호 (구미동, 오성프라자)"
JDU4MTI3MSM1MSMkMiMkMCMkMDAkNDgxMzUxIzIxIyQxIyQ1IyQ4OSQyNjEyMjIjNTEjJDEjJDYjJDgz,"경기도 성남시 분당구 성남대로 168, 604일부호 (금곡동, 미도프라자)"
JDU4MTI3MSM1MSMkMiMkMCMkMDAkMzgxNzAyIzIxIyQxIyQ5IyQwMyQ0NjEwMDIjNTEjJDEjJDIjJDgz,"경기도 성남시 분당구 느티로 27, 4층 일부호 (정자동, 하나프라자)"
JDU4MTI3MSM1MSMkMiMkMCMkMDAkNDgxMzUxIzIxIyQxIyQxIyQ3OSQ0NjE0ODEjODEjJDEjJDYjJDgz,"경기도 성남시 분당구 운중로 122, 골드클래스 503호 (운중동)"
JDU4MTI3MSM1MSMkMiMkMCMkMDAkNDgxMzUxIzIxIyQxIyQxIyQ5MiQyNjEyMjIjNDEjJDEjJDgjJDgz,"경기도 성남시 분당구 황새울로335번길 5, 404~405호 (서현동, 엔타운빌딩)"
JDU4MTI3MSM1MSMkMiMkMCMkMDAkMzgxNzAyIzIxIyQxIyQ5IyQwMyQzNjEyMjIjODEjJDEjJDIjJDgz,"경기도 성남시 수정구 위례광장로 328, 우성위례타워 201~204호 (창곡동)"
JDU4MTI3MSM1MSMkMiMkMCMkMDAkNDgxMzUxIzIxIyQxIyQ5IyQ4MiQzNjEwMDIjNDEjJDEjJDgjJDgz,"경기도 성남시 분당구 분당내곡로 159, A동 2층 3층 (삼평동, 판교역KCC웰츠타워)"
JDU4MTI3MSM1MSMkMiMkMCMkMDAkNDgxMzUxIzIxIyQxIyQ5IyQ5OSQ0NjE0ODEjNjEjJDEjJDgjJDgz,"경기도 성남시 중원구 산성대로 530, 7층 (은행동, 경록빌딩)"
JDU4MTI3MSM1MSMkMiMkMCMkMDAkNDgxMzUxIzIxIyQxIyQ5IyQ4MiQ0NjEwMDIjNTEjJDEjJDYjJDgz,"경기도 성남시 분당구 황새울로360번길 21, 405호,406호 (서현동, 분당서현신영팰리스타워)"
JDU4MTI3MSM1MSMkMiMkMCMkMDAkNDgxMzUxIzMxIyQxIyQzIyQ5OSQzNjE0ODEjNDEjJDEjJDQjJDgz,"경기도 성남시 분당구 야탑로81번길 10, 분당아미고타워 209.210호 (야탑동)"
JDU4MTI3MSM1MSMkMiMkMCMkMDAkNDgxMzUxIzMxIyQxIyQzIyQ2MiQzNjEyMjIjNDEjJDEjJDgjJDgz,"경기도 성남시 분당구 성남대로 45, 3층 일부호 (구미동, SM빌딩)"
JDU4MTI3MSM1MSMkMiMkMCMkMDAkNDgxMzUxIzMxIyQxIyQzIyQ4MiQyNjEyMjIjNTEjJDEjJDIjJDgz,"경기도 성남시 수정구 위례광장로 310, B동 3층 303호 (창곡동, 우성트램타워)"
JDU4MTI3MSM1MSMkMiMkMCMkMDAkMzgxOTYxIzIxIyQxIyQ5IyQwMyQyNjEyMjIjNjEjJDEjJDAjJDgz,"경기도 성남시 분당구 성남대로 345, 405호,406호 (정자동, 정자역프라자)"
JDU4MTI3MSM1MSMkMiMkMCMkMDAkMzgxOTYxIzIxIyQxIyQ5IyQ5MiQyNjE0ODEjNDEjJDEjJDgjJDgz,"경기도 성남시 분당구 황새울로 353, 6층 (서현동)"
JDQ4MTYyMiM1MSMkMSMkMCMkNzIkNTgxMzUxIzUxIyQxIyQ1IyQ5MiQyNjE0ODEjNzEjJDEjJDgjJDgz,"경기도 성남시 중원구 금빛로 43, 5층 501,502,505호 (금광동)"
JDU4MTI3MSM1MSMkMiMkMCMkMDAkMzgxOTYxIzMxIyQxIyQ3IyQ4OSQ0NjEwMDIjNTEjJDEjJDYjJDgz,"경기도 성남시 분당구 성남대로 912, 201,202호 (야탑동, 분당BYC빌딩)"
JDQ4MTYyMiM1MSMkMSMkMCMkNzIkMzgxOTYxIzUxIyQyIyQ1IyQwMCQ0NjEwMDIjNTEjJDEjJDYjJDgz,"경기도 성남시 수정구 수정로 190, 3층 (신흥동)"
JDQ4MTYyMiM1MSMkMSMkMCMkNzIkNDgxMTkxIzMxIyQxIyQ3IyQxMyQzNjE0ODEjNjEjJDEjJDAjJDgz,"경기도 성남시 수정구 수정로 341, 상가2동 4층 401호 (신흥동)"
JDQ4MTYyMiM1MSMkMSMkMCMkNzIkNDgxNzAyIzIxIyQxIyQ1IyQ5OSQyNjEwMDIjNjEjJDEjJDQjJDgz,"경기도 성남시 수정구 수정로 162, 5층 (신흥동)"
JDQ4MTYyMiM1MSMkMSMkMCMkNzIkNTgxMzUxIzIxIyQxIyQ1IyQ5MiQyNjEyMjIjNjEjJDEjJDQjJDgz,"경기도 성남시 수정구 수정로 291, 상가 1동 3층 301호 (신흥동)"
JDQ4MTYyMiM1MSMkMSMkMCMkNzIkNTgxMzUxIzIxIyQxIyQ1IyQ5MiQyNjE4MzIjNTEjJDEjJDYjJDgz,"경기도 성남시 수정구 수정로 341, 상가2동 3층 303,304호 (신흥동)"
JDQ4MTYyMiM1MSMkMSMkMCMkNzIkNTgxMzUxIzIxIyQxIyQ5IyQxMyQzNjEyMjIjODEjJDEjJDYjJDgz,"경기도 성남시 수정구 수정로 200, 3층 (신흥동)"
JDQ4MTYyMiM1MSMkMSMkMCMkMTMkNDgxMTkxIzUxIyQxIyQ1IyQ4MiQzNjEyMjIjNjEjJDEjJDgjJDgz,"경기도 성남시 수정구 수정로 94-1, 2층 (수진동, 다정빌딩)"
JDQ4MTYyMiM1MSMkMSMkMCMkMTMkNDgxMTkxIzExIyQxIyQ3IyQ5MiQyNjE0ODEjNTEjJDEjJDYjJDgz,"경기도 성남시 수정구 수정로 341, 상가2동 3층 305호 (신흥동)"
JDQ4MTYyMiM1MSMkMSMkMCMkMTMkNDgxMTkxIzIxIyQxIyQxIyQ5MiQ0NjEwMDIjNTEjJDEjJDYjJDgz,"경기도 성남시 수정구 수정로 52, (수진동)"
JDQ4MTYyMiM1MSMkMSMkMCMkMTMkNDgxMTkxIzMxIyQxIyQ3IyQwMyQzNjE0ODEjNjEjJDEjJDQjJDgz,"경기도 성남시 수정구 수정로 95, (태평동, 2층)"
JDQ4MTYyMiM1MSMkMSMkMCMkMTMkNDgxMTkxIzUxIyQxIyQ1IyQ4OSQ0NjEwMDIjNjEjJDEjJDAjJDgz,"경기도 성남시 수정구 수정로 144, (수진동, 2층)"
JDQ4MTYyMiM1MSMkMSMkMCMkNzIkNTgxMzUxIzExIyQxIyQ3IyQ2MiQyNjE0ODEjNjEjJDEjJDAjJDgz,"경기도 성남시 수정구 수정로 69, 대명빌딩 5층 (태평동)"
JDU4MTI3MSM1MSMkMiMkMCMkMDAkMzgxMzUxIzIxIyQxIyQxIyQ3OSQ0NjEwMDIjNjEjJDEjJDQjJDgz,"경기도 성남시 분당구 돌마로 52, 401호 (구미동, MD프라자)"
JDU4MTI3MSM1MSMkMiMkMCMkMDAkMzgxOTYxIzIxIyQxIyQxIyQ3MiQzNjE4MzIjNDEjJDEjJDgjJDgz,"경기도 성남시 분당구 분당로53번길 9, 3층 302호 (서현동)"
JDQ4MTYyMiM1MSMkMSMkMCMkNzIkMzgxOTYxIzQxIyQyIyQ3IyQwMCQyNjE4MzIjNDEjJDEjJDgjJDgz,"경기도 성남시 수정구 수정로 144, 3층 (수진동)"
JDU4MTI3MSM1MSMkMiMkMCMkMDAkMzgxMzUxIzIxIyQxIyQxIyQ4MiQ0NjEwMDIjODEjJDEjJDYjJDgz,"경기도 성남시 분당구 성남대로 926, 501호 502호 (야탑동, 메트로빌딩)"
JDU4MTI3MSM1MSMkMiMkMCMkMDAkMzgxMzUxIzIxIyQxIyQ1IyQ3OSQyNjE4MzIjNTEjJDEjJDIjJDgz,"경기도 성남시 분당구 황새울로 332, 6층 일부호 (서현동, 분당문화센터)"
JDU4MTI3MSM1MSMkMiMkMCMkMDAkMzgxMzUxIzIxIyQxIyQxIyQwMyQzNjEyMjIjODEjJDEjJDYjJDgz,"경기도 성남시 분당구 내정로17번길 2, 4012호 (정자동, 한솔프라자)"
JDQ4MTYyMiM1MSMkMiMkMCMkMDAkMzgxOTYxIzIxIyQxIyQxIyQ5MiQyNjE0ODEjNjEjJDEjJDQjJDgz,"경기도 성남시 수정구 수정로 81, 2층 202호 (태평동, 동인트루빌)"
JDQ4MTYyMiM1MSMkMiMkMCMkMDAkNDgxMzUxIzExIyQxIyQ3IyQwMyQ0NjE0ODEjODEjJDEjJDIjJDgz,"경기도 성남시 수정구 수정로 130, 창도빌딩 3층 (수진동)"
JDU4MTI3MSM1MSMkMiMkMCMkMDAkMzgxMzUxIzExIyQxIyQ3IyQ5OSQyNjEyMjIjNjEjJDEjJDgjJDgz,"경기도 성남시 분당구 내정로 167, 302호 (수내동, 양지프라임)"
JDQ4MTYyMiM1MSMkMiMkMCMkMDAkNDgxNzAyIzIxIyQxIyQxIyQ4OSQyNjE4MzIjODEjJDEjJDYjJDgz,"경기도 성남시 수정구 수정로 144, 2층 (수진동)"
JDQ4MTYyMiM1MSMkMiMkMCMkMDAkNTgxMzUxIzMxIyQxIyQ3IyQ3OSQzNjEyMjIjNzEjJDEjJDgjJDgz,"경기도 성남시 수정구 수정로 341, 산성역포레스티아아파트 2층 204,205,206호 (신흥동)"
JDQ4MTYyMiM1MSMkMiMkMCMkMDAkNTgxMzUxIzMxIyQxIyQ3IyQ5MiQyNjE4MzIjNTEjJDEjJDYjJDgz,"경기도 성남시 수정구 수정로 116, 3층 (수진동)"
JDQ4MTYyMiM1MSMkMiMkMCMkMDAkNTgxOTYxIzIxIyQxIyQ5IyQ3OSQzNjE4MzIjODEjJDEjJDIjJDgz,"경기도 성남시 수정구 수정로 174, 4층 (신흥동, 효산빌딩)"
JDU4MTI3MSM1MSMkMiMkMCMkMDAkMzgxMzUxIzExIyQxIyQ3IyQ5MiQyNjE4MzIjNDEjJDEjJDgjJDgz,"경기도 성남시 분당구 정자일로 248, 503호 (정자동, 파크뷰)"
JDU4MTI3MSM1MSMkMiMkMCMkMDAkMzgxMzUxIzMxIyQyIyQzIyQwMCQzNjEwMDIjNTEjJDEjJDYjJDgz,"경기도 성남시 수정구 위례동로 141, 우성메디피아동 304호 (창곡동)"
JDU4MTI3MSM1MSMkMiMkMCMkMDAkMzgxMzUxIzQxIyQxIyQ3IyQ3OSQzNjEwMDIjNjEjJDEjJDAjJDgz,"경기도 성남시 분당구 성남대로331번길 3-3, 젤존타워III 4층 403호, 404호 (정자동)"
JDU4MTI3MSM1MSMkMiMkMCMkMDAkMzgxMzUxIzQxIyQyIyQ3IyQwMCQyNjE0ODEjNjEjJDEjJDQjJDgz,"경기도 성남시 분당구 서현로 184, 214호 (서현동, 엘지분당에클라트)"
JDU4MTI3MSM1MSMkMiMkMCMkMDAkMzgxMzUxIzUxIyQyIyQxIyQwMCQzNjE0ODEjNjEjJDEjJDAjJDgz,"경기도 성남시 수정구 수정로 140, 세민빌딩 2층 일부호 (수진동)"
JDQ4MTYyMiM1MSMkMSMkMCMkNzIkMzgxMTkxIzQxIyQxIyQ3IyQ5OSQyNjE0ODEjNjEjJDEjJDQjJDgz,"경기도 성남시 중원구 산성대로 496, 4층 (은행동)"
JDQ4MTYyMiM1MSMkMSMkMCMkNzIkNDgxNzAyIzExIyQxIyQzIyQ5MiQzNjE0ODEjNzEjJDEjJDgjJDgz,"경기도 성남시 중원구 산성대로 450, 4층 (금광동)"
JDU4MTI3MSM1MSMkMiMkMCMkMDAkMzgxMzUxIzUxIyQxIyQ1IyQ2MiQyNjE0ODEjNjEjJDEjJDQjJDgz,"경기도 성남시 분당구 정자일로198번길 15, 402호 (정자동, 제나프라자)"
JDQ4MTYyMiM1MSMkMiMkMCMkMDAkMzgxMTkxIzUxIyQxIyQ1IyQ4MiQyNjEwMDIjNjEjJDEjJDgjJDgz,"경기도 성남시 중원구 산성대로 530, 3층 (은행동)"
JDQ4MTYyMiM1MSMkMSMkMCMkNzIkMzgxMTkxIzIxIyQxIyQ5IyQ2MiQyNjEwMDIjODEjJDEjJDYjJDgz,"경기도 성남시 중원구 산성대로 526, (은행동)"
JDQ4MTYyMiM1MSMkMSMkMCMkNzIkNTgxMzUxIzUxIyQyIyQxIyQwMCQ0NjEwMDIjNjEjJDEjJDQjJDgz,"경기도 성남시 중원구 산성대로 106, 원진빌딩 4층 (성남동)"
JDQ4MTYyMiM1MSMkMSMkMCMkNzIkNTgxMzUxIzUxIyQxIyQxIyQ3OSQzNjEwMDIjNDEjJDEjJDgjJDgz,"경기도 성남시 중원구 산성대로 380, 7층 (금광동)"
JDU4MTI3MSM1MSMkMiMkMCMkMDAkMzgxOTYxIzExIyQyIyQzIyQwMCQyNjEyMjIjNTEjJDEjJDIjJDgz,"경기도 성남시 분당구 성남대로 34, 402호 (구미동, 하나프라자)"
JDU4MTI3MSM1MSMkMiMkMCMkMDAkMzgxOTYxIzExIyQxIyQzIyQ3OSQzNjE0ODEjNzEjJDEjJDgjJDgz,"경기도 성남시 분당구 성남대로 912, 409호 (야탑동, BYC빌딩)"
JDU4MTI3MSM1MSMkMiMkMCMkMDAkMzgxOTYxIzExIyQyIyQzIyQwMCQzNjEyMjIjNjEjJDEjJDQjJDgz,"경기도 성남시 분당구 돌마로 86, 2동 308,309호 (구미동, 엘레강스프라자)"
JDU4MTI3MSM1MSMkMiMkMCMkMDAkMzgxOTYxIzExIyQxIyQzIyQwMyQ0NjEwMDIjNjEjJDEjJDgjJDgz,"경기도 성남시 분당구 판교역로 178, 서건타워 402일부호 (삼평동)"
JDU4MTI3MSM1MSMkMiMkMCMkMDAkMzgxOTYxIzExIyQxIyQzIyQxMyQzNjE0ODEjNTEjJDEjJDIjJDgz,"경기도 성남시 중원구 광명로323번길 4, 2층 (금광동)"
JDU4MTI3MSM1MSMkMiMkMCMkMDAkMzgxOTYxIzExIyQxIyQ3IyQ2MiQzNjE4MzIjNzEjJDEjJDgjJDgz,"경기도 성남시 중원구 산성대로 492, 2층 (은행동)"
JDU4MTI3MSM1MSMkMiMkMCMkMDAkMzgxOTYxIzExIyQxIyQ3IyQwMyQzNjEyMjIjODEjJDEjJDIjJDgz,"경기도 성남시 분당구 돌마로 478, 202,203호 (서현동, 효자촌프라자)"
JDU4MTI3MSM1MSMkMiMkMCMkMDAkMzgxOTYxIzIxIyQxIyQxIyQ5OSQyNjE0ODEjNDEjJDEjJDgjJDgz,"경기도 성남시 분당구 벌말로 10, 201호 (야탑동, 목련마을 아파트 상가)"
JDU4MTI3MSM1MSMkMiMkMCMkMDAkMzgxOTYxIzIxIyQxIyQxIyQ5OSQyNjEwMDIjNDEjJDEjJDQjJDgz,"경기도 성남시 분당구 성남대로926번길 6, 4층 406호 (야탑동, 대덕프라자)"
JDU4MTI3MSM1MSMkMiMkMCMkMDAkMzgxOTYxIzIxIyQxIyQxIyQ5OSQzNjE0ODEjNjEjJDEjJDAjJDgz,"경기도 성남시 분당구 성남대로54번길 3, 3층 (구미동, 대한주택공사별관)"
JDU4MTI3MSM1MSMkMiMkMCMkMDAkMzgxOTYxIzIxIyQxIyQxIyQ3MiQzNjE0ODEjNjEjJDEjJDgjJDgz,"경기도 성남시 분당구 성남대로 32, 501,502호 (구미동, 보명프라자)"
JDU4MTI3MSM1MSMkMiMkMCMkMDAkMzgxOTYxIzIxIyQxIyQ1IyQ3MiQ0NjE0ODEjNjEjJDEjJDQjJDgz,"경기도 성남시 분당구 장미로 198, 1층 104호 104-1~3호 (야탑동, 아델파크빌)"
JDU4MTI3MSM1MSMkMiMkMCMkMDAkMzgxOTYxIzIxIyQxIyQ1IyQ5MiQzNjEwMDIjNjEjJDEjJDQjJDgz,"경기도 성남시 분당구 돌마로 482, 5층 (서현동, 주영빌딩)"
JDU4MTI3MSM1MSMkMiMkMCMkMDAkMzgxOTYxIzIxIyQyIyQ5IyQwMCQyNjEwMDIjNDEjJDEjJDQjJDgz,"경기도 성남시 중원구 산성대로 80, 6층 (성남동)"
JDQ4MTYyMiM1MSMkMiMkMCMkMDAkNDgxNzAyIzMxIyQxIyQzIyQ3OSQ0NjEwMDIjNDEjJDEjJDQjJDgz,"경기도 성남시 분당구 분당로53번길 22, 4층 (서현동, 블루홀빌딩)"
JDQ4MTYyMiM1MSMkMSMkMCMkMTMkNDgxMTkxIzQxIyQxIyQ3IyQwMyQyNjE4MzIjNTEjJDEjJDYjJDgz,"경기도 성남시 분당구 분당로53번길 10, 301호 (서현동, 동호프라자)"
JDU4MTI3MSM1MSMkMiMkMCMkMDAkNTgxMzUxIzIxIyQxIyQxIyQxMyQyNjE0ODEjNDEjJDEjJDgjJDgz,"경기도 성남시 분당구 성남대로 34, 502호 (구미동, 하나프라자)"
JDU4MTI3MSM1MSMkMiMkMCMkMDAkNDgxOTYxIzMxIyQxIyQ3IyQ3OSQyNjE4MzIjODEjJDEjJDYjJDgz,"경기도 성남시 수정구 수정로 210, 2층 (신흥동)"
JDU4MTI3MSM1MSMkMiMkMCMkMDAkNTgxMzUxIzIxIyQxIyQ1IyQ4OSQyNjEyMjIjNjEjJDEjJDQjJDgz,"경기도 성남시 분당구 돌마로 75, 미금프라자 204호 (금곡동)"
JDU4MTI3MSM1MSMkMiMkMCMkMDAkNTgxMzUxIzIxIyQxIyQ1IyQ4OSQyNjEwMDIjNzEjJDEjJDgjJDgz,"경기도 성남시 분당구 황새울로 321, 비지니스호텔갤러리 6층 601-1호 (서현동)"
JDU4MTI3MSM1MSMkMiMkMCMkMDAkNTgxMzUxIzIxIyQxIyQxIyQ5MiQzNjEwMDIjNzEjJDEjJDgjJDgz,"경기도 성남시 분당구 돌마로 86, 엘레강스프라자 607호 (구미동)"
JDU4MTI3MSM1MSMkMiMkMCMkMDAkNTgxMzUxIzIxIyQxIyQ1IyQ2MiQyNjEyMjIjNzEjJDEjJDgjJDgz,"경기도 성남시 분당구 황새울로258번길 36, 광진프라자 503호 (수내동)"
JDU4MTI3MSM1MSMkMiMkMCMkMDAkNTgxMzUxIzIxIyQxIyQ1IyQ2MiQ0NjEwMDIjNjEjJDEjJDAjJDgz,"경기도 성남시 수정구 위례광장로 322, 아이플렉스 3층 302,307,308,309호 (창곡동)"
JDU4MTI3MSM1MSMkMiMkMCMkMDAkNTgxMzUxIzIxIyQxIyQ1IyQ4MiQyNjEyMjIjNDEjJDEjJDgjJDgz,"경기도 성남시 분당구 성남대로 170, 한국프라자 203, 202 일부호 (금곡동)"
JDU4MTI3MSM1MSMkMiMkMCMkMDAkNTgxMzUxIzIxIyQxIyQ1IyQ4MiQyNjE4MzIjNDEjJDEjJDQjJDgz,"경기도 성남시 중원구 광명로 333, 서광빌딩 2층3층 일부호 (금광동)"
JDU4MTI3MSM1MSMkMiMkMCMkMDAkNTgxMzUxIzIxIyQxIyQ1IyQxMyQyNjE4MzIjNDEjJDEjJDgjJDgz,"경기도 성남시 분당구 운중로 115, 2층 201, 202 호 (운중동)"
JDU4MTI3MSM1MSMkMiMkMCMkMDAkNTgxMzUxIzIxIyQxIyQ5IyQ3MiQyNjEyMjIjNDEjJDEjJDgjJDgz,"경기도 성남시 수정구 위례서일로 22, 이너매스우남 709호 (창곡동)"
JDU4MTI3MSM1MSMkMiMkMCMkMDAkNTgxMzUxIzIxIyQxIyQ5IyQ4MiQyNjEwMDIjNDEjJDEjJDQjJDgz,"경기도 성남시 분당구 판교대장로6길 10, 304호, 309~311호 (대장동)"
JDU4MTI3MSM1MSMkMiMkMCMkMDAkNTgxMzUxIzIxIyQxIyQ5IyQ3MiQ0NjE0ODEjNDEjJDEjJDQjJDgz,"경기도 성남시 분당구 판교대장로6길 10, 501~511호 (대장동)"
JDU4MTI3MSM1MSMkMiMkMCMkMDAkNTgxMzUxIzMxIyQxIyQzIyQ4OSQzNjE0ODEjNjEjJDEjJDAjJDgz,"경기도 성남시 분당구 분당로53번길 10, 동호플라자 301(일부)호 (서현동)"
JDU4MTI3MSM1MSMkMiMkMCMkMDAkNTgxMzUxIzMxIyQxIyQzIyQ5OSQyNjEyMjIjNjEjJDEjJDQjJDgz,"경기도 성남시 수정구 위례광장로 320, 아이에스센트럴타워 201호 (창곡동)"
JDU4MTI3MSM1MSMkMiMkMCMkMDAkNTgxMzUxIzMxIyQxIyQzIyQ4OSQzNjEwMDIjNTEjJDEjJDIjJDgz,"경기도 성남시 수정구 위례동로 135-6, 이너매스 위례 401호 (창곡동)"
JDU4MTI3MSM1MSMkMiMkMCMkMDAkNTgxMzUxIzMxIyQxIyQzIyQ3MiQzNjEwMDIjNDEjJDEjJDgjJDgz,"경기도 성남시 분당구 운중로 253, 티에스로드1 2층 201~203호 (판교동)"
JDU4MTI3MSM1MSMkMiMkMCMkMDAkNTgxMzUxIzMxIyQxIyQzIyQ5MiQzNjE0ODEjODEjJDEjJDIjJDgz,"경기도 성남시 중원구 양현로 409, 어반스퀘어 201,202호 (여수동)"
JDU4MTI3MSM1MSMkMiMkMCMkMDAkNTgxMzUxIzMxIyQxIyQzIyQwMyQyNjEyMjIjODEjJDEjJDYjJDgz,"경기도 성남시 수정구 위례동로 153, 에이플타워 706호 (창곡동)"
JDU4MTI3MSM1MSMkMiMkMCMkMDAkNTgxMzUxIzMxIyQxIyQzIyQwMyQzNjE0ODEjNjEjJDEjJDQjJDgz,"경기도 성남시 분당구 돌마로 87, 골드프라자 5층 501호 (금곡동)"
JDU4MTI3MSM1MSMkMiMkMCMkMDAkNTgxMzUxIzMxIyQxIyQzIyQwMyQzNjE4MzIjNDEjJDEjJDQjJDgz,"경기도 성남시 분당구 백현로101번길 29, C&C 빌딩 2층 일부호 (수내동)"
JDU4MTI3MSM1MSMkMiMkMCMkMDAkNTgxMzUxIzMxIyQxIyQzIyQxMyQyNjE0ODEjNDEjJDEjJDQjJDgz,"경기도 성남시 분당구 장미로 198, 아델파크빌 1층 104-3일부호, 104-4호 (야탑동)"
JDU4MTI3MSM1MSMkMiMkMCMkMDAkNTgxMzUxIzMxIyQyIyQzIyQwMCQ0NjEwMDIjNDEjJDEjJDQjJDgz,"경기도 성남시 분당구 야탑로 102, 뉴젠빌원룸텔 201~204호, 206~207호 (야탑동)"
JDU4MTI3MSM1MSMkMiMkMCMkMDAkNTgxMzUxIzMxIyQxIyQzIyQ5OSQyNjE4MzIjNTEjJDEjJDYjJDgz,"경기도 성남시 중원구 산성대로372번길 14, 2층 (금광동)"
JDU4MTI3MSM1MSMkMiMkMCMkMDAkNTgxMzUxIzQxIyQxIyQ3IyQ4OSQzNjEwMDIjNjEjJDEjJDQjJDgz,"경기도 성남시 중원구 둔촌대로 272, 지하1층.2~5층 (하대원동)"
JDU4MTI3MSM1MSMkMiMkMCMkMDAkNTgxMzUxIzQxIyQxIyQ3IyQ5OSQ0NjEwMDIjNjEjJDEjJDQjJDgz,"경기도 성남시 분당구 판교역로192번길 16, 판교타워 501~502호 (삼평동)"
JDU4MTI3MSM1MSMkMiMkMCMkMDAkNTgxMzUxIzQxIyQyIyQ3IyQwMCQ0NjEwMDIjNTEjJDEjJDIjJDgz,"경기도 성남시 분당구 분당내곡로 131, 2층 일부호 (백현동)"
JDU4MTI3MSM1MSMkMiMkMCMkMDAkNTgxMzUxIzQxIyQxIyQ3IyQ5OSQ0NjE0ODEjNzEjJDEjJDgjJDgz,"경기도 성남시 수정구 수정로 106, 수진동 SR프라자 8,9층 (수진동)"
JDU4MTI3MSM1MSMkMiMkMCMkMDAkNTgxMzUxIzQxIyQxIyQ3IyQ5MiQzNjEwMDIjODEjJDEjJDYjJDgz,"경기도 성남시 중원구 금상로 53, 2층 2호 (상대원동)"
JDU4MTI3MSM1MSMkMiMkMCMkMDAkNTgxMzUxIzQxIyQxIyQ3IyQ5MiQzNjEyMjIjNzEjJDEjJDgjJDgz,"경기도 성남시 분당구 돌마로 68, 분당프라자 503,503-1호 (구미동)"
JDU4MTI3MSM1MSMkMiMkMCMkMDAkNTgxMzUxIzQxIyQxIyQ3IyQ4MiQzNjE4MzIjODEjJDEjJDIjJDgz,"경기도 성남시 분당구 중앙공원로 35, 올림픽스포츠센터 2층 205호, 208호 (서현동)"
JDQ4MTYyMiM1MSMkMiMkMCMkMDAkNTgxMzUxIzMxIyQxIyQ3IyQ3MiQzNjE0ODEjNzEjJDEjJDgjJDgz,"경기도 성남시 분당구 서현로 184, 213호 (서현동)"
JDU4MTI3MSM1MSMkMiMkMCMkMDAkNTgxMzUxIzQxIyQxIyQ3IyQxMyQyNjEyMjIjODEjJDEjJDYjJDgz,"경기도 성남시 분당구 장미로 78, 3층 301호 (야탑동, 시그마3)"
JDU4MTI3MSM1MSMkMiMkMCMkMDAkNTgxMzUxIzUxIyQxIyQxIyQ4OSQyNjE4MzIjNjEjJDEjJDQjJDgz,"경기도 성남시 수정구 위례광장로 320, 아이에스센트럴타워 403~405호 (창곡동)"
JDU4MTI3MSM1MSMkMiMkMCMkMDAkNTgxMzUxIzUxIyQyIyQxIyQwMCQyNjEwMDIjNTEjJDEjJDYjJDgz,"경기도 성남시 분당구 성남대로331번길 7, 정자스타빌딩 3층 301호 (정자동)"
JDU4MTI3MSM1MSMkMiMkMCMkMDAkNTgxMzUxIzUxIyQxIyQxIyQ5OSQzNjE0ODEjNDEjJDEjJDgjJDgz,"경기도 성남시 중원구 금빛로 43, 3층 301호 (금광동)"
JDU4MTI3MSM1MSMkMiMkMCMkMDAkNTgxMzUxIzUxIyQxIyQxIyQ3MiQzNjE0ODEjNTEjJDEjJDIjJDgz,"경기도 성남시 분당구 야탑로81번길 10, 분당아미고타워 206호 (야탑동)"
JDU4MTI3MSM1MSMkMiMkMCMkMDAkNTgxMzUxIzUxIyQxIyQxIyQ3MiQ0NjE0ODEjNjEjJDEjJDQjJDgz,"경기도 성남시 분당구 수내로 39, 236호 (수내동, 분당지웰푸르지오)"
JDU4MTI3MSM1MSMkMiMkMCMkMDAkNTgxMzUxIzUxIyQxIyQxIyQ4MiQyNjE4MzIjNDEjJDEjJDgjJDgz,"경기도 성남시 수정구 위례광장로 9-9, 남위례역 푸르지오 시티 206,207호 (창곡동)"
JDU4MTI3MSM1MSMkMiMkMCMkMDAkNTgxMzUxIzUxIyQxIyQxIyQ4MiQzNjEwMDIjODEjJDEjJDIjJDgz,"경기도 성남시 분당구 대왕판교로606번길 41, 프라임스퀘어 602~603호 (삼평동)"
JDU4MTI3MSM1MSMkMiMkMCMkMDAkNTgxMzUxIzUxIyQxIyQxIyQ5MiQ0NjE0ODEjNDEjJDEjJDQjJDgz,"경기도 성남시 분당구 서현로 192, 야베스밸리 2층 201~203호 (서현동)"
JDU4MTI3MSM1MSMkMiMkMCMkMDAkNTgxMzUxIzUxIyQxIyQxIyQwMyQyNjE4MzIjNjEjJDEjJDgjJDgz,"경기도 성남시 분당구 정자일로 248, 2층 204~209호 (정자동, 파크뷰)"
JDU4MTI3MSM1MSMkMiMkMCMkMDAkNTgxMzUxIzUxIyQxIyQxIyQwMyQzNjE4MzIjODEjJDEjJDYjJDgz,"경기도 성남시 수정구 산성대로 241, 비와이씨 2층 202호 (신흥동)"
JDU4MTI3MSM1MSMkMiMkMCMkMDAkNTgxMzUxIzUxIyQxIyQxIyQxMyQzNjE4MzIjNjEjJDEjJDgjJDgz,"경기도 성남시 중원구 광명로 176, 202,203,204호 (중앙동, 신흥역하늘채랜더스원아파트)"
JDU4MTI3MSM1MSMkMiMkMCMkMDAkNTgxMzUxIzUxIyQxIyQ1IyQ3OSQzNjEyMjIjODEjJDEjJDYjJDgz,"경기도 성남시 분당구 정자일로 197, 202,203호 (정자동)"
JDU4MTI3MSM1MSMkMiMkMCMkMDAkNTgxMzUxIzUxIyQxIyQ1IyQ3OSQ0NjE0ODEjNjEjJDEjJDQjJDgz,"경기도 성남시 분당구 분당로53번길 22, 블루홀플라자 2층 (서현동)"
JDU4MTI3MSM1MSMkMiMkMCMkMDAkNTgxMzUxIzUxIyQxIyQ1IyQ4OSQyNjE4MzIjNDEjJDEjJDgjJDgz,"경기도 성남시 분당구 대왕판교로606번길 58, 판교푸르지오월드마크 2-44호, 2-45호 (삼평동)"
JDU4MTI3MSM1MSMkMiMkMCMkMDAkNTgxMzUxIzUxIyQxIyQ1IyQ4OSQzNjE4MzIjNjEjJDEjJDAjJDgz,"경기도 성남시 수정구 위례광장로 310, B동 402호 (창곡동, 우성트램타워)"
JDU4MTI3MSM1MSMkMiMkMCMkMDAkNDgxOTYxIzExIyQxIyQ3IyQ3OSQzNjEyMjIjNDEjJDEjJDgjJDgz,"경기도 성남시 분당구 황새울로 332, 5층일부(서현동, 분당문화센터)"
JDU4MTI3MSM1MSMkMSMkMCMkNzIkMzgxMzUxIzExIyQxIyQzIyQ4MiQ0NjEwMDIjNjEjJDEjJDQjJDgz,"경기도 성남시 분당구 백현로 105, 201호 (수내동, 로양팰리스하우스빌)"
JDU4MTI3MSM1MSMkMiMkMCMkMDAkNDgxOTYxIzExIyQxIyQ3IyQ3MiQyNjE0ODEjODEjJDEjJDYjJDgz,"경기도 성남시 분당구 분당내곡로 151, 3층 301,302,303,305호 (삼평동, 삼도타워)"
JDU4MTI3MSM1MSMkMiMkMCMkMDAkNDgxMTkxIzExIyQxIyQ3IyQwMyQzNjE0ODEjODEjJDEjJDYjJDgz,"경기도 성남시 수정구 위례광장로 310, A동 5층 508호 (창곡동, 우성트램타워)"
JDQ4MTYyMiM1MSMkMSMkMCMkNzIkNTgxMzUxIzMxIyQxIyQzIyQwMyQ0NjE0ODEjNjEjJDEjJDAjJDgz,"경기도 성남시 수정구 창업로 18, 3층 306호 (시흥동)"
JDU4MTI3MSM1MSMkMiMkMCMkMDAkNDgxMTkxIzMxIyQxIyQzIyQwMyQ0NjE0ODEjNzEjJDEjJDgjJDgz,"경기도 성남시 분당구 돌마로 47, 이코노샤르망 2층 202,203호 (금곡동)"
JDU4MTI3MSM1MSMkMiMkMCMkMDAkNDgxOTYxIzMxIyQxIyQ3IyQxMyQzNjEwMDIjNDEjJDEjJDgjJDgz,"경기도 성남시 수정구 위례광장로 310, A동 6층 603,604호 (창곡동, 우성트램타워)"
JDU4MTI3MSM1MSMkMiMkMCMkMDAkNDgxOTYxIzQxIyQxIyQ3IyQwMyQzNjEwMDIjNDEjJDEjJDQjJDgz,"경기도 성남시 수정구 위례광장로 320, 5층 504,505호 (창곡동, 아이에스센트럴타워)"
JDQ4MTYyMiM1MSMkMiMkMCMkMDAkNDgxOTYxIzMxIyQxIyQ3IyQ2MiQzNjE4MzIjODEjJDEjJDIjJDgz,"경기도 성남시 분당구 정자일로 248, 401호 (정자동, 파크뷰A상가)"
JDU4MTI3MSM1MSMkMiMkMCMkMDAkMzgxMzUxIzIxIyQxIyQ5IyQ4OSQyNjE4MzIjNjEjJDEjJDgjJDgz,"경기도 성남시 중원구 희망로 448, 2층 (금광동)"
JDU4MTI3MSM1MSMkMiMkMCMkMDAkMzgxMzUxIzIxIyQxIyQxIyQ3OSQyNjEyMjIjODEjJDEjJDIjJDgz,"경기도 성남시 중원구 희망로380번길 13, 1층 (상대원동)"
JDU4MTI3MSM1MSMkMiMkMCMkMDAkMzgxMzUxIzMxIyQxIyQzIyQ4MiQyNjE4MzIjODEjJDEjJDYjJDgz,"경기도 성남시 분당구 운중로 249, 3층 일부호(303), 4층, 5층 일부호(502, 503)호 (판교동)"
JDU4MTI3MSM1MSMkMiMkMCMkMDAkMzgxMzUxIzMxIyQxIyQzIyQxMyQyNjE0ODEjNjEjJDEjJDgjJDgz,"경기도 성남시 수정구 산성대로 259, 3층 (신흥동)"
JDU4MTI3MSM1MSMkMiMkMCMkMDAkNDgxMTkxIzExIyQxIyQ3IyQ2MiQyNjE0ODEjNzEjJDEjJDgjJDgz,"경기도 성남시 분당구 대왕판교로606번길 39, 201호,202호 (삼평동, 럭스타워)"
JDU4MTI3MSM1MSMkMiMkMCMkMDAkMzgxMzUxIzIxIyQxIyQ5IyQ3MiQzNjE0ODEjNTEjJDEjJDYjJDgz,"경기도 성남시 중원구 금상로 60, 2,3층 (상대원동, 우림빌딩)"
JDU4MTI3MSM1MSMkMiMkMCMkMDAkMzgxMzUxIzUxIyQyIyQ1IyQwMCQ0NjE0ODEjNTEjJDEjJDYjJDgz,"경기도 성남시 중원구 금상로 18, 2층 (상대원동)"
JDU4MTI3MSM1MSMkMiMkMCMkMDAkNDgxNzAyIzExIyQxIyQzIyQ3MiQ0NjEwMDIjNzEjJDEjJDgjJDgz,"경기도 성남시 분당구 돌마로 75, 미금프라자 701호 (금곡동)"
JDU4MTI3MSM1MSMkMiMkMCMkMDAkMzgxOTYxIzExIyQxIyQzIyQ2MiQzNjE0ODEjNjEjJDEjJDgjJDgz,"경기도 성남시 중원구 성남대로 1115, 6층 602호 (성남동)"
JDU4MTI3MSM1MSMkMSMkMCMkOTkkNTgxMzUxIzExIyQxIyQzIyQ3OSQzNjE0ODEjNDEjJDEjJDgjJDgz,"경기도 성남시 분당구 양현로94번길 17, 지1층~5층 (이매동)"
JDU4MTI3MSM1MSMkMiMkMCMkMDAkMzgxMzUxIzExIyQxIyQzIyQ3OSQzNjE0ODEjNDEjJDEjJDgjJDgz,"경기도 성남시 분당구 성남대로 385, 501호 (정자동, 분당클리닉빌딩)"
JDU4MTI3MSM1MSMkMiMkMCMkMDAkMzgxMzUxIzExIyQxIyQ3IyQ4OSQzNjE4MzIjNDEjJDEjJDQjJDgz,"경기도 성남시 분당구 성남대로 165, 317호 (금곡동, 천사의도시오피스텔)"
JDU4MTI3MSM1MSMkMiMkMCMkMDAkNDgxMTkxIzMxIyQxIyQ3IyQ3MiQzNjEyMjIjNjEjJDEjJDQjJDgz,"경기도 성남시 분당구 대왕판교로606번길 58, 2-26호 (삼평동, 판교푸르지오월드마크)"
JDU4MTI3MSM1MSMkMiMkMCMkMDAkMzgxMzUxIzIxIyQyIyQ1IyQwMCQ0NjEwMDIjNTEjJDEjJDYjJDgz,"경기도 성남시 중원구 산성대로 588, 2층 (은행동)"
JDU4MTI3MSM1MSMkMiMkMCMkMDAkMzgxOTYxIzMxIyQxIyQ3IyQ5OSQzNjE0ODEjNDEjJDEjJDQjJDgz,"경기도 성남시 수정구 수정로 273, 2층 (신흥동)"
JDU4MTI3MSM1MSMkMiMkMCMkMDAkMzgxOTYxIzMxIyQxIyQ3IyQ4OSQyNjE4MzIjNjEjJDEjJDAjJDgz,"경기도 성남시 중원구 성남대로1148번길 2, 소평빌딩 2층 (성남동)"
JDU4MTI3MSM1MSMkMiMkMCMkMDAkMzgxMzUxIzIxIyQyIyQ5IyQwMCQzNjE4MzIjNTEjJDEjJDYjJDgz,"경기도 성남시 중원구 도촌남로 37, 403호.404호 (도촌동)"
JDU4MTI3MSM1MSMkMiMkMCMkMDAkMzgxMzUxIzMxIyQxIyQzIyQ5OSQ0NjE0ODEjNDEjJDEjJDgjJDgz,"경기도 성남시 중원구 산성대로 520, 프린스빌딩 3층 (은행동)"
JDU4MTI3MSM1MSMkMiMkMCMkMDAkMzgxOTYxIzMxIyQxIyQzIyQ3MiQzNjEwMDIjNTEjJDEjJDYjJDgz,"경기도 성남시 분당구 서현로210번길 20, 코코프라자 404호 (서현동)"
JDU4MTI3MSM1MSMkMiMkMCMkMDAkMzgxOTYxIzUxIyQxIyQxIyQ4MiQ0NjE0ODEjNjEjJDEjJDAjJDgz,"경기도 성남시 분당구 정자일로213번길 19, 201~206호 (정자동, 아이파크분당2)"
JDU4MTI3MSM1MSMkMiMkMCMkMDAkMzgxMzUxIzMxIyQxIyQ3IyQ3OSQyNjEyMjIjNTEjJDEjJDYjJDgz,"경기도 성남시 분당구 내정로173번길 1, 5층 (수내동, 우리은행)"
JDU4MTI3MSM1MSMkMiMkMCMkMDAkNDgxNzAyIzUxIyQxIyQ1IyQ4OSQzNjE0ODEjNjEjJDEjJDAjJDgz,"경기도 성남시 분당구 성남대로331번길 3-9, 백궁프라자3 8층 801호 (정자동)"
JDU4MTI3MSM1MSMkMiMkMCMkMDAkNDgxNzAyIzUxIyQxIyQ1IyQwMyQzNjEwMDIjNTEjJDEjJDYjJDgz,"경기도 성남시 수정구 산성대로 267, 411~418호, 426호 (신흥동)"
JDU4MTI3MSM1MSMkMiMkMCMkMDAkNDgxNzAyIzUxIyQxIyQ1IyQxMyQzNjE0ODEjNTEjJDEjJDIjJDgz,"경기도 성남시 분당구 분당내곡로 117, 크래프톤타워 3층 일부호 (백현동)"
JDU4MTI3MSM1MSMkMiMkMCMkMDAkNTgxMzUxIzExIyQxIyQzIyQ2MiQzNjEwMDIjNTEjJDEjJDIjJDgz,"경기도 성남시 수정구 수정로 291, 산성역포레스티아아파트 4층 401~404,408호 (신흥동)"
JDU4MTI3MSM1MSMkMiMkMCMkMDAkNTgxMzUxIzExIyQxIyQzIyQ4MiQyNjE0ODEjNjEjJDEjJDgjJDgz,"경기도 성남시 수정구 산성대로295번길 1, 3층 (신흥동)"
JDU4MTI3MSM1MSMkMiMkMCMkMDAkNTgxMzUxIzExIyQxIyQzIyQ5OSQzNjE4MzIjNjEjJDEjJDAjJDgz,"경기도 성남시 분당구 성남대로 912, 분당BYC빌딩 301호 (야탑동)"
JDU4MTI3MSM1MSMkMiMkMCMkMDAkNTgxMzUxIzExIyQxIyQzIyQ5MiQzNjEyMjIjNTEjJDEjJDIjJDgz,"경기도 성남시 수정구 위례광장로 300, 3층 312,334,335호 (창곡동)"
JDU4MTI3MSM1MSMkMiMkMCMkMDAkNTgxMzUxIzExIyQxIyQ3IyQ5MiQyNjEyMjIjNjEjJDEjJDgjJDgz,"경기도 성남시 수정구 위례광장로 300, 창곡동 509번지 3층 302-304호 (창곡동)"
JDU4MTI3MSM1MSMkMiMkMCMkMDAkNTgxMzUxIzExIyQxIyQ3IyQ3MiQzNjE4MzIjNTEjJDEjJDIjJDgz,"경기도 성남시 분당구 성남대로 912, 분당BYC빌딩 3층 일부(305호~310호)호 (야탑동)"
JDU4MTI3MSM1MSMkMiMkMCMkMDAkNDgxMzUxIzMxIyQyIyQzIyQwMCQ0NjEwMDIjODEjJDEjJDIjJDgz,"경기도 성남시 중원구 은이로5번길 1, 건영빌딩 지하1층,2층 (은행동)"
JDU4MTI3MSM1MSMkMiMkMCMkMDAkMzgxMzUxIzMxIyQxIyQzIyQ5MiQzNjEyMjIjNDEjJDEjJDgjJDgz,"경기도 성남시 수정구 산성대로 313, 2층 (신흥동, 나무빌딩)"
JDU4MTI3MSM1MSMkMiMkMCMkMDAkNDgxMzUxIzUxIyQxIyQ1IyQwMyQzNjEwMDIjNzEjJDEjJDgjJDgz,"경기도 성남시 분당구 성남대로331번길 11-3, 4층 (정자동, 여민빌딩)"
JDU4MTI3MSM1MSMkMiMkMCMkMDAkNDgxOTYxIzExIyQxIyQzIyQ3OSQ0NjEwMDIjNDEjJDEjJDQjJDgz,"경기도 성남시 분당구 대왕판교로606번길 47, 2층 202호 (삼평동, SG타워)"
JDU4MTI3MSM1MSMkMiMkMCMkMDAkMzgxOTYxIzQxIyQxIyQ3IyQ5OSQyNjE4MzIjODEjJDEjJDIjJDgz,"경기도 성남시 분당구 동판교로 59, 자유퍼스트프라자1 501호 (백현동)"
JDU4MTI3MSM1MSMkMiMkMCMkMDAkNDgxOTYxIzIxIyQxIyQ1IyQ5OSQyNjEyMjIjNjEjJDEjJDgjJDgz,"경기도 성남시 분당구 백현로101번길 21, 5층 일부호 (수내동)"
JDU4MTI3MSM1MSMkMiMkMCMkMDAkNDgxOTYxIzIxIyQxIyQ1IyQ3MiQyNjE4MzIjNjEjJDEjJDgjJDgz,"경기도 성남시 분당구 쇳골로 7, 초이스빌딩 2층,3층 (금곡동)"
JDU4MTI3MSM1MSMkMiMkMCMkMDAkNDgxOTYxIzIxIyQxIyQ1IyQ5MiQ0NjE0ODEjNDEjJDEjJDgjJDgz,"경기도 성남시 분당구 운중로 120, 201호,202호 (운중동, 청호델피노)"
JDU4MTI3MSM1MSMkMiMkMCMkMDAkMzgxMTkxIzExIyQxIyQzIyQ3OSQ0NjE0ODEjNjEjJDEjJDQjJDgz,"경기도 성남시 수정구 산성대로 267, 5층 516호 (신흥동)"
JDU4MTI3MSM1MSMkMiMkMCMkMDAkMzgxMTkxIzExIyQxIyQzIyQ4OSQyNjEyMjIjNTEjJDEjJDYjJDgz,"경기도 성남시 분당구 느티로 27, 하나플라자빌딩 601,602호 (정자동)"
JDU4MTI3MSM1MSMkMiMkMCMkMDAkNDgxOTYxIzIxIyQxIyQ1IyQwMyQzNjEwMDIjNjEjJDEjJDAjJDgz,"경기도 성남시 수정구 수정로 106, SR프라자 502-1호 (수진동)"
JDU4MTI3MSM1MSMkMiMkMCMkMDAkMzgxOTYxIzQxIyQxIyQ3IyQ2MiQyNjE0ODEjODEjJDEjJDIjJDgz,"경기도 성남시 분당구 돌마로 46, 3층 5층 302호 502호 (구미동, 근생빌딩)"
JDQ4MTYyMiM1MSMkMiMkMCMkMDAkNDgxOTYxIzIxIyQyIyQ1IyQwMCQyNjE4MzIjODEjJDEjJDYjJDgz,"경기도 성남시 분당구 내정로 29, 308호 (정자동, 금곡프라자)"
JDQ4MTYyMiM1MSMkMiMkMCMkMDAkMzgxNzAyIzMxIyQxIyQ3IyQ5OSQ0NjE0ODEjNDEjJDEjJDgjJDgz,"경기도 성남시 분당구 내정로 170, 304호 (수내동, 동신파크빌딩)"
JDU4MTI3MSM1MSMkMiMkMCMkMDAkNDgxOTYxIzIxIyQxIyQ1IyQxMyQyNjE0ODEjNDEjJDEjJDgjJDgz,"경기도 성남시 분당구 야탑로81번길 10, 3층 310호 (야탑동, 분당아미고타워)"
JDU4MTI3MSM1MSMkMiMkMCMkMDAkNDgxOTYxIzIxIyQxIyQ5IyQ3MiQzNjE0ODEjNDEjJDEjJDgjJDgz,"경기도 성남시 수정구 산성대로 247, 7-8층 (신흥동)"
JDU4MTI3MSM1MSMkMiMkMCMkMDAkNDgxOTYxIzIxIyQxIyQ5IyQ3MiQzNjEyMjIjNzEjJDEjJDgjJDgz,"경기도 성남시 수정구 위례동로 141, 5층 505호 (창곡동)"
JDU4MTI3MSM1MSMkMiMkMCMkMDAkNDgxOTYxIzIxIyQxIyQ5IyQ4MiQ0NjEwMDIjODEjJDEjJDYjJDgz,"경기도 성남시 수정구 위례동로 141, 5층 (창곡동)"
JDU4MTI3MSM1MSMkMiMkMCMkMDAkNDgxOTYxIzIxIyQxIyQ5IyQ5MiQyNjE0ODEjNTEjJDEjJDIjJDgz,"경기도 성남시 수정구 수정로 133, 3,4층 (태평동)"
JDU4MTI3MSM1MSMkMiMkMCMkMDAkNDgxOTYxIzIxIyQxIyQ5IyQ5MiQzNjE4MzIjNDEjJDEjJDQjJDgz,"경기도 성남시 수정구 산성대로 241, (신흥동)"
JDU4MTI3MSM1MSMkMiMkMCMkMDAkNDgxOTYxIzIxIyQxIyQ5IyQ4MiQzNjE0ODEjODEjJDEjJDIjJDgz,"경기도 성남시 수정구 위례광장로 21-6, 정프라자 4층 가-401호, 나-401,402,403호 (창곡동)"
JDU4MTI3MSM1MSMkMiMkMCMkMDAkNDgxOTYxIzIxIyQxIyQ5IyQ4MiQ0NjE0ODEjNDEjJDEjJDgjJDgz,"경기도 성남시 수정구 수정로 116, 4층 (수진동)"
JDU4MTI3MSM1MSMkMiMkMCMkMDAkNDgxOTYxIzMxIyQxIyQzIyQ2MiQyNjEyMjIjNTEjJDEjJDYjJDgz,"경기도 성남시 수정구 위례동로 141, 우성메디피아 305호 일부 (창곡동)"
JDU4MTI3MSM1MSMkMiMkMCMkMDAkNDgxOTYxIzMxIyQxIyQzIyQ5MiQyNjE0ODEjODEjJDEjJDYjJDgz,"경기도 성남시 분당구 판교로 375, 504호 (삼평동, 에메트타운)"
JDU4MTI3MSM1MSMkMiMkMCMkMDAkNDgxOTYxIzMxIyQyIyQ3IyQwMCQzNjE0ODEjODEjJDEjJDYjJDgz,"경기도 성남시 분당구 서현로 204, 407,408호 (서현동, 엘지에클라트2)"
JDU4MTI3MSM1MSMkMiMkMCMkMDAkNDgxOTYxIzMxIyQxIyQ3IyQ5MiQyNjE4MzIjNDEjJDEjJDQjJDgz,"경기도 성남시 수정구 위례광장로 310, 우성트램타워 A동 301호, 302 일부호 (창곡동)"
JDU4MTI3MSM1MSMkMiMkMCMkMDAkNDgxOTYxIzMxIyQxIyQ3IyQ5MiQzNjEwMDIjNjEjJDEjJDgjJDgz,"경기도 성남시 수정구 위례광장로 322, 3층 310호 (창곡동, 아이플렉스)"
JDU4MTI3MSM1MSMkMiMkMCMkMDAkNDgxOTYxIzMxIyQxIyQ3IyQ5MiQzNjE4MzIjNTEjJDEjJDIjJDgz,"경기도 성남시 중원구 희망로 336, (상대원동, 금진빌딩)"
JDU4MTI3MSM1MSMkMiMkMCMkMDAkNDgxOTYxIzMxIyQxIyQ3IyQwMyQyNjEyMjIjODEjJDEjJDYjJDgz,"경기도 성남시 수정구 수정로 116, 5층 (수진동, 코끼리빌딩)"
JDU4MTI3MSM1MSMkMiMkMCMkMDAkNDgxOTYxIzMxIyQxIyQ3IyQwMyQ0NjE0ODEjODEjJDEjJDIjJDgz,"경기도 성남시 수정구 공원로 322, 227호 (신흥동, 신동아파라디움)"
JDU4MTI3MSM1MSMkMiMkMCMkMDAkNDgxOTYxIzQxIyQyIyQ3IyQwMCQzNjEwMDIjNTEjJDEjJDYjJDgz,"경기도 성남시 수정구 위례광장로 27, 303,304호 (창곡동, 으뜸프라자)"
JDU4MTI3MSM1MSMkMiMkMCMkMDAkNDgxOTYxIzQxIyQyIyQ3IyQwMCQzNjEyMjIjNDEjJDEjJDgjJDgz,"경기도 성남시 수정구 위례광장로 320, 6층 619호 (창곡동, 아이에스센트럴타워)"
JDU4MTI3MSM1MSMkMiMkMCMkMDAkNDgxOTYxIzUxIyQxIyQxIyQ4OSQ0NjE0ODEjNDEjJDEjJDQjJDgz,"경기도 성남시 수정구 위례동로 153, 에이플타워 410, 906호 (창곡동)"
JDU4MTI3MSM1MSMkMiMkMCMkMDAkMzgxNzAyIzExIyQxIyQzIyQxMyQzNjEyMjIjNDEjJDEjJDQjJDgz,"경기도 성남시 중원구 금상로 61, 2층 (금광동)"
JDU4MTI3MSM1MSMkMiMkMCMkMDAkNDgxOTYxIzQxIyQxIyQ3IyQ3MiQyNjE4MzIjNDEjJDEjJDgjJDgz,"경기도 성남시 수정구 위례광장로 320, 5층 515,516호 (창곡동, 아이에스센트럴타워)"
JDU4MTI3MSM1MSMkMiMkMCMkMDAkNDgxOTYxIzQxIyQxIyQ3IyQxMyQyNjEwMDIjNjEjJDEjJDAjJDgz,"경기도 성남시 수정구 위례동로 153, 4층 403호 (창곡동, 에이플타워)"
JDU4MTI3MSM1MSMkMiMkMCMkMDAkNDgxOTYxIzQxIyQxIyQ3IyQxMyQyNjEyMjIjNTEjJDEjJDIjJDgz,"경기도 성남시 수정구 위례동로 153, 4층 403호 (창곡동, 에이플타워)"
JDU4MTI3MSM1MSMkMiMkMCMkMDAkNDgxOTYxIzQxIyQyIyQ3IyQwMCQ0NjE0ODEjODEjJDEjJDIjJDgz,"경기도 성남시 분당구 분당로263번길 39, 레이디파크빌딩 208, 209, 210 일부호 (서현동)"
JDU4MTI3MSM1MSMkMiMkMCMkMDAkNDgxOTYxIzQxIyQxIyQ3IyQxMyQzNjEwMDIjNzEjJDEjJDgjJDgz,"경기도 성남시 수정구 위례동로 153, 4층 404호 (창곡동, 에이플타워)"
JDU4MTI3MSM1MSMkMiMkMCMkMDAkNDgxOTYxIzUxIyQxIyQxIyQ3OSQzNjEwMDIjODEjJDEjJDIjJDgz,"경기도 성남시 수정구 위례동로 153, 6층 608호 (창곡동, 에이플타워)"
JDU4MTI3MSM1MSMkMiMkMCMkMDAkMzgxMzUxIzUxIyQxIyQ1IyQ4OSQ0NjE0ODEjODEjJDEjJDYjJDgz,"경기도 성남시 수정구 수정로 115, (태평동, 만홍빌딩, 4층)"
JDU4MTI3MSM1MSMkMiMkMCMkMDAkNDgxOTYxIzUxIyQxIyQxIyQ3MiQyNjE0ODEjNTEjJDEjJDYjJDgz,"경기도 성남시 분당구 백현로101번길 17, 초림프라자 211호, 212호, 213호, 214호 (수내동)"
JDU4MTI3MSM1MSMkMiMkMCMkMDAkNDgxOTYxIzUxIyQxIyQxIyQ4MiQyNjEyMjIjNzEjJDEjJDgjJDgz,"경기도 성남시 수정구 위례광장로 320, 6층 611,612,613호 (창곡동, 아이에스센트럴타워)"
JDQ4MTYyMiM1MSMkMiMkMCMkMDAkNTgxOTYxIzUxIyQxIyQ1IyQ5MiQ0NjE0ODEjODEjJDEjJDYjJDgz,"경기도 성남시 분당구 황새울로335번길 5, 301호 (서현동, 앤타운빌딩)"
JDU4MTI3MSM1MSMkMiMkMCMkMDAkNDgxOTYxIzUxIyQxIyQxIyQwMyQyNjEyMjIjNDEjJDEjJDgjJDgz,"경기도 성남시 수정구 수정로 179-1, 2층 (태평동)"
JDU4MTI3MSM1MSMkMiMkMCMkMDAkNDgxOTYxIzUxIyQxIyQ1IyQ3OSQyNjEyMjIjNDEjJDEjJDQjJDgz,"경기도 성남시 분당구 성남대로 168, 203~204호 (금곡동, 미도프라자)"
JDU4MTI3MSM1MSMkMiMkMCMkMDAkNDgxOTYxIzUxIyQxIyQ1IyQ3OSQyNjE4MzIjODEjJDEjJDIjJDgz,"경기도 성남시 분당구 황새울로342번길 23, 4층 402호 (서현동, 기영프라자)"
JDU4MTI3MSM1MSMkMiMkMCMkMDAkNDgxOTYxIzUxIyQxIyQ1IyQwMyQzNjEyMjIjNDEjJDEjJDgjJDgz,"경기도 성남시 분당구 판교역로192번길 16, 7층 704호, 705호 (삼평동, 판교타워)"
JDU4MTI3MSM1MSMkMiMkMCMkMDAkNDgxOTYxIzUxIyQxIyQ1IyQwMyQzNjE0ODEjNjEjJDEjJDAjJDgz,"경기도 성남시 중원구 금상로 18, (상대원동, 메디원 빌딩)"
JDU4MTI3MSM1MSMkMiMkMCMkMDAkNDgxMTkxIzExIyQxIyQzIyQ2MiQyNjEyMjIjNzEjJDEjJDgjJDgz,"경기도 성남시 중원구 성남대로 1146, 4층 (성남동, 구정빌딩)"
JDU4MTI3MSM1MSMkMiMkMCMkMDAkNDgxMTkxIzExIyQxIyQ3IyQ3OSQzNjEwMDIjODEjJDEjJDYjJDgz,"경기도 성남시 분당구 동판교로 55, 로제비앙스퀘어 1~5층 일부호 (백현동)"
JDU4MTI3MSM1MSMkMiMkMCMkMDAkNDgxMTkxIzExIyQxIyQzIyQwMyQ0NjEwMDIjNTEjJDEjJDYjJDgz,"경기도 성남시 분당구 운중로 131, 스타식스 메트로 504호 (운중동)"
JDU4MTI3MSM1MSMkMiMkMCMkMDAkNDgxMTkxIzExIyQyIyQ3IyQwMCQyNjE4MzIjNjEjJDEjJDAjJDgz,"경기도 성남시 분당구 백현로101번길 25, 4층 401호 (수내동, 수내빌딩)"
JDQ4MTYyMiM1MSMkMiMkMCMkMDAkNDgxMzUxIzExIyQxIyQ3IyQ4OSQ0NjEwMDIjNjEjJDEjJDQjJDgz,"경기도 성남시 분당구 내정로 94, 206호 (정자동, 한솔마을 주공7단지 근린상가)"
JDU4MTI3MSM1MSMkMiMkMCMkMDAkNDgxMTkxIzIxIyQxIyQxIyQ4MiQzNjEwMDIjODEjJDEjJDYjJDgz,"경기도 성남시 수정구 위례광장로 300, 9층 907호 (창곡동)"
JDU4MTI3MSM1MSMkMiMkMCMkMDAkNDgxMTkxIzIxIyQxIyQxIyQ5OSQyNjE0ODEjODEjJDEjJDYjJDgz,"경기도 성남시 수정구 위례광장로 310, 7층 705,706,707호 (창곡동, 우성트램타워)"
JDU4MTI3MSM1MSMkMiMkMCMkMDAkNDgxMTkxIzExIyQxIyQ3IyQ4OSQzNjEyMjIjNjEjJDEjJDAjJDgz,"경기도 성남시 수정구 위례광장로 310, A동 4층 405, 406호 (창곡동, 우성트램타워)"
JDU4MTI3MSM1MSMkMiMkMCMkMDAkMzgxOTYxIzMxIyQxIyQ3IyQ3MiQzNjE4MzIjNjEjJDEjJDgjJDgz,"경기도 성남시 분당구 서현로321번길 10, 3층 일부호 (서현동)"
JDU4MTI3MSM1MSMkMiMkMCMkMDAkNDgxMTkxIzMxIyQxIyQzIyQ3MiQzNjE0ODEjNTEjJDEjJDIjJDgz,"경기도 성남시 분당구 성남대로 345, 정자역 프라자빌딩 506호 (정자동)"
JDU4MTI3MSM1MSMkMiMkMCMkMDAkNDgxMTkxIzMxIyQxIyQzIyQ3MiQyNjE0ODEjNDEjJDEjJDQjJDgz,"경기도 성남시 분당구 분당내곡로 151, 1104일부,1105호 (삼평동)"
JDU4MTI3MSM1MSMkMiMkMCMkMDAkNDgxMTkxIzMxIyQxIyQzIyQwMyQzNjE4MzIjODEjJDEjJDYjJDgz,"경기도 성남시 수정구 산성대로 439, 영인빌딩 3층 301호 (단대동)"
JDU4MTI3MSM1MSMkMiMkMCMkMDAkMzgxNzAyIzUxIyQyIyQ1IyQwMCQzNjE4MzIjNDEjJDEjJDgjJDgz,"경기도 성남시 분당구 황새울로335번길 5, 403호 (서현동, 엔타운빌딩)"
JDU4MTI3MSM1MSMkMiMkMCMkMDAkNDgxMTkxIzMxIyQyIyQ3IyQwMCQyNjEyMjIjODEjJDEjJDIjJDgz,"경기도 성남시 분당구 대왕판교로606번길 58, 2층 30,31호 (삼평동, 판교푸르지오월드마크)"
JDU4MTI3MSM1MSMkMiMkMCMkMDAkNDgxMTkxIzMxIyQyIyQ3IyQwMCQyNjE4MzIjNjEjJDEjJDgjJDgz,"경기도 성남시 분당구 성남대로331번길 8, 킨스타워 3층 325~326호 (정자동)"
JDU4MTI3MSM1MSMkMiMkMCMkMDAkNDgxMTkxIzMxIyQxIyQ3IyQ5MiQyNjEyMjIjNzEjJDEjJDgjJDgz,"경기도 성남시 분당구 성남대로926번길 6, 604호 (야탑동, 야탑 대덕프라자)"
JDU4MTI3MSM1MSMkMiMkMCMkMDAkNDgxMTkxIzMxIyQxIyQ3IyQ5MiQzNjE0ODEjNTEjJDEjJDYjJDgz,"경기도 성남시 분당구 내정로 58, 스포라이프 스포츠센타 2층 202호 (정자동)"
JDU4MTI3MSM1MSMkMiMkMCMkMDAkNDgxMzUxIzExIyQxIyQ3IyQ4MiQyNjEyMjIjNzEjJDEjJDgjJDgz,"경기도 성남시 분당구 서현로210번길 14, 유성트윈프라자2차 305,306호 (서현동)"
JDU4MTI3MSM1MSMkMiMkMCMkMDAkNDgxMTkxIzUxIyQxIyQxIyQ2MiQyNjE4MzIjNjEjJDEjJDgjJDgz,"경기도 성남시 분당구 돌마로 361, 동신코아빌딩 6층 604호 (수내동)"
JDU4MTI3MSM1MSMkMiMkMCMkMDAkNDgxMTkxIzUxIyQxIyQxIyQ5OSQyNjE4MzIjNDEjJDEjJDgjJDgz,"경기도 성남시 분당구 운중로 140, 메트로골드 301호 (운중동)"
JDU4MTI3MSM1MSMkMiMkMCMkMDAkNDgxMTkxIzQxIyQxIyQ3IyQ5MiQzNjE4MzIjNjEjJDEjJDAjJDgz,"경기도 성남시 분당구 동판교로 55, 로제비앙스퀘어 601~605호 (백현동)"
JDU4MTI3MSM1MSMkMiMkMCMkMDAkNDgxMTkxIzUxIyQxIyQxIyQ4MiQ0NjEwMDIjNDEjJDEjJDQjJDgz,"경기도 성남시 분당구 운중로 128, 4층 403호 (운중동)"
JDU4MTI3MSM1MSMkMiMkMCMkMDAkNDgxMTkxIzUxIyQxIyQ1IyQ4OSQzNjE0ODEjODEjJDEjJDYjJDgz,"경기도 성남시 분당구 서현로210번길 2, 성지하이츠텔 4층 (서현동)"
JDU4MTI3MSM1MSMkMiMkMCMkMDAkNDgxMTkxIzUxIyQxIyQ1IyQ2MiQyNjEyMjIjNjEjJDEjJDAjJDgz,"경기도 성남시 분당구 분당로53번길 19, 402,403일부호 (서현동, 피아자코코빌딩)"
JDU4MTI3MSM1MSMkMiMkMCMkMDAkNDgxMTkxIzUxIyQxIyQ1IyQ4MiQzNjE0ODEjNjEjJDEjJDQjJDgz,"경기도 성남시 수정구 수정로 69, 대명빌딩 3층 (태평동)"
JDU4MTI3MSM1MSMkMiMkMCMkMDAkNDgxMTkxIzQxIyQxIyQ3IyQwMyQyNjEwMDIjNTEjJDEjJDIjJDgz,"경기도 성남시 분당구 백현로101번길 17, 초림프라자 3층 309호 (수내동)"
JDU4MTI3MSM1MSMkMiMkMCMkMDAkNDgxMTkxIzUxIyQxIyQxIyQ3OSQ0NjE0ODEjODEjJDEjJDIjJDgz,"경기도 성남시 분당구 성남대로925번길 11, 유니마트 213,214일부호 (야탑동)"
JDU4MTI3MSM1MSMkMiMkMCMkMDAkNDgxMTkxIzUxIyQxIyQ1IyQ4MiQ0NjEwMDIjNjEjJDEjJDgjJDgz,"경기도 성남시 분당구 성남대로331번길 7, 정자스타빌딩 5층 503호 (정자동)"
JDQ4MTYyMiM1MSMkMSMkMCMkMTMkNDgxMzUxIzQxIyQxIyQ3IyQ3MiQyNjEyMjIjNTEjJDEjJDIjJDgz,"경기도 성남시 분당구 황새울로258번길 43, 411~416호 (수내동, 수내프라자)"
JDU4MTI3MSM1MSMkMiMkMCMkMDAkNDgxMTkxIzUxIyQxIyQ1IyQwMyQzNjEyMjIjNjEjJDEjJDgjJDgz,"경기도 성남시 분당구 야탑로81번길 10, 분당아미고타워 412,413호 (야탑동)"
JDU4MTI3MSM1MSMkMiMkMCMkMDAkNDgxMTkxIzUxIyQxIyQ1IyQwMyQ0NjE0ODEjNTEjJDEjJDIjJDgz,"경기도 성남시 분당구 판교역로 230, 201,215,216,217,217-1호 (삼평동)"
JDU4MTI3MSM1MSMkMiMkMCMkMDAkNDgxMzUxIzMxIyQxIyQ3IyQxMyQzNjE0ODEjNzEjJDEjJDgjJDgz,"경기도 성남시 분당구 돌마로 67, 401호 (금곡동, 금산젬월드)"
JDU4MTI3MSM1MSMkMiMkMCMkMDAkNDgxNzAyIzExIyQxIyQzIyQ4OSQzNjE4MzIjNDEjJDEjJDgjJDgz,"경기도 성남시 분당구 황새울로 340, 교정공제회 서현빌딩 5층 일부호 (서현동)"
JDU4MTI3MSM1MSMkMiMkMCMkMDAkNDgxNzAyIzExIyQxIyQ3IyQ4OSQyNjEwMDIjODEjJDEjJDYjJDgz,"경기도 성남시 수정구 수정로 88, 2층 202호 (수진동)"
JDU4MTI3MSM1MSMkMiMkMCMkMDAkNDgxNzAyIzExIyQxIyQ3IyQ4OSQyNjEyMjIjNzEjJDEjJDgjJDgz,"경기도 성남시 수정구 위례광장로 300, 위례중앙역 중앙타워 10층 1002호 (창곡동)"
JDU4MTI3MSM1MSMkMiMkMCMkMDAkNDgxMzUxIzUxIyQxIyQxIyQwMyQ0NjEwMDIjNTEjJDEjJDYjJDgz,"경기도 성남시 중원구 산성대로372번길 14, 1층 (금광동)"
JDU4MTI3MSM1MSMkMiMkMCMkMDAkNDgxMzUxIzUxIyQxIyQxIyQ4MiQyNjE4MzIjNDEjJDEjJDQjJDgz,"경기도 성남시 수정구 산성대로 241, 5층 (신흥동)"
JDU4MTI3MSM1MSMkMiMkMCMkMDAkNDgxNzAyIzIxIyQxIyQ1IyQ4OSQzNjE0ODEjNjEjJDEjJDgjJDgz,"경기도 성남시 분당구 대왕판교로606번길 41, 프라임스퀘어 504호 (삼평동)"
JDU4MTI3MSM1MSMkMiMkMCMkMDAkNDgxNzAyIzIxIyQyIyQ1IyQwMCQ0NjEwMDIjNDEjJDEjJDgjJDgz,"경기도 성남시 중원구 둔촌대로 84, 7층 705, 706, 707, 715호 (성남동)"
JDU4MTI3MSM1MSMkMiMkMCMkMDAkNDgxNzAyIzIxIyQxIyQ1IyQ2MiQzNjEyMjIjNjEjJDEjJDAjJDgz,"경기도 성남시 분당구 돌마로 68, 405호 (구미동, 분당프라자)"
JDU4MTI3MSM1MSMkMiMkMCMkMDAkNDgxNzAyIzIxIyQxIyQ1IyQ3MiQ0NjEwMDIjNjEjJDEjJDgjJDgz,"경기도 성남시 분당구 운중로 135, 더원스퀘어 503,504호 (운중동)"
JDU4MTI3MSM1MSMkMiMkMCMkMDAkNDgxNzAyIzIxIyQxIyQ1IyQ4MiQyNjE4MzIjNjEjJDEjJDAjJDgz,"경기도 성남시 중원구 둔촌대로 84, 601호 (성남동)"
JDU4MTI3MSM1MSMkMiMkMCMkMDAkNDgxMzUxIzUxIyQxIyQ1IyQwMyQyNjEyMjIjNTEjJDEjJDIjJDgz,"경기도 성남시 중원구 은이로5번길 1, 3층.4층 (은행동)"
JDU4MTI3MSM1MSMkMiMkMCMkMDAkNDgxNzAyIzIxIyQxIyQ5IyQ4OSQyNjEyMjIjNjEjJDEjJDgjJDgz,"경기도 성남시 수정구 산성대로 439, 3층 일부호 (단대동)"
JDU4MTI3MSM1MSMkMiMkMCMkMDAkNDgxNzAyIzMxIyQxIyQzIyQ5OSQ0NjE0ODEjODEjJDEjJDYjJDgz,"경기도 성남시 수정구 수정로 291, 상가1동 301호(일부)호 (신흥동)"
JDU4MTI3MSM1MSMkMiMkMCMkMDAkNDgxNzAyIzMxIyQxIyQzIyQ4OSQ0NjEwMDIjNDEjJDEjJDQjJDgz,"경기도 성남시 수정구 수정로 291, 상가1동 3층 302호 (신흥동)"
JDU4MTI3MSM1MSMkMiMkMCMkMDAkNDgxNzAyIzMxIyQxIyQzIyQ2MiQzNjE0ODEjNDEjJDEjJDgjJDgz,"경기도 성남시 수정구 위례광장로 300, 위례중앙역 중앙타워 8층 803호 (창곡동)"
JDU4MTI3MSM1MSMkMiMkMCMkMDAkNDgxNzAyIzMxIyQxIyQzIyQ3MiQyNjE0ODEjNjEjJDEjJDQjJDgz,"경기도 성남시 분당구 판교로255번길 9-22, 판교우림더블유시티 2층 218,223호 (삼평동)"
JDU4MTI3MSM1MSMkMiMkMCMkMDAkNDgxNzAyIzMxIyQxIyQzIyQ5OSQzNjEyMjIjNTEjJDEjJDIjJDgz,"경기도 성남시 분당구 판교역로 152, 알파돔타워 2층, 지하1층 일부호 (백현동)"
JDU4MTI3MSM1MSMkMiMkMCMkMDAkNDgxNzAyIzMxIyQxIyQzIyQ4MiQyNjEwMDIjNDEjJDEjJDgjJDgz,"경기도 성남시 수정구 수정로 174, 진영빌딩 301호 (신흥동)"
JDU4MTI3MSM1MSMkMiMkMCMkMDAkNDgxNzAyIzMxIyQxIyQzIyQ4MiQyNjE4MzIjNzEjJDEjJDgjJDgz,"경기도 성남시 분당구 성남대로 168, 미도프라자 3층 301호 (금곡동)"
JDQ4MTYyMiM1MSMkMSMkMCMkNzIkNTgxMzUxIzIxIyQxIyQ1IyQ4MiQ0NjEwMDIjNjEjJDEjJDQjJDgz,"경기도 성남시 분당구 성남대로 170, 308호 (금곡동, 한국프라자)"
JDU4MTI3MSM1MSMkMiMkMCMkMDAkNDgxOTYxIzExIyQxIyQ3IyQ4OSQzNjE0ODEjNTEjJDEjJDIjJDgz,"경기도 성남시 분당구 돌마로356번길 3, 그랜드빌딩 4층 405호 (수내동)"
JDU4MTI3MSM1MSMkMiMkMCMkMDAkNDgxNzAyIzMxIyQxIyQ3IyQ2MiQzNjEyMjIjNTEjJDEjJDYjJDgz,"경기도 성남시 중원구 성남대로 1132, 모란역 센트럴스퀘어 404~409호,413호 (성남동)"
JDU4MTI3MSM1MSMkMiMkMCMkMDAkNDgxNzAyIzMxIyQxIyQ3IyQ5MiQyNjE0ODEjNjEjJDEjJDgjJDgz,"경기도 성남시 분당구 돌마로 47, 이코노샤르망 3층 305호, 308호 (금곡동)"
JDU4MTI3MSM1MSMkMiMkMCMkMDAkNDgxNzAyIzQxIyQxIyQ3IyQ4OSQ0NjE0ODEjNjEjJDEjJDAjJDgz,"경기도 성남시 분당구 분당로53번길 20, 이랜드분당프라자 402호 (서현동)"
JDU4MTI3MSM1MSMkMiMkMCMkMDAkNDgxNzAyIzMxIyQxIyQ3IyQ5MiQyNjE4MzIjNDEjJDEjJDgjJDgz,"경기도 성남시 수정구 시민로 236, 1,2층 (태평동)"
JDU4MTI3MSM1MSMkMiMkMCMkMDAkNDgxNzAyIzQxIyQxIyQ3IyQ3MiQyNjEwMDIjNjEjJDEjJDgjJDgz,"경기도 성남시 분당구 성남대로926번길 6, 야탑 대덕프라자 606, 607호 (야탑동)"
JDU4MTI3MSM1MSMkMiMkMCMkMDAkNDgxNzAyIzQxIyQxIyQ3IyQwMyQ0NjEwMDIjNTEjJDEjJDYjJDgz,"경기도 성남시 분당구 서현로321번길 10, 2층 201호 (서현동)"
JDU4MTI3MSM1MSMkMiMkMCMkMDAkNDgxNzAyIzUxIyQxIyQxIyQ3MiQyNjEwMDIjNTEjJDEjJDIjJDgz,"경기도 성남시 중원구 성남대로1148번길 2, 소평빌딩 4층 (성남동)"
JDU4MTI3MSM1MSMkMiMkMCMkMDAkNDgxNzAyIzUxIyQxIyQxIyQ3MiQzNjE0ODEjNzEjJDEjJDgjJDgz,"경기도 성남시 분당구 돌마로 75, 미금프라자 2층 206호 (금곡동)"
JDU4MTI3MSM1MSMkMiMkMCMkMDAkNDgxNzAyIzUxIyQxIyQxIyQ5OSQzNjE4MzIjNDEjJDEjJDQjJDgz,"경기도 성남시 분당구 성남대로 349, 시그마타워 2층 일부호 (정자동)"
JDU4MTI3MSM1MSMkMiMkMCMkMDAkNDgxMzUxIzExIyQxIyQzIyQ2MiQyNjEyMjIjNjEjJDEjJDgjJDgz,"경기도 성남시 중원구 성남대로 1146, 5층 (성남동, 구정빌딩)"
JDU4MTI3MSM1MSMkMiMkMCMkMDAkNDgxMzUxIzMxIyQxIyQ3IyQ4MiQ0NjE0ODEjODEjJDEjJDIjJDgz,"경기도 성남시 분당구 백현로 105, 로얄팰리스 하우스빌 2층 214호, 215호, 216호 (수내동)"
JDU4MTI3MSM1MSMkMiMkMCMkMDAkNDgxMzUxIzMxIyQxIyQ3IyQ3MiQyNjEwMDIjNTEjJDEjJDYjJDgz,"경기도 성남시 분당구 대왕판교로606번길 41, 프라임스퀘어 6층 601호 (삼평동)"
JDU4MTI3MSM1MSMkMiMkMCMkMDAkNDgxMzUxIzQxIyQxIyQ3IyQ4OSQzNjEyMjIjNDEjJDEjJDgjJDgz,"경기도 성남시 분당구 성남대로 912, 203~205호 (야탑동, 분당BYC빌딩)"
JDU4MTI3MSM1MSMkMiMkMCMkMDAkNDgxMzUxIzQxIyQxIyQ3IyQ5OSQzNjE0ODEjNTEjJDEjJDIjJDgz,"경기도 성남시 분당구 성남대로926번길 6, 6층 602호 (야탑동, 대덕프라자)"
JDU4MTI3MSM1MSMkMiMkMCMkMDAkNDgxMzUxIzQxIyQxIyQ3IyQwMyQyNjE0ODEjNTEjJDEjJDYjJDgz,"경기도 성남시 중원구 산성대로 526, 가동 2층 1호 (은행동)"
JDU4MTI3MSM1MSMkMiMkMCMkMDAkNDgxMzUxIzQxIyQxIyQ3IyQxMyQ0NjE0ODEjNjEjJDEjJDgjJDgz,"경기도 성남시 수정구 산성대로 241, 비와이씨 6층 (신흥동)"
JDU4MTI3MSM1MSMkMiMkMCMkMDAkNDgxMzUxIzUxIyQxIyQ1IyQ5OSQyNjE0ODEjNTEjJDEjJDIjJDgz,"경기도 성남시 중원구 광명로 5, 3층 (성남동)"
JDU4MTI3MSM1MSMkMiMkMCMkMDAkNDgxMzUxIzUxIyQxIyQ1IyQ4OSQyNjE4MzIjNDEjJDEjJDQjJDgz,"경기도 성남시 분당구 판교로 375, 201호,202호,203호 (삼평동, 에메트타운)"
JDU4MTI3MSM1MSMkMiMkMCMkMDAkNDgxOTYxIzExIyQxIyQzIyQ4MiQyNjE4MzIjNjEjJDEjJDAjJDgz,"경기도 성남시 수정구 수정로 205, 3층 (태평동)"
JDU4MTI3MSM1MSMkMiMkMCMkMDAkNDgxOTYxIzIxIyQxIyQxIyQ5OSQyNjEyMjIjNDEjJDEjJDQjJDgz,"경기도 성남시 분당구 백현로 97, 304호 (수내동, 수내동 다운타운)"
JDU4MTI3MSM1MSMkMiMkMCMkMDAkNDgxOTYxIzIxIyQyIyQxIyQwMCQyNjEwMDIjODEjJDEjJDYjJDgz,"경기도 성남시 수정구 위례동로 147, 5층 505호 (창곡동, 위례건아타워)"
JDU4MTI3MSM1MSMkMiMkMCMkMDAkNDgxOTYxIzIxIyQxIyQxIyQ5MiQyNjE0ODEjNDEjJDEjJDQjJDgz,"경기도 성남시 수정구 수정로 208, 메드위즈 9층 (신흥동)"
JDU4MTI3MSM1MSMkMiMkMCMkMDAkNDgxOTYxIzIxIyQxIyQxIyQ5MiQyNjEyMjIjNjEjJDEjJDgjJDgz,"경기도 성남시 분당구 대왕판교로 155, 지 1-2호 (금곡동)"
JDU4MTI3MSM1MSMkMiMkMCMkMDAkNDgxOTYxIzIxIyQxIyQxIyQxMyQ0NjE0ODEjNDEjJDEjJDQjJDgz,"경기도 성남시 분당구 성남대로 926, 701호 (야탑동, 분당메트로)"
JDU4MTI3MSM1MSMkMiMkMCMkMDAkNDgxMTkxIzIxIyQyIyQxIyQwMCQ0NjEwMDIjNDEjJDEjJDQjJDgz,"경기도 성남시 수정구 위례서일로 34, 5층 504호 (창곡동, 우남역성희프라자)"
JDQ4MTYyMiM1MSMkMSMkMCMkODkkMzgxMzUxIzExIyQxIyQ3IyQ3OSQzNjE0ODEjNjEjJDEjJDgjJDgz,"경기도 성남시 수정구 수정로 76, 지하3~10층 (수진동)"
JDU4MTI3MSM1MSMkMiMkMCMkMDAkNDgxNzAyIzExIyQxIyQzIyQ3MiQyNjEyMjIjNDEjJDEjJDQjJDgz,"경기도 성남시 수정구 위례동로 147, 위례건아타워 11층 1103호,1104호 (창곡동)"
JDU4MTI3MSM1MSMkMiMkMCMkMDAkNDgxMTkxIzMxIyQxIyQzIyQ5MiQzNjEyMjIjNTEjJDEjJDYjJDgz,"경기도 성남시 분당구 판교역로 152, 알파돔타워 3층 303호, 304호 (백현동)"
JDU4MTI3MSM1MSMkMiMkMCMkMDAkNDgxMTkxIzMxIyQxIyQzIyQwMyQzNjEwMDIjNTEjJDEjJDIjJDgz,"경기도 성남시 분당구 정자일로 95, 5층 일부호 (정자동)"
JDU4MTI3MSM1MSMkMiMkMCMkMDAkNDgxMTkxIzMxIyQxIyQzIyQxMyQzNjEwMDIjNDEjJDEjJDQjJDgz,"경기도 성남시 분당구 판교로 374, 스타식스코아2 2층 (삼평동)"
JDU4MTI3MSM1MSMkMiMkMCMkMDAkNDgxMTkxIzMxIyQxIyQzIyQxMyQzNjE4MzIjNjEjJDEjJDgjJDgz,"경기도 성남시 중원구 금상로 82, 2층 (상대원동)"
JDU4MTI3MSM1MSMkMiMkMCMkMDAkNDgxMTkxIzMxIyQxIyQ3IyQ3OSQzNjEyMjIjODEjJDEjJDYjJDgz,"경기도 성남시 분당구 대왕판교로 660, 유스페이스1 311,312호 (삼평동)"
JDU4MTI3MSM1MSMkMiMkMCMkMDAkNDgxMTkxIzMxIyQxIyQ3IyQ3OSQzNjE4MzIjNzEjJDEjJDgjJDgz,"경기도 성남시 분당구 성남대로331번길 3-3, 젤존타워III 6층 604호 (정자동)"
JDU4MTI3MSM1MSMkMiMkMCMkMDAkNDgxMTkxIzMxIyQxIyQ3IyQ4OSQyNjE0ODEjNzEjJDEjJDgjJDgz,"경기도 성남시 중원구 성남대로 1144, 3층 (성남동)"
JDU4MTI3MSM1MSMkMiMkMCMkMDAkNDgxMTkxIzMxIyQxIyQ3IyQ5OSQyNjEwMDIjNTEjJDEjJDIjJDgz,"경기도 성남시 분당구 성남대로779번길 26, 서안빌딩 4~5층 (이매동)"
JDU4MTI3MSM1MSMkMiMkMCMkMDAkNDgxMTkxIzMxIyQxIyQ3IyQ5OSQzNjE0ODEjNzEjJDEjJDgjJDgz,"경기도 성남시 분당구 대왕판교로606번길 41, 프라임스퀘어 3층 301~304호 (삼평동)"
JDU4MTI3MSM1MSMkMiMkMCMkMDAkNDgxMTkxIzMxIyQxIyQ3IyQ2MiQzNjEyMjIjODEjJDEjJDIjJDgz,"경기도 성남시 분당구 백현로101번길 24, 301,402호 (수내동, 미도프라자2)"
JDU4MTI3MSM1MSMkMiMkMCMkMDAkNDgxMTkxIzMxIyQxIyQ3IyQwMyQyNjE4MzIjNTEjJDEjJDIjJDgz,"경기도 성남시 중원구 산성대로 352, 6층 (중앙동)"
JDU4MTI3MSM1MSMkMiMkMCMkMDAkNDgxMTkxIzQxIyQyIyQ3IyQwMCQzNjE0ODEjNDEjJDEjJDgjJDgz,"경기도 성남시 분당구 분당내곡로 117, 알파돔타워Ⅳ 3층 306호 (백현동)"
JDU4MTI3MSM1MSMkMiMkMCMkMDAkNDgxMTkxIzUxIyQxIyQxIyQ3OSQzNjE0ODEjNjEjJDEjJDQjJDgz,"경기도 성남시 수정구 산성대로 247, 10층 (신흥동)"
JDU4MTI3MSM1MSMkMiMkMCMkMDAkNDgxMzUxIzExIyQxIyQzIyQ2MiQzNjEyMjIjODEjJDEjJDYjJDgz,"경기도 성남시 수정구 남문로 110, 2층 (태평동, 영성빌딩)"
JDU4MTI3MSM1MSMkMiMkMCMkMDAkNDgxMTkxIzUxIyQxIyQ1IyQ3OSQzNjEwMDIjNDEjJDEjJDQjJDgz,"경기도 성남시 수정구 산성대로 267, 신흥역 시네마타워 5층 518,519호 (신흥동)"
JDU4MTI3MSM1MSMkMiMkMCMkMDAkMzgxOTYxIzExIyQyIyQ3IyQwMCQzNjEwMDIjNTEjJDEjJDYjJDgz,"경기도 성남시 수정구 산성대로 237-1, (신흥동)"
JDU4MTI3MSM1MSMkMiMkMCMkMDAkNDgxNzAyIzIxIyQxIyQ1IyQxMyQyNjE4MzIjNjEjJDEjJDgjJDgz,"경기도 성남시 분당구 황새울로342번길 15, 801호 (서현동, 은성빌딩)"
JDU4MTI3MSM1MSMkMiMkMCMkMDAkNDgxNzAyIzIxIyQxIyQ1IyQ3OSQyNjEyMjIjNTEjJDEjJDIjJDgz,"경기도 성남시 분당구 판교역로146번길 20, 10층 (백현동, 현대백화점)"
JDU4MTI3MSM1MSMkMiMkMCMkMDAkMzgxOTYxIzExIyQxIyQ3IyQ2MiQyNjE4MzIjNjEjJDEjJDAjJDgz,"경기도 성남시 분당구 황새울로351번길 10, 여암빌딩 2층 (서현동)"
JDU4MTI3MSM1MSMkMiMkMCMkMDAkNDgxNzAyIzIxIyQxIyQ5IyQ3OSQzNjE0ODEjNjEjJDEjJDQjJDgz,"경기도 성남시 수정구 산성대로 259, 3층 일부호 (신흥동)"
JDU4MTI3MSM1MSMkMiMkMCMkMDAkNDgxMTkxIzUxIyQxIyQ1IyQ5OSQzNjE0ODEjNjEjJDEjJDgjJDgz,"경기도 성남시 분당구 판교역로 231, 에이치스퀘어 에스동 127호 (삼평동)"
JDU4MTI3MSM1MSMkMiMkMCMkMDAkNDgxMTkxIzUxIyQxIyQ1IyQ5MiQzNjEwMDIjNDEjJDEjJDgjJDgz,"경기도 성남시 수정구 수정로 69, 대명빌딩 6층 (태평동)"
JDU4MTI3MSM1MSMkMiMkMCMkMDAkNDgxNzAyIzExIyQxIyQzIyQ5MiQzNjEyMjIjNzEjJDEjJDgjJDgz,"경기도 성남시 수정구 위례광장로 300, 창곡동 509번지 509,601,613~617,620호 (창곡동)"
JDU4MTI3MSM1MSMkMiMkMCMkMDAkMzgxOTYxIzMxIyQxIyQzIyQ4MiQyNjE4MzIjNjEjJDEjJDAjJDgz,"경기도 성남시 분당구 분당로 43, 2층 일부호 (서현동, 나우빌딩)"
JDU4MTI3MSM1MSMkMiMkMCMkMDAkMzgxOTYxIzMxIyQxIyQzIyQ5MiQyNjEyMjIjNTEjJDEjJDYjJDgz,"경기도 성남시 수정구 공원로 322, 211호 (신흥동, 신동아파라디움)"
JDU4MTI3MSM1MSMkMiMkMCMkMDAkNDgxNzAyIzMxIyQxIyQ3IyQ3MiQzNjE4MzIjODEjJDEjJDYjJDgz,"경기도 성남시 수정구 청계산로 689, 3층 302호 (고등동)"
JDU4MTI3MSM1MSMkMiMkMCMkMDAkMzgxOTYxIzUxIyQxIyQxIyQ4OSQzNjE0ODEjNjEjJDEjJDQjJDgz,"경기도 성남시 분당구 성남대로926번길 6, 515,516호 (야탑동, 대덕프라자)"
JDU4MTI3MSM1MSMkMiMkMCMkMDAkNDgxNzAyIzQxIyQxIyQ3IyQ3OSQzNjEyMjIjNDEjJDEjJDgjJDgz,"경기도 성남시 수정구 산성대로 267, 401~405,432~435호 (신흥동)"
JDU4MTI3MSM1MSMkMiMkMCMkMDAkMzgxOTYxIzUxIyQxIyQ1IyQxMyQzNjE4MzIjNjEjJDEjJDAjJDgz,"경기도 성남시 분당구 황새울로342번길 23, 5층 2-1호 (서현동, 기영프라자)"
JDU4MTI3MSM1MSMkMiMkMCMkMDAkNDgxNzAyIzExIyQxIyQzIyQ5OSQyNjE4MzIjNjEjJDEjJDgjJDgz,"경기도 성남시 분당구 성남대로 32, 보명프라자 3층 301호, 302호, 303호 (구미동)"
JDU4MTI3MSM1MSMkMiMkMCMkMDAkNDgxNzAyIzExIyQyIyQzIyQwMCQyNjE4MzIjNTEjJDEjJDYjJDgz,"경기도 성남시 분당구 성남대로 349, 403호 (정자동, 시그마타워)"
JDU4MTI3MSM1MSMkMiMkMCMkMDAkMzgxMTkxIzExIyQxIyQzIyQ4MiQyNjEwMDIjNDEjJDEjJDgjJDgz,"경기도 성남시 분당구 대왕판교로606번길 58, 2-18호 2-19B호 (삼평동, 판교푸르지오월드마크)"
JDU4MTI3MSM1MSMkMiMkMCMkMDAkMzgxMTkxIzExIyQxIyQ3IyQ4OSQyNjEyMjIjNDEjJDEjJDQjJDgz,"경기도 성남시 분당구 정자일로 227, 501~502호 601호 (정자동, 백궁지엔느)"
JDU4MTI3MSM1MSMkMiMkMCMkMDAkMzgxMTkxIzExIyQxIyQ3IyQ5MiQ0NjEwMDIjNDEjJDEjJDgjJDgz,"경기도 성남시 수정구 수정로 141-1, 7층 (태평동)"
JDU4MTI3MSM1MSMkMiMkMCMkMDAkNDgxNzAyIzIxIyQxIyQxIyQ4MiQzNjE4MzIjNDEjJDEjJDgjJDgz,"경기도 성남시 수정구 수정로 174, 진영빌딩 2층 (신흥동)"
JDU4MTI3MSM1MSMkMiMkMCMkMDAkNDgxNzAyIzIxIyQxIyQ1IyQ4MiQ0NjE0ODEjNjEjJDEjJDQjJDgz,"경기도 성남시 중원구 광명로 299, 행림빌딩 2층 (금광동)"
JDU4MTI3MSM1MSMkMiMkMCMkMDAkNDgxNzAyIzUxIyQxIyQxIyQ2MiQyNjE0ODEjNzEjJDEjJDgjJDgz,"경기도 성남시 분당구 운중로 237, 2층 (판교동)"
JDQ4MTYyMiM1MSMkMSMkMCMkMTMkNDgxMzUxIzExIyQxIyQ3IyQ3OSQyNjE0ODEjNDEjJDEjJDgjJDgz,"경기도 성남시 중원구 산성대로 360, 3층 (중앙동)"
JDU4MTI3MSM1MSMkMiMkMCMkMDAkNDgxNzAyIzUxIyQxIyQxIyQ5OSQ0NjE0ODEjODEjJDEjJDIjJDgz,"경기도 성남시 분당구 운중로 118, 스타타워 302호 (운중동)"
JDU4MTI3MSM1MSMkMiMkMCMkMDAkMzgxMTkxIzMxIyQxIyQ3IyQ5MiQzNjE0ODEjNDEjJDEjJDgjJDgz,"경기도 성남시 분당구 백현로101번길 12, 302호 (수내동, 세인프라자)"
JDU4MTI3MSM1MSMkMiMkMCMkMDAkNDgxNzAyIzIxIyQyIyQ5IyQwMCQzNjEyMjIjNTEjJDEjJDYjJDgz,"경기도 성남시 수정구 산성대로 247, 4층 (신흥동)"
JDU4MTI3MSM1MSMkMiMkMCMkMDAkNDgxNzAyIzIxIyQxIyQ5IyQ2MiQyNjEwMDIjNDEjJDEjJDQjJDgz,"경기도 성남시 분당구 서현로210번길 17, 광림플라자 4층 401~402호 (서현동)"
JDU4MTI3MSM1MSMkMiMkMCMkMDAkNDgxNzAyIzIxIyQxIyQ5IyQ2MiQzNjE0ODEjNjEjJDEjJDAjJDgz,"경기도 성남시 분당구 정자일로 121, 제상가동 2층 제에이치-07호 (정자동, 더샵스타파크)"
JDU4MTI3MSM1MSMkMiMkMCMkMDAkNDgxNzAyIzIxIyQxIyQ5IyQ5OSQyNjE4MzIjNDEjJDEjJDgjJDgz,"경기도 성남시 분당구 성남대로 165, 천사의도시1 오피스텔 2층 230호 및 231-1호 (금곡동)"
JDU4MTI3MSM1MSMkMiMkMCMkMDAkNDgxNzAyIzIxIyQxIyQ5IyQ3MiQyNjEwMDIjNzEjJDEjJDgjJDgz,"경기도 성남시 분당구 성남대로779번길 26, 서안빌딩 2,3층 (이매동)"
JDU4MTI3MSM1MSMkMiMkMCMkMDAkNDgxNzAyIzUxIyQxIyQxIyQ5MiQyNjE4MzIjNTEjJDEjJDYjJDgz,"경기도 성남시 중원구 성남대로1148번길 2, 소평빌딩 4층 일부호 (성남동)"
JDU4MTI3MSM1MSMkMiMkMCMkMDAkMzgxMTkxIzUxIyQxIyQ1IyQ5MiQzNjEyMjIjNzEjJDEjJDgjJDgz,"경기도 성남시 수정구 수정로 141-1, 8층 (태평동)"
JDU4MTI3MSM1MSMkMiMkMCMkMDAkNDgxNzAyIzIxIyQxIyQ5IyQ4MiQyNjEyMjIjNTEjJDEjJDIjJDgz,"경기도 성남시 수정구 산성대로 267, 5층 525호~529호 (신흥동)"
JDU4MTI3MSM1MSMkMiMkMCMkMDAkMzgxNzAyIzIxIyQxIyQxIyQwMyQzNjEyMjIjNjEjJDEjJDQjJDgz,"경기도 성남시 분당구 분당내곡로 131, 2층 일부(17)호 (백현동)"
JDU4MTI3MSM1MSMkMiMkMCMkMDAkNDgxNzAyIzUxIyQyIyQ1IyQwMCQyNjE0ODEjNjEjJDEjJDgjJDgz,"경기도 성남시 분당구 백현로101번길 22, 3층 (수내동, 성남농협)"
JDU4MTI3MSM1MSMkMiMkMCMkMDAkNDgxNzAyIzMxIyQxIyQ3IyQ3OSQzNjEwMDIjNjEjJDEjJDgjJDgz,"경기도 성남시 중원구 양현로 409, 어반스퀘어 7층 701~706호 (여수동)"
JDU4MTI3MSM1MSMkMiMkMCMkMDAkNDgxNzAyIzMxIyQxIyQ3IyQ3OSQzNjE0ODEjODEjJDEjJDIjJDgz,"경기도 성남시 수정구 제일로 157, 2층 (수진동)"
JDU4MTI3MSM1MSMkMiMkMCMkMDAkNDgxNzAyIzMxIyQxIyQ3IyQ4OSQyNjE0ODEjNTEjJDEjJDIjJDgz,"경기도 성남시 중원구 둔촌대로 84, 404,405,406호 (성남동)"
JDU4MTI3MSM1MSMkMiMkMCMkMDAkMzgxNzAyIzIxIyQxIyQ5IyQ5OSQyNjEwMDIjNTEjJDEjJDYjJDgz,"경기도 성남시 분당구 서현로 204, 302호 (서현동, 엘지분당에클라트2차)"
JDU4MTI3MSM1MSMkMiMkMCMkMDAkNDgxNzAyIzQxIyQxIyQ3IyQ4OSQzNjEwMDIjNDEjJDEjJDQjJDgz,"경기도 성남시 분당구 성남대로331번길 3-3, 젤존타워III 505, 506, 507호 (정자동)"
JDU4MTI3MSM1MSMkMiMkMCMkMDAkNDgxNzAyIzQxIyQxIyQ3IyQ3MiQyNjE0ODEjODEjJDEjJDIjJDgz,"경기도 성남시 분당구 운중로 142, 판교메디칼타워 402, 403호 (운중동)"
JDU4MTI3MSM1MSMkMiMkMCMkMDAkNTgxMzUxIzExIyQxIyQ3IyQ5OSQ0NjE0ODEjODEjJDEjJDYjJDgz,"경기도 성남시 중원구 산성대로 380, 5층 (금광동)"
JDU4MTI3MSM1MSMkMiMkMCMkMDAkNDgxNzAyIzQxIyQxIyQ3IyQ4MiQzNjE0ODEjODEjJDEjJDIjJDgz,"경기도 성남시 분당구 판교역로 184, 1002호 (삼평동)"
JDU4MTI3MSM1MSMkMiMkMCMkMDAkNDgxNzAyIzQxIyQxIyQ3IyQ4MiQzNjEwMDIjNjEjJDEjJDgjJDgz,"경기도 성남시 분당구 불정로376번길 7, 건일빌딩 201호 (서현동)"
JDU4MTI3MSM1MSMkMiMkMCMkMDAkMzgxNzAyIzUxIyQxIyQ1IyQ4MiQyNjEwMDIjNjEjJDEjJDAjJDgz,"경기도 성남시 분당구 장미로 78, 210호 (야탑동, 시그마3)"
JDU4MTI3MSM1MSMkMiMkMCMkMDAkNTgxMzUxIzExIyQxIyQ3IyQ5OSQzNjE0ODEjNjEjJDEjJDgjJDgz,"경기도 성남시 중원구 광명로 5, 6층 (성남동, 성남동메디칼센타)"
JDU4MTI3MSM1MSMkMiMkMCMkMDAkNDgxNzAyIzUxIyQyIyQxIyQwMCQzNjE0ODEjNTEjJDEjJDIjJDgz,"경기도 성남시 분당구 판교역로 235, 에이치스퀘어 엔동 N동 203호 (삼평동)"
JDU4MTI3MSM1MSMkMiMkMCMkMDAkNDgxMzUxIzExIyQxIyQzIyQ5MiQyNjE4MzIjNjEjJDEjJDgjJDgz,"경기도 성남시 분당구 서현로 204, 402,403호 (서현동, 엘지에클라트2)"
JDU4MTI3MSM1MSMkMiMkMCMkMDAkNTgxMzUxIzIxIyQxIyQxIyQwMyQzNjE0ODEjNjEjJDEjJDgjJDgz,"경기도 성남시 중원구 산성대로 352, 4층 (중앙동)"
JDU4MTI3MSM1MSMkMiMkMCMkMDAkNDgxNzAyIzMxIyQxIyQ3IyQ4MiQyNjE4MzIjNTEjJDEjJDYjJDgz,"경기도 성남시 분당구 정자일로 100, 2층 206, 207호 (정자동, 미켈란쉐르빌)"
JDU4MTI3MSM1MSMkMiMkMCMkMDAkNDgxNzAyIzUxIyQxIyQxIyQ2MiQzNjEyMjIjNjEjJDEjJDgjJDgz,"경기도 성남시 중원구 양현로 409, 어반스퀘어 6층 603호 일부604~606호 (여수동)"
JDU4MTI3MSM1MSMkMiMkMCMkMDAkNDgxNzAyIzUxIyQxIyQxIyQ4MiQzNjEyMjIjNDEjJDEjJDgjJDgz,"경기도 성남시 분당구 황새울로335번길 5, 203호 (서현동)"
JDU4MTI3MSM1MSMkMiMkMCMkMDAkNDgxMzUxIzIxIyQxIyQxIyQ5OSQzNjE4MzIjNjEjJDEjJDQjJDgz,"경기도 성남시 분당구 성남대로 32, 보명프라자 202~204호, 702호, 703호 (구미동)"
JDU4MTI3MSM1MSMkMiMkMCMkMDAkNDgxNzAyIzUxIyQxIyQ1IyQ4OSQzNjE4MzIjODEjJDEjJDYjJDgz,"경기도 성남시 분당구 돌마로 482, 주영빌딩 4층 (서현동)"
JDU4MTI3MSM1MSMkMiMkMCMkMDAkNDgxMzUxIzIxIyQxIyQ1IyQ5MiQyNjEyMjIjNzEjJDEjJDgjJDgz,"경기도 성남시 분당구 성남대로343번길 12-2, 5층 (정자동)"
JDU4MTI3MSM1MSMkMiMkMCMkMDAkNTgxMzUxIzIxIyQxIyQ1IyQwMyQyNjEyMjIjNjEjJDEjJDgjJDgz,"경기도 성남시 분당구 분당내곡로 131, 지하 1층 일부호 (백현동)"
JDU4MTI3MSM1MSMkMiMkMCMkMDAkNDgxNzAyIzUxIyQxIyQ1IyQ4MiQyNjEwMDIjNjEjJDEjJDgjJDgz,"경기도 성남시 수정구 위례동로 153, 에이플타워 5층 509호 (창곡동)"
JDU4MTI3MSM1MSMkMiMkMCMkMDAkNDgxMzUxIzMxIyQxIyQ3IyQ5OSQzNjEwMDIjNjEjJDEjJDAjJDgz,"경기도 성남시 중원구 양현로 469, 3층 302호 (여수동)"
JDU4MTI3MSM1MSMkMiMkMCMkMDAkNTgxMzUxIzExIyQyIyQzIyQwMCQyNjEyMjIjNDEjJDEjJDgjJDgz,"경기도 성남시 분당구 내정로 170, 동신파크빌딩 4층 1호, 2호, 3호 (수내동)"
JDU4MTI3MSM1MSMkMiMkMCMkMDAkNDgxNzAyIzUxIyQxIyQ1IyQ5MiQzNjE4MzIjNTEjJDEjJDIjJDgz,"경기도 성남시 중원구 양현로 409, 어반스퀘어 501~506호 (여수동)"
JDU4MTI3MSM1MSMkMiMkMCMkMDAkNDgxNzAyIzUxIyQxIyQ1IyQwMyQzNjEyMjIjNDEjJDEjJDgjJDgz,"경기도 성남시 중원구 성남대로 1132, 모란역 센트럴스퀘어 401~403호 (성남동)"
JDU4MTI3MSM1MSMkMiMkMCMkMDAkNDgxMzUxIzQxIyQxIyQ3IyQ5OSQzNjEyMjIjODEjJDEjJDYjJDgz,"경기도 성남시 분당구 돌마로366번길 42, 303-A2호 (수내동, 동한프라자)"
JDU4MTI3MSM1MSMkMiMkMCMkMDAkNTgxMzUxIzIxIyQxIyQ5IyQ4MiQzNjE4MzIjODEjJDEjJDYjJDgz,"경기도 성남시 수정구 산성대로 267, 223-230호 (신흥동)"
JDU4MTI3MSM1MSMkMiMkMCMkMDAkNTgxMzUxIzExIyQxIyQzIyQ5MiQ0NjE0ODEjODEjJDEjJDYjJDgz,"경기도 성남시 수정구 수정로 208, 302,303호 (신흥동, 메드위즈)"
JDU4MTI3MSM1MSMkMiMkMCMkMDAkNTgxMzUxIzExIyQxIyQzIyQwMyQzNjE0ODEjNTEjJDEjJDYjJDgz,"경기도 성남시 분당구 정자로 88, 성심빌딩 2층 일부호 (정자동)"
JDU4MTI3MSM1MSMkMiMkMCMkMDAkNTgxMzUxIzExIyQxIyQ3IyQ3OSQyNjEwMDIjNzEjJDEjJDgjJDgz,"경기도 성남시 수정구 위례광장로 300, 창곡동 509번지 8층 814,815호 (창곡동)"
JDU4MTI3MSM1MSMkMiMkMCMkMDAkNDgxNzAyIzIxIyQyIyQxIyQwMCQzNjE4MzIjODEjJDEjJDYjJDgz,"경기도 성남시 분당구 야탑로81번길 10, 분당아미고타워 410호 (야탑동)"
JDU4MTI3MSM1MSMkMiMkMCMkMDAkNTgxMzUxIzExIyQxIyQ3IyQ3MiQ0NjEwMDIjODEjJDEjJDYjJDgz,"경기도 성남시 분당구 분당내곡로 131, 2층 일부(15-1)호 (백현동)"
JDU4MTI3MSM1MSMkMiMkMCMkMDAkNDgxOTYxIzExIyQxIyQzIyQ3OSQzNjEyMjIjNjEjJDEjJDQjJDgz,"경기도 성남시 분당구 미금로 39, 204호 (구미동, 로얄프라자)"
JDU4MTI3MSM1MSMkMiMkMCMkMDAkNTgxMzUxIzExIyQxIyQ3IyQ2MiQzNjEwMDIjODEjJDEjJDYjJDgz,"경기도 성남시 분당구 서현로210번길 2, 5층 일부호 (서현동, 성지하이츠텔)"
JDU4MTI3MSM1MSMkMiMkMCMkMDAkNTgxMzUxIzExIyQxIyQ3IyQ3MiQyNjE4MzIjNDEjJDEjJDQjJDgz,"경기도 성남시 분당구 판교대장로 84, 펠리씨티-1 3층 303호 (대장동)"
JDU4MTI3MSM1MSMkMiMkMCMkMDAkNDgxNzAyIzIxIyQxIyQxIyQ4MiQzNjE0ODEjNjEjJDEjJDgjJDgz,"경기도 성남시 분당구 성남대로331번길 3-3, 젤존타워III 801,802,806호 (정자동)"
JDU4MTI3MSM1MSMkMiMkMCMkMDAkNDgxOTYxIzExIyQxIyQ3IyQ3OSQ0NjE0ODEjODEjJDEjJDIjJDgz,"경기도 성남시 분당구 서현로210번길 20, 4층 403-2호 (서현동, 코코프라자)"
JDU4MTI3MSM1MSMkMiMkMCMkMDAkNTgxMzUxIzIxIyQxIyQxIyQ3OSQzNjEwMDIjNjEjJDEjJDgjJDgz,"경기도 성남시 중원구 산성대로372번길 13, 2층 (금광동)"
JDU4MTI3MSM1MSMkMiMkMCMkMDAkNDgxOTYxIzExIyQxIyQ3IyQ2MiQyNjE0ODEjNDEjJDEjJDgjJDgz,"경기도 성남시 수정구 수정로 116, 2층 (수진동)"
JDU4MTI3MSM1MSMkMiMkMCMkMDAkNTgxMzUxIzIxIyQxIyQxIyQ5OSQyNjE4MzIjNjEjJDEjJDAjJDgz,"경기도 성남시 분당구 구미로173번길 47, 서울시니어스분당타워 비101, 비102호 (구미동)"
JDU4MTI3MSM1MSMkMiMkMCMkMDAkNTgxMzUxIzIxIyQxIyQxIyQ4MiQzNjE0ODEjNDEjJDEjJDgjJDgz,"경기도 성남시 분당구 판교대장로 84, 펠리씨티-1 지상3층 301호, 305호, 306호 (대장동)"
JDU4MTI3MSM1MSMkMiMkMCMkMDAkNTgxMzUxIzIxIyQxIyQxIyQ4MiQzNjEyMjIjODEjJDEjJDIjJDgz,"경기도 성남시 중원구 성남대로 1129, 하나빌딩 4층5층 일부호 (성남동)"
JDU4MTI3MSM1MSMkMiMkMCMkMDAkNTgxMzUxIzMxIyQyIyQ3IyQwMCQzNjE4MzIjNDEjJDEjJDQjJDgz,"경기도 성남시 중원구 성남대로 1126, 메가프라자 2층 204호 (성남동)"
JDU4MTI3MSM1MSMkMiMkMCMkMDAkNDgxNzAyIzIxIyQxIyQ1IyQ2MiQyNjE0ODEjNjEjJDEjJDQjJDgz,"경기도 성남시 분당구 미금로 43, 4층 (구미동)"
JDU4MTI3MSM1MSMkMiMkMCMkMDAkNTgxMzUxIzIxIyQxIyQxIyQ5MiQ0NjE0ODEjNDEjJDEjJDgjJDgz,"경기도 성남시 분당구 성남대로 151, 분당엠코헤리츠 208,209호 (구미동)"
JDU4MTI3MSM1MSMkMiMkMCMkMDAkNTgxMzUxIzIxIyQxIyQ1IyQ3MiQzNjEwMDIjODEjJDEjJDYjJDgz,"경기도 성남시 분당구 성남대로 349, 시그마타워 3층 (정자동)"
JDU4MTI3MSM1MSMkMiMkMCMkMDAkNTgxMzUxIzIxIyQxIyQ1IyQ3MiQzNjE4MzIjNjEjJDEjJDQjJDgz,"경기도 성남시 수정구 창업로 17, E동 201호 (시흥동)"
JDU4MTI3MSM1MSMkMiMkMCMkMDAkNDgxNzAyIzMxIyQxIyQzIyQ4MiQyNjE0ODEjNTEjJDEjJDIjJDgz,"경기도 성남시 수정구 위례광장로 310, 우성트램타워 A동 501,502호 (창곡동)"
JDU4MTI3MSM1MSMkMiMkMCMkMDAkNTgxMzUxIzIxIyQxIyQ5IyQ3OSQzNjE4MzIjNjEjJDEjJDQjJDgz,"경기도 성남시 분당구 분당내곡로 131, 판교테크원 2층 일부호 (백현동)"
JDU4MTI3MSM1MSMkMiMkMCMkMDAkNTgxMzUxIzIxIyQxIyQ5IyQ4OSQzNjE4MzIjNTEjJDEjJDIjJDgz,"경기도 성남시 분당구 동판교로 61, 302호 (백현동, 자유퍼스트프라자2)"
JDU4MTI3MSM1MSMkMiMkMCMkMDAkNTgxMzUxIzIxIyQxIyQ1IyQ3MiQyNjEyMjIjNjEjJDEjJDAjJDgz,"경기도 성남시 수정구 수정로 69, 대명빌딩 2,4층 (태평동)"
JDU4MTI3MSM1MSMkMiMkMCMkMDAkNTgxMzUxIzMxIyQxIyQ3IyQwMyQyNjE4MzIjNTEjJDEjJDYjJDgz,"경기도 성남시 분당구 정자일로 1, 코오롱트리폴리스1 2층 223,224호 (금곡동)"
JDU4MTI3MSM1MSMkMiMkMCMkMDAkNTgxMzUxIzQxIyQxIyQ3IyQ3OSQzNjE4MzIjNjEjJDEjJDAjJDgz,"경기도 성남시 수정구 산성대로 531, 6,7층 (양지동)"
JDU4MTI3MSM1MSMkMiMkMCMkMDAkNTgxMzUxIzMxIyQxIyQ3IyQwMyQyNjEyMjIjNjEjJDEjJDQjJDgz,"경기도 성남시 수정구 위례광장로 104, 위례 한화 오벨리스크 센트럴스퀘어 2259,2260,2261호 (창곡동)"
JDU4MTI3MSM1MSMkMSMkMCMkNzIkMzgxMzUxIzExIyQxIyQzIyQ5MiQyNjEwMDIjNzEjJDEjJDgjJDgz,"경기도 성남시 중원구 광명로 333, 서광빌딩 4층 (금광동)"
JDU4MTI3MSM1MSMkMiMkMCMkMDAkNTgxMzUxIzIxIyQxIyQ5IyQ3MiQzNjEyMjIjNTEjJDEjJDYjJDgz,"경기도 성남시 수정구 창업로 17, F동 304호 (시흥동)"
JDU4MTI3MSM1MSMkMiMkMCMkMDAkNTgxMzUxIzIxIyQxIyQ5IyQ4MiQ0NjEwMDIjNjEjJDEjJDQjJDgz,"경기도 성남시 분당구 판교대장로6길 10, 305~308호 (대장동)"
JDU4MTI3MSM1MSMkMiMkMCMkMDAkNTgxMzUxIzIxIyQxIyQ5IyQxMyQzNjEwMDIjNjEjJDEjJDAjJDgz,"경기도 성남시 분당구 운중로 142, 판교메디칼타워 502, 503호 (운중동)"
JDU4MTI3MSM1MSMkMiMkMCMkMDAkNDgxOTYxIzMxIyQxIyQ3IyQ4MiQyNjEwMDIjNjEjJDEjJDgjJDgz,"경기도 성남시 분당구 내정로17번길 2, 4011호 (정자동, 한솔프라자)"
JDU4MTI3MSM1MSMkMiMkMCMkMDAkNDgxNzAyIzMxIyQxIyQ3IyQxMyQzNjEwMDIjNDEjJDEjJDgjJDgz,"경기도 성남시 분당구 돌마로366번길 42, 2층 (수내동, 동한프라자)"
JDU4MTI3MSM1MSMkMiMkMCMkMDAkNTgxMzUxIzMxIyQxIyQzIyQ5OSQ0NjEwMDIjNTEjJDEjJDIjJDgz,"경기도 성남시 수정구 산성대로 305, 219-224호 (신흥동, 삼부르네상스파크Ⅱ)"
JDU4MTI3MSM1MSMkMiMkMCMkMDAkNTgxMzUxIzMxIyQxIyQ3IyQ4OSQyNjE4MzIjNTEjJDEjJDIjJDgz,"경기도 성남시 수정구 수정로 341, 산성역포레스티아아파트 동문상가동 301,302호 (신흥동)"
JDU4MTI3MSM1MSMkMiMkMCMkMDAkNDgxOTYxIzMxIyQxIyQ3IyQ5MiQ0NjE0ODEjNDEjJDEjJDgjJDgz,"경기도 성남시 중원구 은이로5번길 1, 건영빌딩 5층 (은행동)"
JDU4MTI3MSM1MSMkMiMkMCMkMDAkNTgxMzUxIzMxIyQxIyQzIyQ2MiQzNjEyMjIjNTEjJDEjJDIjJDgz,"경기도 성남시 중원구 광명로 2, 3층 (성남동)"
JDU4MTI3MSM1MSMkMiMkMCMkMDAkNDgxOTYxIzQxIyQxIyQ3IyQ2MiQzNjEwMDIjNDEjJDEjJDgjJDgz,"경기도 성남시 분당구 백현로101번길 23, 501~502호 (수내동, 미도프라자)"
JDU4MTI3MSM1MSMkMiMkMCMkMDAkNDgxOTYxIzUxIyQxIyQxIyQ5OSQzNjEyMjIjNDEjJDEjJDgjJDgz,"경기도 성남시 중원구 광명로 355, 2층 (금광동)"
JDU4MTI3MSM1MSMkMiMkMCMkMDAkNDgxOTYxIzUxIyQxIyQxIyQ5OSQ0NjE0ODEjNzEjJDEjJDgjJDgz,"경기도 성남시 분당구 판교역로 178, 301호,302호 (삼평동, 서건타워)"
JDU4MTI3MSM1MSMkMSMkMCMkNzIkMzgxMzUxIzExIyQxIyQzIyQ5MiQyNjEyMjIjNjEjJDEjJDQjJDgz,"경기도 성남시 수정구 위례광장로 328, 우성위례타워 3층 301호 (창곡동)"
JDU4MTI3MSM1MSMkMiMkMCMkMDAkNDgxNzAyIzUxIyQxIyQ1IyQxMyQzNjEyMjIjODEjJDEjJDYjJDgz,"경기도 성남시 분당구 성남대로926번길 6, 야탑 대덕프라자 4층 402호 (야탑동)"
JDU4MTI3MSM1MSMkMSMkMCMkNzIkMzgxMzUxIzExIyQxIyQ3IyQ4OSQzNjE4MzIjODEjJDEjJDYjJDgz,"경기도 성남시 분당구 판교대장로 84, 펠리씨티-1 201호 (대장동)"
JDU4MTI3MSM1MSMkMiMkMCMkMDAkNTgxMzUxIzExIyQxIyQzIyQwMyQyNjEyMjIjNzEjJDEjJDgjJDgz,"경기도 성남시 분당구 대왕판교로606번길 41, 프라임스퀘어 403,404호 (삼평동)"
JDU4MTI3MSM1MSMkMiMkMCMkMDAkNDgxMTkxIzIxIyQxIyQ1IyQ3OSQyNjEwMDIjODEjJDEjJDYjJDgz,"경기도 성남시 분당구 정자로 88, 성심빌딩 2층 (정자동)"
JDU4MTI3MSM1MSMkMiMkMCMkMDAkNDgxMTkxIzIxIyQxIyQ5IyQ5OSQ0NjE0ODEjNzEjJDEjJDgjJDgz,"경기도 성남시 분당구 돌마로 482, 주영빌딩 2층 (서현동)"
JDU4MTI3MSM1MSMkMiMkMCMkMDAkNDgxMTkxIzMxIyQxIyQzIyQ3OSQyNjE0ODEjNTEjJDEjJDYjJDgz,"경기도 성남시 분당구 정자일로198번길 15, 제나프라자 106~108호,110호 (정자동)"
JDU4MTI3MSM1MSMkMiMkMCMkMDAkNDgxMTkxIzIxIyQxIyQ5IyQ3OSQ0NjE0ODEjNTEjJDEjJDIjJDgz,"경기도 성남시 분당구 성남대로925번길 16, 성남(분당)여객자동차터미널 지상2층 106,107,108호 (야탑동)"
JDU4MTI3MSM1MSMkMiMkMCMkMDAkNTgxMzUxIzIxIyQxIyQ1IyQ2MiQyNjE4MzIjNjEjJDEjJDQjJDgz,"경기도 성남시 분당구 야탑로81번길 10, 분당아미고타워 406, 407호 (야탑동)"
JDU4MTI3MSM1MSMkMiMkMCMkMDAkNDgxOTYxIzUxIyQxIyQxIyQwMyQzNjE4MzIjNTEjJDEjJDIjJDgz,"경기도 성남시 분당구 돌마로 47, 이코노샤르망 312,313,314호 (금곡동)"
JDU4MTI3MSM1MSMkMiMkMCMkMDAkNDgxMTkxIzMxIyQxIyQ3IyQ3MiQyNjEwMDIjNjEjJDEjJDAjJDgz,"경기도 성남시 분당구 판교역로 152, 알파돔타워Ⅲ 3층 3-2호 (백현동)"
JDU4MTI3MSM1MSMkMiMkMCMkMDAkNDgxMTkxIzExIyQxIyQzIyQ2MiQzNjEyMjIjNDEjJDEjJDQjJDgz,"경기도 성남시 수정구 위례동로 153, 에이플타워 5층 501,502,503,504호 (창곡동)"
JDU4MTI3MSM1MSMkMiMkMCMkMDAkNDgxMTkxIzExIyQxIyQ3IyQ3MiQ0NjEwMDIjODEjJDEjJDIjJDgz,"경기도 성남시 수정구 산성대로 439, 4층 (단대동)"
JDU4MTI3MSM1MSMkMiMkMCMkMDAkNDgxMTkxIzQxIyQxIyQ3IyQ3MiQyNjE4MzIjNzEjJDEjJDgjJDgz,"경기도 성남시 분당구 백현로101번길 16, 대덕프라자 305호 (수내동)"
JDU4MTI3MSM1MSMkMiMkMCMkMDAkNDgxMTkxIzExIyQxIyQ3IyQ4MiQyNjE0ODEjNDEjJDEjJDgjJDgz,"경기도 성남시 수정구 위례광장로 300, 8층 807호 (창곡동, 위례중앙역중앙타워)"
JDU4MTI3MSM1MSMkMiMkMCMkMDAkNDgxMTkxIzExIyQxIyQ3IyQ4MiQyNjEwMDIjNDEjJDEjJDQjJDgz,"경기도 성남시 분당구 성남대로 170, 603호 (금곡동, 한국프라자)"
JDU4MTI3MSM1MSMkMiMkMCMkMDAkNDgxMTkxIzExIyQxIyQ3IyQ5MiQzNjEyMjIjODEjJDEjJDIjJDgz,"경기도 성남시 수정구 위례광장로 300, 7층 704호 (창곡동, 위례중앙역중앙타워)"
JDU4MTI3MSM1MSMkMiMkMCMkMDAkNDgxMTkxIzExIyQxIyQ3IyQ5MiQzNjE4MzIjNjEjJDEjJDgjJDgz,"경기도 성남시 수정구 위례광장로 300, 7층 701호 (창곡동, 위례중앙역중앙타워)"
JDU4MTI3MSM1MSMkMiMkMCMkMDAkNDgxMTkxIzIxIyQxIyQxIyQ4OSQzNjEwMDIjNTEjJDEjJDIjJDgz,"경기도 성남시 분당구 서현로210번길 20, 403호 (서현동, 코코프라자)"
JDU4MTI3MSM1MSMkMiMkMCMkMDAkNDgxMTkxIzIxIyQxIyQxIyQ5OSQzNjEwMDIjNDEjJDEjJDQjJDgz,"경기도 성남시 분당구 황새울로335번길 5, 앤 타운빌딩 5층 501호 (서현동)"
JDU4MTI3MSM1MSMkMiMkMCMkMDAkNDgxMTkxIzIxIyQxIyQxIyQ5MiQyNjE4MzIjNDEjJDEjJDQjJDgz,"경기도 성남시 분당구 느티로 27, 하나플라자빌딩 206호, 207호 (정자동)"
JDU4MTI3MSM1MSMkMiMkMCMkMDAkNDgxMTkxIzIxIyQxIyQxIyQwMyQyNjEwMDIjNDEjJDEjJDgjJDgz,"경기도 성남시 중원구 산성대로 360, 7층 (중앙동)"
JDU4MTI3MSM1MSMkMiMkMCMkMDAkNDgxMTkxIzIxIyQxIyQxIyQxMyQzNjEyMjIjODEjJDEjJDYjJDgz,"경기도 성남시 분당구 황새울로 326, 서현빌딩 별관 4층 (서현동)"
JDU4MTI3MSM1MSMkMiMkMCMkMDAkNDgxMTkxIzIxIyQxIyQxIyQwMyQzNjE0ODEjNjEjJDEjJDQjJDgz,"경기도 성남시 수정구 위례광장로 300, 8층 801호 (창곡동)"
JDU4MTI3MSM1MSMkMiMkMCMkMDAkNDgxMTkxIzIxIyQxIyQ1IyQwMyQzNjE0ODEjNDEjJDEjJDgjJDgz,"경기도 성남시 분당구 판교로255번길 9-22, 105,106호 (삼평동)"
JDU4MTI3MSM1MSMkMiMkMCMkMDAkNDgxOTYxIzIxIyQxIyQ5IyQ5OSQ0NjE0ODEjNDEjJDEjJDgjJDgz,"경기도 성남시 수정구 수정로 112, 2층 (수진동)"
JDU4MTI3MSM1MSMkMiMkMCMkMDAkNDgxMTkxIzIxIyQxIyQ1IyQ5MiQ0NjEwMDIjNjEjJDEjJDQjJDgz,"경기도 성남시 분당구 양현로94번길 19, 새남서울조합상가  303호, 304호 (이매동)"
JDU4MTI3MSM1MSMkMiMkMCMkMDAkNDgxMTkxIzUxIyQxIyQ1IyQ3MiQyNjE4MzIjNDEjJDEjJDQjJDgz,"경기도 성남시 분당구 운중로 120, 청호델피노 303호 (운중동)"
JDQ4MTYyMiM1MSMkMSMkMCMkOTkkMzgxOTYxIzExIyQxIyQzIyQ4OSQyNjEyMjIjNDEjJDEjJDgjJDgz,"경기도 성남시 수정구 수정로 183, (태평동)"
JDU4MTI3MSM1MSMkMiMkMCMkMDAkNDgxMTkxIzIxIyQxIyQ5IyQ3MiQyNjEyMjIjNDEjJDEjJDQjJDgz,"경기도 성남시 수정구 위례광장로 104, 위례 한화오벨리스크 센트럴스퀘어 2층 2245호 (창곡동)"
JDU4MTI3MSM1MSMkMiMkMCMkMDAkNDgxMTkxIzIxIyQxIyQ5IyQwMyQyNjE4MzIjNDEjJDEjJDQjJDgz,"경기도 성남시 분당구 황새울로 340, 교정공제회 서현빌딩 5층 (서현동)"
JDU4MTI3MSM1MSMkMiMkMCMkMDAkNDgxMTkxIzIxIyQxIyQ5IyQxMyQ0NjE0ODEjODEjJDEjJDIjJDgz,"경기도 성남시 중원구 도촌로 8, 2층 201~203호 (도촌동)"
JDU4MTI3MSM1MSMkMiMkMCMkMDAkNDgxMTkxIzUxIyQxIyQ1IyQxMyQyNjE0ODEjNjEjJDEjJDAjJDgz,"경기도 성남시 수정구 위례광장로 322, 아이플렉스 3층 306호 (창곡동)"
JDU4MTI3MSM1MSMkMiMkMCMkMDAkNDgxMTkxIzMxIyQxIyQzIyQ5OSQzNjE0ODEjNDEjJDEjJDgjJDgz,"경기도 성남시 수정구 위례서일로 10, 슈퍼스타타워 3층일부∼5층 (창곡동)"
JDU4MTI3MSM1MSMkMiMkMCMkMDAkNDgxNzAyIzUxIyQxIyQxIyQ5MiQzNjE0ODEjNDEjJDEjJDgjJDgz,"경기도 성남시 분당구 돌마로 52, MD프라자 6층 601~602호 (구미동)"
JDU4MTI3MSM1MSMkMiMkMCMkMDAkMzgxNzAyIzIxIyQxIyQ1IyQ5MiQyNjE0ODEjNjEjJDEjJDQjJDgz,"경기도 성남시 분당구 돌마로 68, 411호 (구미동, 분당프라자)"
JDU4MTI3MSM1MSMkMiMkMCMkMDAkMzgxOTYxIzUxIyQxIyQ1IyQ2MiQ0NjEwMDIjNjEjJDEjJDAjJDgz,"경기도 성남시 분당구 성남대로926번길 6, 야탑 대덕프라자 407호, 408호 (야탑동)"
JDQ4MTYyMiM1MSMkMiMkMCMkMDAkNDgxOTYxIzIxIyQxIyQ1IyQ5OSQyNjEyMjIjNTEjJDEjJDYjJDgz,"경기도 성남시 중원구 둔촌대로 84, 605호~608호 (성남동)"
JDQ4MTYyMiM1MSMkMiMkMCMkMDAkNDgxNzAyIzIxIyQxIyQ5IyQwMyQyNjE4MzIjNTEjJDEjJDIjJDgz,"경기도 성남시 중원구 둔촌대로 449, 3층 A306,A307,A308-1A309호 (상대원동, 중앙인더스피아)"
JDU4MTI3MSM1MSMkMiMkMCMkMDAkMzgxMTkxIzExIyQxIyQ3IyQxMyQyNjE0ODEjNDEjJDEjJDgjJDgz,"경기도 성남시 분당구 느티로 16, 406호 (정자동, 젤존타워1)"
JDU4MTI3MSM1MSMkMiMkMCMkMDAkMzgxNzAyIzMxIyQxIyQzIyQ2MiQyNjE0ODEjNjEjJDEjJDgjJDgz,"경기도 성남시 분당구 성남대로 168, 801~803호 (금곡동, 미도프라자)"
JDU4MTI3MSM1MSMkMiMkMCMkMDAkMzgxMTkxIzIxIyQxIyQxIyQ3OSQyNjEyMjIjODEjJDEjJDYjJDgz,"경기도 성남시 수정구 산성대로 259, 2층 (신흥동)"
JDU4MTI3MSM1MSMkMiMkMCMkMDAkMzgxMTkxIzIxIyQxIyQxIyQ3OSQ0NjEwMDIjNjEjJDEjJDgjJDgz,"경기도 성남시 분당구 황새울로351번길 10, 3층 302(일부)호 (서현동, 여얌빌딩)"
JDU4MTI3MSM1MSMkMiMkMCMkMDAkMzgxMTkxIzIxIyQxIyQxIyQ4OSQyNjE0ODEjNDEjJDEjJDQjJDgz,"경기도 성남시 중원구 금상로 137, 1층 (상대원동)"
JDU4MTI3MSM1MSMkMiMkMCMkMDAkMzgxMTkxIzIxIyQxIyQxIyQ4OSQzNjEyMjIjODEjJDEjJDYjJDgz,"경기도 성남시 분당구 돌마로 73, 502호 (금곡동, 우방코아)"
JDQ4MTYyMiM1MSMkMiMkMCMkMDAkNDgxMzUxIzUxIyQyIyQxIyQwMCQyNjE4MzIjNjEjJDEjJDQjJDgz,"경기도 성남시 중원구 둔촌대로 388, 크란츠 테크노 202-1호 (상대원동)"
JDQ4MTYyMiM1MSMkMiMkMCMkMDAkNTgxOTYxIzUxIyQxIyQxIyQ3MiQzNjE4MzIjNDEjJDEjJDQjJDgz,"경기도 성남시 중원구 둔촌대로 387, 지하1~5층 (상대원동)"
JDU4MTI3MSM1MSMkMiMkMCMkMDAkMzgxMTkxIzIxIyQxIyQxIyQ3OSQ0NjE0ODEjODEjJDEjJDIjJDgz,"경기도 성남시 수정구 산성대로 193, 2층 (수진동)"
JDQ4MTYyMiM1MSMkMSMkMCMkNzIkNDgxMTkxIzMxIyQxIyQzIyQ3OSQzNjEwMDIjNDEjJDEjJDgjJDgz,"경기도 성남시 중원구 둔촌대로 388, 크란츠 테크노 201호 (상대원동)"
JDQ4MTYyMiM1MSMkMSMkMCMkNzIkNTgxMzUxIzIxIyQxIyQxIyQ5MiQzNjEwMDIjNTEjJDEjJDYjJDgz,"경기도 성남시 중원구 둔촌대로 84, 201호 (성남동)"
JDU4MTI3MSM1MSMkMiMkMCMkMDAkMzgxMTkxIzIxIyQxIyQxIyQ3MiQzNjE4MzIjNjEjJDEjJDgjJDgz,"경기도 성남시 중원구 도촌남로 37, 401호 (도촌동, 도촌프라자)"
JDQ4MTYyMiM1MSMkMSMkMCMkNzIkNDgxMzUxIzExIyQxIyQzIyQ2MiQyNjE4MzIjNDEjJDEjJDgjJDgz,"경기도 성남시 중원구 둔촌대로 283-1, 2층 (하대원동)"
JDQ4MTYyMiM1MSMkMSMkMCMkNzIkNTgxMzUxIzMxIyQxIyQzIyQ5MiQzNjEyMjIjNDEjJDEjJDgjJDgz,"경기도 성남시 중원구 둔촌대로 84, 5층 501,502호 (성남동)"
JDQ4MTYyMiM1MSMkMSMkMCMkMTMkNDgxOTYxIzUxIyQxIyQxIyQ5OSQzNjEwMDIjNzEjJDEjJDgjJDgz,"경기도 성남시 중원구 둔촌대로 274, 126호 (하대원동, 태연스카이빌)"
JDU4MTI3MSM1MSMkMiMkMCMkMDAkMzgxMzUxIzIxIyQyIyQxIyQwMCQzNjE4MzIjNDEjJDEjJDgjJDgz,"경기도 성남시 중원구 둔촌대로 431, 1,2,3층 (상대원동)"
JDU4MTI3MSM1MSMkMiMkMCMkMDAkNDgxNzAyIzIxIyQxIyQ1IyQ4MiQzNjE4MzIjNzEjJDEjJDgjJDgz,"경기도 성남시 중원구 둔촌대로 84, 708,709호 (성남동)"
JDQ4MTYyMiM1MSMkMSMkMCMkMTMkNDgxOTYxIzUxIyQxIyQ1IyQwMyQzNjE0ODEjODEjJDEjJDYjJDgz,"경기도 성남시 중원구 둔촌대로 287, 2층 (하대원동)"
JDU4MTI3MSM1MSMkMiMkMCMkMDAkMzgxMTkxIzIxIyQxIyQ5IyQ5MiQ0NjEwMDIjNDEjJDEjJDQjJDgz,"경기도 성남시 분당구 미금로 44, 3층 (구미동, 국민프라자)"
JDU4MTI3MSM1MSMkMiMkMCMkMDAkMzgxNzAyIzQxIyQxIyQ3IyQ4MiQ0NjEwMDIjNzEjJDEjJDgjJDgz,"경기도 성남시 수정구 수정로 205, 3층 (태평동)"
JDU4MTI3MSM1MSMkMiMkMCMkMDAkMzgxMTkxIzMxIyQyIyQ3IyQwMCQyNjE0ODEjNDEjJDEjJDQjJDgz,"경기도 성남시 분당구 성남대로 151, 분당엠코헤리츠 2층 221호, 221-1호, 222호, 222-1호, 223호, 223-1호, 224호 (구미동)"
JDU4MTI3MSM1MSMkMiMkMCMkMDAkMzgxNzAyIzExIyQxIyQ3IyQ3OSQzNjE4MzIjODEjJDEjJDYjJDgz,"경기도 성남시 중원구 성남대로 1144, 3층 (성남동)"
JDU4MTI3MSM1MSMkMiMkMCMkMDAkMzgxMTkxIzMxIyQxIyQ3IyQwMyQyNjE0ODEjNjEjJDEjJDgjJDgz,"경기도 성남시 분당구 돌마로 68, 401호,401-1호,402호,410호,501호,511호 (구미동)"
JDU4MTI3MSM1MSMkMiMkMCMkMDAkMzgxNzAyIzUxIyQxIyQxIyQ5MiQzNjEyMjIjNjEjJDEjJDgjJDgz,"경기도 성남시 분당구 대왕판교로 660, 304호 (삼평동, 유스페이스1)"
JDU4MTI3MSM1MSMkMiMkMCMkMDAkNTgxMzUxIzExIyQxIyQzIyQ2MiQzNjEyMjIjNDEjJDEjJDgjJDgz,"경기도 성남시 수정구 창업로 18, 3층 302호 (시흥동)"
JDU4MTI3MSM1MSMkMiMkMCMkMDAkMzgxNzAyIzExIyQxIyQzIyQ4MiQyNjE4MzIjNTEjJDEjJDYjJDgz,"경기도 성남시 수정구 수정로 175, 2층 (태평동, 동일빌딩)"
JDU4MTI3MSM1MSMkMiMkMCMkMDAkMzgxMTkxIzUxIyQxIyQ1IyQ4MiQzNjE4MzIjODEjJDEjJDIjJDgz,"경기도 성남시 분당구 서현로 192, 404호 (서현동, 야베스밸리)"
JDU4MTI3MSM1MSMkMiMkMCMkMDAkMzgxNzAyIzExIyQxIyQzIyQ2MiQ0NjE0ODEjNDEjJDEjJDQjJDgz,"경기도 성남시 분당구 야탑로81번길 10, 분당아미고타워 313호 (야탑동)"
JDU4MTI3MSM1MSMkMiMkMCMkMDAkMzgxNzAyIzExIyQxIyQ3IyQ4MiQyNjE4MzIjNDEjJDEjJDQjJDgz,"경기도 성남시 분당구 동판교로 59, 4층 405호 (백현동, 자유퍼스트)"
JDU4MTI3MSM1MSMkMiMkMCMkMDAkMzgxMTkxIzQxIyQxIyQ3IyQ4MiQyNjEyMjIjNjEjJDEjJDAjJDgz,"경기도 성남시 분당구 성남대로779번길 50, 2~5층 2층일부호 (이매동)"
JDU4MTI3MSM1MSMkMiMkMCMkMDAkMzgxMTkxIzQxIyQxIyQ3IyQ4MiQyNjE0ODEjODEjJDEjJDIjJDgz,"경기도 성남시 분당구 돌마로 68, 502호 (구미동, 분당프라자)"
JDU4MTI3MSM1MSMkMiMkMCMkMDAkMzgxNzAyIzIxIyQxIyQxIyQ3MiQyNjE4MzIjODEjJDEjJDYjJDgz,"경기도 성남시 중원구 둔촌대로 84, 7층 (성남동)"
JDU4MTI3MSM1MSMkMiMkMCMkMDAkNDgxMzUxIzMxIyQxIyQzIyQ3OSQyNjE4MzIjNzEjJDEjJDgjJDgz,"경기도 성남시 중원구 희망로 316, 1, 5,6층 (상대원동)"
JDU4MTI3MSM1MSMkMiMkMCMkMDAkMzgxNzAyIzIxIyQxIyQ1IyQ4OSQzNjE0ODEjNjEjJDEjJDAjJDgz,"경기도 성남시 수정구 수정로 208, 4층 (신흥동, 메드위즈)"
JDU4MTI3MSM1MSMkMiMkMCMkMDAkMzgxNzAyIzIxIyQxIyQxIyQ4MiQzNjE4MzIjODEjJDEjJDYjJDgz,"경기도 성남시 수정구 산성대로 229, 5층,6층 (신흥동)"
JDU4MTI3MSM1MSMkMiMkMCMkMDAkMzgxNzAyIzIxIyQxIyQ1IyQ3MiQyNjEyMjIjNzEjJDEjJDgjJDgz,"경기도 성남시 분당구 운중로 233, 202,203호 (판교동, 한솔프라자)"
JDU4MTI3MSM1MSMkMiMkMCMkMDAkMzgxNzAyIzMxIyQxIyQ3IyQwMyQzNjEwMDIjNTEjJDEjJDIjJDgz,"경기도 성남시 분당구 대왕판교로606번길 39, 1001~1004호 (삼평동, 럭스타워)"
JDU4MTI3MSM1MSMkMiMkMCMkMDAkMzgxNzAyIzIxIyQxIyQ5IyQ4OSQzNjEyMjIjNzEjJDEjJDgjJDgz,"경기도 성남시 분당구 대왕판교로606번길 39, 럭스타워 301~306호 (삼평동)"
JDU4MTI3MSM1MSMkMiMkMCMkMDAkMzgxNzAyIzMxIyQxIyQzIyQ2MiQ0NjEwMDIjNDEjJDEjJDQjJDgz,"경기도 성남시 분당구 서현로210번길 2, 3층 308~310호 (서현동, 성지하이츠텔)"
JDU4MTI3MSM1MSMkMiMkMCMkMDAkMzgxNzAyIzQxIyQxIyQ3IyQ3OSQzNjEwMDIjNDEjJDEjJDgjJDgz,"경기도 성남시 분당구 성남대로 389, 3층 302호 (정자동, 폴라리스2 )"
JDU4MTI3MSM1MSMkMiMkMCMkMDAkMzgxNzAyIzQxIyQxIyQ3IyQ3MiQzNjEyMjIjNjEjJDEjJDQjJDgz,"경기도 성남시 분당구 성남대로 32, 201호 (구미동, 보명프라자)"
JDU4MTI3MSM1MSMkMiMkMCMkMDAkNDgxMzUxIzQxIyQxIyQ3IyQ4OSQyNjEwMDIjNDEjJDEjJDgjJDgz,"경기도 성남시 분당구 벌말로 35, 203호 (야탑동, 대명빌딩)"
JDU4MTI3MSM1MSMkMiMkMCMkMDAkMzgxNzAyIzQxIyQxIyQ3IyQwMyQ0NjE0ODEjNTEjJDEjJDYjJDgz,"경기도 성남시 중원구 금상로 18, 4층 (상대원동)"
JDU4MTI3MSM1MSMkMiMkMCMkMDAkMzgxNzAyIzUxIyQxIyQ1IyQ5OSQzNjE4MzIjNjEjJDEjJDAjJDgz,"경기도 성남시 분당구 대왕판교로 660, 316호 (삼평동, 유스페이스1)"
JDU4MTI3MSM1MSMkMiMkMCMkMDAkMzgxNzAyIzUxIyQxIyQ1IyQ5OSQyNjE0ODEjNzEjJDEjJDgjJDgz,"경기도 성남시 분당구 벌말로 35, 대명빌딩 402호 (야탑동)"
JDU4MTI3MSM1MSMkMiMkMCMkMDAkMzgxNzAyIzUxIyQxIyQ1IyQ3MiQ0NjE0ODEjNjEjJDEjJDAjJDgz,"경기도 성남시 분당구 돌마로 67, 309호 (금곡동, 금산젬월드)"
JDU4MTI3MSM1MSMkMiMkMCMkMDAkMzgxNzAyIzUxIyQxIyQ1IyQ5MiQzNjEwMDIjNjEjJDEjJDAjJDgz,"경기도 성남시 중원구 성남대로 1133, 3층 324~327호 (성남동, 성남메트로칸)"
JDU4MTI3MSM1MSMkMiMkMCMkMDAkNTgxMzUxIzMxIyQxIyQ3IyQ5OSQyNjEwMDIjNTEjJDEjJDYjJDgz,"경기도 성남시 수정구 산성대로 223, 일문파이낸스빌딩 5층 (신흥동)"
JDU4MTI3MSM1MSMkMiMkMCMkMDAkNDgxMzUxIzExIyQxIyQzIyQ5MiQyNjEwMDIjNDEjJDEjJDQjJDgz,"경기도 성남시 수정구 산성대로 229, 3층 (신흥동, 중앙빌딩)"
JDU4MTI3MSM1MSMkMiMkMCMkMDAkNDgxMzUxIzExIyQxIyQ3IyQ3OSQzNjE4MzIjNjEjJDEjJDAjJDgz,"경기도 성남시 분당구 황새울로342번길 9, 8호 (서현동, 서울문고)"
JDU4MTI3MSM1MSMkMiMkMCMkMDAkNDgxMzUxIzExIyQxIyQ3IyQ4OSQyNjEyMjIjNDEjJDEjJDgjJDgz,"경기도 성남시 중원구 희망로 380, 1,2,3,4,5층 (상대원동)"
JDU4MTI3MSM1MSMkMiMkMCMkMDAkMzgxNzAyIzUxIyQxIyQ1IyQ5MiQzNjEyMjIjNTEjJDEjJDIjJDgz,"경기도 성남시 분당구 성남대로779번길 52, 203~206호 305~306호 (이매동, 신흥코아)"
JDU4MTI3MSM1MSMkMiMkMCMkMDAkNDgxMzUxIzExIyQxIyQ3IyQ2MiQyNjEwMDIjNjEjJDEjJDAjJDgz,"경기도 성남시 중원구 도촌남로 27, 2층 205호 (도촌동, 동강프라자)"
JDU4MTI3MSM1MSMkMiMkMCMkMDAkNDgxMzUxIzExIyQxIyQ3IyQ4MiQzNjE4MzIjODEjJDEjJDIjJDgz,"경기도 성남시 분당구 분당로53번길 11, 4층 일부호 (서현동, 서원프라자)"
JDU4MTI3MSM1MSMkMiMkMCMkMDAkNDgxMzUxIzIxIyQxIyQxIyQ5OSQyNjE0ODEjODEjJDEjJDIjJDgz,"경기도 성남시 중원구 성남대로1130번길 3, 3층 301호 (성남동, 엠스퀘어)"
JDU4MTI3MSM1MSMkMiMkMCMkMDAkNDgxMzUxIzIxIyQxIyQ1IyQ3MiQyNjE4MzIjNDEjJDEjJDgjJDgz,"경기도 성남시 분당구 황새울로342번길 23, 601호 (서현동, 기영프라자)"
JDU4MTI3MSM1MSMkMiMkMCMkMDAkNDgxMzUxIzIxIyQxIyQ1IyQ4MiQyNjE4MzIjODEjJDEjJDIjJDgz,"경기도 성남시 분당구 성남대로331번길 7, 502호 (정자동, 정자스타빌딩)"
JDU4MTI3MSM1MSMkMiMkMCMkMDAkNDgxMzUxIzIxIyQxIyQ1IyQ4MiQzNjE0ODEjNjEjJDEjJDgjJDgz,"경기도 성남시 분당구 대왕판교로644번길 12, N동 2층 일부호 (삼평동, 엔씨소프트 판교R&D센터)"
JDU4MTI3MSM1MSMkMiMkMCMkMDAkNDgxOTYxIzExIyQxIyQzIyQwMyQyNjE0ODEjNjEjJDEjJDAjJDgz,"경기도 성남시 분당구 운중로 122, 501호 (운중동, 골드클래스)"
JDU4MTI3MSM1MSMkMiMkMCMkMDAkNDgxMzUxIzMxIyQxIyQzIyQ4OSQzNjE4MzIjNzEjJDEjJDgjJDgz,"경기도 성남시 분당구 대왕판교로 670, B동 321호 (삼평동, 유스페이스2)"
JDU4MTI3MSM1MSMkMiMkMCMkMDAkNDgxOTYxIzExIyQxIyQzIyQxMyQzNjE4MzIjODEjJDEjJDYjJDgz,"경기도 성남시 중원구 산성대로 354, 4,5층 (중앙동)"
JDU4MTI3MSM1MSMkMiMkMCMkMDAkNDgxOTYxIzExIyQxIyQzIyQ4MiQzNjE4MzIjNzEjJDEjJDgjJDgz,"경기도 성남시 분당구 야탑로81번길 10, 분당아미고타워 608호, 609호 (야탑동)"
JDU4MTI3MSM1MSMkMiMkMCMkMDAkNDgxOTYxIzIxIyQxIyQxIyQ4OSQzNjEwMDIjNzEjJDEjJDgjJDgz,"경기도 성남시 분당구 분당로263번길 35, (서현동, 서현굿모닝프라자)"
JDU4MTI3MSM1MSMkMiMkMCMkMDAkNDgxOTYxIzIxIyQyIyQxIyQwMCQyNjE4MzIjNjEjJDEjJDQjJDgz,"경기도 성남시 수정구 산성대로 237-1, 3층 (신흥동)"
JDU4MTI3MSM1MSMkMiMkMCMkMDAkNDgxMzUxIzUxIyQxIyQ1IyQ4MiQzNjEyMjIjNDEjJDEjJDgjJDgz,"경기도 성남시 중원구 성남대로 1133, 309호.310호.313호.314호.315호 (성남동)"
JDU4MTI3MSM1MSMkMiMkMCMkMDAkNDgxMzUxIzUxIyQxIyQ1IyQ5MiQzNjEwMDIjNDEjJDEjJDQjJDgz,"경기도 성남시 중원구 양현로 469, 402호 (여수동)"
JDU4MTI3MSM1MSMkMiMkMCMkMDAkNDgxOTYxIzMxIyQyIyQ3IyQwMCQzNjEwMDIjNzEjJDEjJDgjJDgz,"경기도 성남시 수정구 위례광장로 322, 4층 408,409호 (창곡동, 아이플렉스)"
JDU4MTI3MSM1MSMkMiMkMCMkMDAkNDgxOTYxIzMxIyQyIyQ3IyQwMCQzNjEyMjIjNjEjJDEjJDQjJDgz,"경기도 성남시 수정구 위례광장로 310, 5층 503,504호 (창곡동, 우성트램타워)"
JDQ4MTYyMiM1MSMkMSMkMCMkOTkkMzgxOTYxIzExIyQxIyQ3IyQ2MiQyNjEyMjIjODEjJDEjJDYjJDgz,"경기도 성남시 수정구 위례서일로 6, 6층~9층 (창곡동)"
JDU4MTI3MSM1MSMkMiMkMCMkMDAkNDgxOTYxIzMxIyQxIyQ3IyQ2MiQzNjE0ODEjNjEjJDEjJDgjJDgz,"경기도 성남시 수정구 위례광장로 310, A동 407호 (창곡동, 우성트램타워)"
JDQ4MTYyMiM1MSMkMSMkMCMkNzIkNDgxMTkxIzQxIyQxIyQ3IyQ4OSQzNjEwMDIjNDEjJDEjJDgjJDgz,"경기도 성남시 수정구 위례서일로 34, 6층 606호 (창곡동)"
JDU4MTI3MSM1MSMkMiMkMCMkMDAkNDgxOTYxIzExIyQxIyQ3IyQ4MiQyNjEwMDIjNjEjJDEjJDAjJDgz,"경기도 성남시 분당구 서현로 192, 306호 (서현동, 야베스밸리)"
JDU4MTI3MSM1MSMkMiMkMCMkMDAkNDgxOTYxIzIxIyQxIyQxIyQ5OSQzNjE0ODEjNjEjJDEjJDgjJDgz,"경기도 성남시 분당구 성남대로 50, 4층, 5층 (구미동)"
JDU4MTI3MSM1MSMkMiMkMCMkMDAkNDgxOTYxIzIxIyQxIyQxIyQ3MiQyNjE0ODEjNjEjJDEjJDQjJDgz,"경기도 성남시 분당구 성남대로 345, 정자역프라자 805호 (정자동)"
JDU4MTI3MSM1MSMkMiMkMCMkMDAkNDgxOTYxIzIxIyQxIyQ1IyQ3MiQyNjEwMDIjNDEjJDEjJDQjJDgz,"경기도 성남시 중원구 도촌남로 33, 202호.203-1호 (도촌동, 세일프라자)"
JDU4MTI3MSM1MSMkMiMkMCMkMDAkNDgxOTYxIzUxIyQxIyQ1IyQwMyQzNjE4MzIjODEjJDEjJDYjJDgz,"경기도 성남시 분당구 돌마로 85, 동양프라자 301호 (금곡동)"
JDU4MTI3MSM1MSMkMiMkMCMkMDAkNDgxOTYxIzMxIyQxIyQzIyQ3OSQyNjE4MzIjNTEjJDEjJDIjJDgz,"경기도 성남시 분당구 성남대로 168, 304호 (금곡동, 미도프라자)"
JDU4MTI3MSM1MSMkMiMkMCMkMDAkNDgxOTYxIzMxIyQxIyQ3IyQ2MiQ0NjE0ODEjODEjJDEjJDYjJDgz,"경기도 성남시 분당구 내정로17번길 2, 한솔프라자 4006, 4009, 4017호 (정자동)"
JDU4MTI3MSM1MSMkMiMkMCMkMDAkNDgxMTkxIzExIyQxIyQ3IyQ2MiQyNjEwMDIjNjEjJDEjJDQjJDgz,"경기도 성남시 수정구 위례광장로 19, 5층 507호 (창곡동, 아이페리온)"
JDU4MTI3MSM1MSMkMiMkMCMkMDAkNDgxMTkxIzExIyQxIyQ3IyQ5MiQyNjEwMDIjNzEjJDEjJDgjJDgz,"경기도 성남시 분당구 성남대로 345, 6층 604호 (정자동, 정자역프라자)"
JDU4MTI3MSM1MSMkMiMkMCMkMDAkNDgxMTkxIzIxIyQxIyQ1IyQ2MiQzNjEyMjIjODEjJDEjJDYjJDgz,"경기도 성남시 분당구 성남대로925번길 11, 유니마트 201호,211호,212호 (야탑동)"
JDU4MTI3MSM1MSMkMiMkMCMkMDAkNDgxOTYxIzQxIyQxIyQ3IyQ4OSQyNjEwMDIjNjEjJDEjJDgjJDgz,"경기도 성남시 수정구 위례광장로 310, B동 5층 502호 (창곡동, 우성트램타워)"
JDU4MTI3MSM1MSMkMiMkMCMkMDAkNDgxOTYxIzQxIyQxIyQ3IyQ3MiQyNjE0ODEjNzEjJDEjJDgjJDgz,"경기도 성남시 수정구 위례광장로 310, B동 601호 (창곡동, 우성트램타워)"
JDU4MTI3MSM1MSMkMiMkMCMkMDAkNDgxMTkxIzIxIyQxIyQ5IyQ3OSQyNjE0ODEjNzEjJDEjJDgjJDgz,"경기도 성남시 분당구 황새울로312번길 5, 세광빌딩 3층 (서현동)"
JDU4MTI3MSM1MSMkMiMkMCMkMDAkMzgxMzUxIzQxIyQxIyQ3IyQ4OSQ0NjE0ODEjNjEjJDEjJDgjJDgz,"경기도 성남시 분당구 성남대로 385, 301호 302호 (정자동, 분당클리닉)"
JDU4MTI3MSM1MSMkMiMkMCMkMDAkMzgxMzUxIzUxIyQxIyQ1IyQ3MiQzNjEwMDIjNTEjJDEjJDYjJDgz,"경기도 성남시 분당구 황새울로335번길 5, N타운빌딩 8층 803호 (서현동)"
JDU4MTI3MSM1MSMkMiMkMCMkMDAkMzgxMzUxIzUxIyQxIyQ1IyQ3MiQyNjE4MzIjNzEjJDEjJDgjJDgz,"경기도 성남시 수정구 산성대로 223, 일문파이낸스빌딩 3층 (신흥동)"
JDU4MTI3MSM1MSMkMiMkMCMkMDAkMzgxOTYxIzExIyQxIyQ3IyQ2MiQzNjE0ODEjNTEjJDEjJDIjJDgz,"경기도 성남시 중원구 성남대로 1126, 203호 (성남동)"
JDU4MTI3MSM1MSMkMiMkMCMkMDAkMzgxOTYxIzExIyQxIyQzIyQ4OSQ0NjEwMDIjNjEjJDEjJDQjJDgz,"경기도 성남시 수정구 수정로 162, 2,3,4층 (신흥동)"
JDU4MTI3MSM1MSMkMiMkMCMkMDAkMzgxMTkxIzIxIyQxIyQ5IyQxMyQzNjE4MzIjODEjJDEjJDIjJDgz,"경기도 성남시 수정구 수정로 106, 206호 (수진동, SR프라자)"
JDU4MTI3MSM1MSMkMiMkMCMkMDAkMzgxOTYxIzIxIyQxIyQ5IyQ4OSQzNjE4MzIjNjEjJDEjJDAjJDgz,"경기도 성남시 중원구 산성대로372번길 3, 3층 (금광동)"
JDU4MTI3MSM1MSMkMiMkMCMkMDAkMzgxMTkxIzMxIyQxIyQzIyQ2MiQzNjE4MzIjODEjJDEjJDIjJDgz,"경기도 성남시 수정구 산성대로 517, 2층 (양지동)"
JDU4MTI3MSM1MSMkMiMkMCMkMDAkMzgxOTYxIzMxIyQxIyQzIyQ4OSQyNjE0ODEjNTEjJDEjJDYjJDgz,"경기도 성남시 수정구 산성대로 213, 웅지빌딩 3층, 4층 (신흥동)"
JDU4MTI3MSM1MSMkMiMkMCMkMDAkMzgxOTYxIzMxIyQxIyQzIyQxMyQyNjEwMDIjNDEjJDEjJDQjJDgz,"경기도 성남시 수정구 위례광장로 9-9, A동 3층 318,319,320호 (창곡동)"
JDU4MTI3MSM1MSMkMiMkMCMkMDAkMzgxOTYxIzMxIyQxIyQzIyQ4OSQyNjEyMjIjNDEjJDEjJDQjJDgz,"경기도 성남시 분당구 황새울로311번길 10, 필립메디컬센터 (서현동)"
JDU4MTI3MSM1MSMkMiMkMCMkMDAkMzgxMTkxIzUxIyQyIyQ1IyQwMCQzNjE4MzIjNjEjJDEjJDgjJDgz,"경기도 성남시 분당구 성남대로 385, 503호 (정자동, 분당클리닉)"
JDU4MTI3MSM1MSMkMiMkMCMkMDAkMzgxMTkxIzUxIyQxIyQ1IyQxMyQyNjE4MzIjNzEjJDEjJDgjJDgz,"경기도 성남시 분당구 판교원로 207, 204호 (판교동, 판교원마을상가동)"
JDU4MTI3MSM1MSMkMiMkMCMkMDAkMzgxOTYxIzUxIyQxIyQxIyQwMyQyNjE4MzIjODEjJDEjJDIjJDgz,"경기도 성남시 수정구 산성대로 207, 401~404호 (신흥동, 에드모스빌딩)"
JDU4MTI3MSM1MSMkMSMkMCMkMTMkMzgxNzAyIzQxIyQxIyQ3IyQ3OSQ0NjEwMDIjNDEjJDEjJDgjJDgz,"경기도 성남시 수정구 산성대로 239, 1층 (신흥동)"
JDU4MTI3MSM1MSMkMSMkMCMkMTMkMzgxNzAyIzQxIyQxIyQ3IyQ5OSQyNjEyMjIjODEjJDEjJDIjJDgz,"경기도 성남시 분당구 대왕판교로 660, 316-1호 (삼평동, 유스페이스1)"
JDU4MTI3MSM1MSMkMSMkMCMkMTMkMzgxNzAyIzQxIyQxIyQ3IyQ5OSQzNjE4MzIjODEjJDEjJDYjJDgz,"경기도 성남시 분당구 판교역로 230, B동 302호 (삼평동, 삼환하이펙스)"
JDU4MTI3MSM1MSMkMSMkMCMkMTMkMzgxNzAyIzMxIyQxIyQ3IyQ5MiQyNjE4MzIjNjEjJDEjJDgjJDgz,"경기도 성남시 분당구 성남대로 906, 4층 일부호 (야탑동, 국민은행야탑역지점)"
JDU4MTI3MSM1MSMkMSMkMCMkMTMkMzgxNzAyIzQxIyQxIyQ3IyQ4MiQ0NjE0ODEjNjEjJDEjJDgjJDgz,"경기도 성남시 분당구 서현로210번길 20, 301,302호 (서현동, 코코프라자)"
JDU4MTI3MSM1MSMkMSMkMCMkMTMkMzgxNzAyIzUxIyQxIyQxIyQ3OSQ0NjEwMDIjNzEjJDEjJDgjJDgz,"경기도 성남시 분당구 불정로 219, 한솔근린상가동 102호 (정자동, 한솔마을)"
JDU4MTI3MSM1MSMkMSMkMCMkMTMkMzgxNzAyIzQxIyQxIyQ3IyQxMyQzNjEyMjIjNDEjJDEjJDgjJDgz,"경기도 성남시 수정구 수정로 185, 5층 (태평동)"
JDU4MTI3MSM1MSMkMSMkMCMkMTMkMzgxNzAyIzQxIyQxIyQ3IyQ4MiQyNjE4MzIjNjEjJDEjJDQjJDgz,"경기도 성남시 중원구 광명로 119, 금성빌딩 2층 (성남동)"
JDU4MTI3MSM1MSMkMSMkMCMkMTMkMzgxNzAyIzUxIyQxIyQxIyQ2MiQyNjEwMDIjNDEjJDEjJDgjJDgz,"경기도 성남시 분당구 성남대로 165, 234호 (금곡동, 천사의도시1차)"
JDU4MTI3MSM1MSMkMSMkMCMkMTMkMzgxNzAyIzUxIyQxIyQxIyQ3MiQzNjEyMjIjODEjJDEjJDYjJDgz,"경기도 성남시 분당구 성남대로779번길 17, 1층 (이매동, 한진프라자)"
JDU4MTI3MSM1MSMkMSMkMCMkMTMkMzgxNzAyIzUxIyQxIyQxIyQwMyQ0NjE0ODEjNzEjJDEjJDgjJDgz,"경기도 성남시 분당구 야탑로81번길 10, 409호 (야탑동, 분당아미고타워)"
JDU4MTI3MSM1MSMkMSMkMCMkMTMkMzgxNzAyIzUxIyQyIyQxIyQwMCQ0NjE0ODEjNDEjJDEjJDgjJDgz,"경기도 성남시 분당구 서현로210번길 2, 4층 일부호 (서현동, 성지하이츠텔)"
JDU4MTI3MSM1MSMkMSMkMCMkMTMkMzgxNzAyIzUxIyQxIyQ1IyQ3OSQ0NjE0ODEjNjEjJDEjJDQjJDgz,"경기도 성남시 분당구 정자일로 135, 213호 (정자동, 3차푸르지오시티)"
JDU4MTI3MSM1MSMkMSMkMCMkMTMkMzgxNzAyIzUxIyQxIyQ1IyQ4OSQzNjEwMDIjODEjJDEjJDIjJDgz,"경기도 성남시 분당구 내정로165번길 50, 크리스탈빌딩 401호 (수내동)"
JDU4MTI3MSM1MSMkMSMkMCMkMTMkMzgxNzAyIzUxIyQyIyQ1IyQwMCQyNjEwMDIjNDEjJDEjJDQjJDgz,"경기도 성남시 분당구 돌마로 47, 303호 (금곡동, 이코노샤르망)"
JDU4MTI3MSM1MSMkMSMkMCMkMTMkMzgxNzAyIzUxIyQxIyQ1IyQ3MiQzNjE0ODEjODEjJDEjJDYjJDgz,"경기도 성남시 수정구 수정로 94-1, 2층 (수진동, 다정빌딩)"
JDU4MTI3MSM1MSMkMSMkMCMkMTMkMzgxNzAyIzUxIyQxIyQ1IyQ3MiQzNjE4MzIjNTEjJDEjJDYjJDgz,"경기도 성남시 분당구 운중로 142, 3층 301호 (운중동, 판교메디칼타워)"
JDU4MTI3MSM1MSMkMSMkMCMkMTMkMzgxNzAyIzUxIyQxIyQ1IyQ3MiQ0NjE0ODEjNDEjJDEjJDgjJDgz,"경기도 성남시 중원구 산성대로372번길 23, 2층 (금광동)"
JDU4MTI3MSM1MSMkMSMkMCMkMTMkMzgxNzAyIzUxIyQxIyQ1IyQxMyQ0NjE0ODEjNDEjJDEjJDgjJDgz,"경기도 성남시 수정구 산성대로 207, 2층, 3층 (신흥동, 에드모스)"
JDU4MTI3MSM1MSMkMSMkMCMkMTMkMzgxNzAyIzUxIyQxIyQ1IyQwMyQyNjEyMjIjNjEjJDEjJDAjJDgz,"경기도 성남시 분당구 성남대로 349, 203호 (정자동, 시그마타워)"
JDU4MTI3MSM1MSMkMSMkMCMkMTMkMzgxNzAyIzUxIyQyIyQ1IyQwMCQyNjE0ODEjNDEjJDEjJDgjJDgz,"경기도 성남시 중원구 양현로405번길 5, 213호 (여수동, 신야탑푸르지오시티 1)"
JDU4MTI3MSM1MSMkMSMkMCMkMTMkMzgxNzAyIzUxIyQxIyQ1IyQ3MiQ0NjEwMDIjNDEjJDEjJDQjJDgz,"경기도 성남시 중원구 광명로 2, 2층 (성남동)"
JDU4MTI3MSM1MSMkMSMkMCMkMTMkNDgxMzUxIzExIyQxIyQzIyQ3MiQyNjEwMDIjNTEjJDEjJDIjJDgz,"경기도 성남시 수정구 남문로 1, 2층 (태평동)"
JDU4MTI3MSM1MSMkMSMkMCMkMTMkNDgxMzUxIzExIyQxIyQzIyQ4OSQ0NjEwMDIjODEjJDEjJDYjJDgz,"경기도 성남시 분당구 중앙공원로31번길 42, 214-1호 (서현동, 서현파크플라자)"
JDU4MTI3MSM1MSMkMSMkMCMkMTMkNDgxMzUxIzExIyQxIyQzIyQ3MiQzNjEyMjIjNTEjJDEjJDYjJDgz,"경기도 성남시 중원구 산성대로 354, (중앙동, 태성빌딩)"
JDU4MTI3MSM1MSMkMSMkMCMkMTMkNDgxMzUxIzExIyQxIyQzIyQ5MiQzNjE0ODEjNDEjJDEjJDgjJDgz,"경기도 성남시 중원구 산성대로 464, 1층 (금광동)"
JDU4MTI3MSM1MSMkMSMkMCMkMTMkNDgxMzUxIzExIyQxIyQzIyQ5MiQ0NjEwMDIjNTEjJDEjJDIjJDgz,"경기도 성남시 분당구 정자일로213번길 5, 301동 214,215호 (정자동, 아이파크)"
JDU4MTI3MSM1MSMkMSMkMCMkMTMkNDgxMzUxIzExIyQxIyQzIyQwMyQzNjEwMDIjNzEjJDEjJDgjJDgz,"경기도 성남시 분당구 돌마로 68, 201호 (구미동, 분당프라자)"
JDU4MTI3MSM1MSMkMSMkMCMkMTMkNDgxMzUxIzExIyQxIyQ3IyQ5MiQzNjEyMjIjNjEjJDEjJDAjJDgz,"경기도 성남시 분당구 대왕판교로606번길 39, 404~405호 (삼평동, 럭스타워)"
JDU4MTI3MSM1MSMkMSMkMCMkMTMkNDgxMzUxIzExIyQxIyQ3IyQ4MiQ0NjEwMDIjNDEjJDEjJDgjJDgz,"경기도 성남시 수정구 위례광장로 300, 위례중앙역 중앙타워 8층 806호 (창곡동)"
JDU4MTI3MSM1MSMkMSMkMCMkMTMkNDgxMzUxIzExIyQxIyQ3IyQ5MiQyNjEyMjIjNDEjJDEjJDgjJDgz,"경기도 성남시 수정구 위례동로 135, 2층 202호 (창곡동, 신성위캐슬타워)"
JDU4MTI3MSM1MSMkMSMkMCMkMTMkNDgxMzUxIzExIyQxIyQ3IyQ2MiQyNjEwMDIjNDEjJDEjJDgjJDgz,"경기도 성남시 수정구 수정로 98, 1층 (수진동)"
JDU4MTI3MSM1MSMkMSMkMCMkMTMkNDgxMzUxIzExIyQxIyQ3IyQ5OSQzNjEwMDIjNDEjJDEjJDQjJDgz,"경기도 성남시 분당구 황새울로335번길 5, 401일부호 (서현동, 앤 타운빌딩)"
JDQ4MTYyMiM1MSMkMiMkMCMkMDAkNDgxMzUxIzUxIyQxIyQ1IyQxMyQyNjEwMDIjODEjJDEjJDYjJDgz,"경기도 성남시 분당구 판교로 441, 202~204호 206호 (야탑동, 남서울프라자)"
JDU4MTI3MSM1MSMkMSMkMCMkMTMkNDgxMzUxIzIxIyQxIyQxIyQ4OSQyNjE4MzIjNTEjJDEjJDIjJDgz,"경기도 성남시 수정구 위례광장로 320, 6층 616,617호 (창곡동, 아이에스센트럴타워)"
JDU4MTI3MSM1MSMkMSMkMCMkMTMkNDgxMzUxIzIxIyQxIyQxIyQ4OSQyNjE0ODEjODEjJDEjJDIjJDgz,"경기도 성남시 중원구 금상로 11, 1층 (상대원동)"
JDU4MTI3MSM1MSMkMSMkMCMkMTMkNDgxMzUxIzIxIyQxIyQxIyQ4OSQyNjEwMDIjNjEjJDEjJDgjJDgz,"경기도 성남시 수정구 위례광장로 320, 4층 410호 (창곡동, 아이에스센트럴타워)"
JDU4MTI3MSM1MSMkMSMkMCMkMTMkNDgxMzUxIzIxIyQyIyQxIyQwMCQyNjEwMDIjNDEjJDEjJDgjJDgz,"경기도 성남시 분당구 서현로 192, 9층 903호 (서현동, 야베스밸리)"
JDU4MTI3MSM1MSMkMSMkMCMkMTMkNDgxMzUxIzIxIyQyIyQxIyQwMCQ0NjEwMDIjNjEjJDEjJDgjJDgz,"경기도 성남시 수정구 위례동로 153, 4층 407호 (창곡동, 에이플타워)"
JDU4MTI3MSM1MSMkMSMkMCMkMTMkNDgxMzUxIzIxIyQxIyQxIyQ3MiQyNjEyMjIjNTEjJDEjJDYjJDgz,"경기도 성남시 수정구 위례광장로 322, 3층 303호 (창곡동, 아이플렉스)"
JDU4MTI3MSM1MSMkMSMkMCMkMTMkNDgxMzUxIzIxIyQxIyQxIyQ3MiQyNjE4MzIjNDEjJDEjJDgjJDgz,"경기도 성남시 수정구 위례동로 141, 4층 405호 (창곡동, 우성메디피아)"
JDU4MTI3MSM1MSMkMSMkMCMkMTMkNDgxMzUxIzIxIyQxIyQxIyQ3MiQ0NjEwMDIjNDEjJDEjJDgjJDgz,"경기도 성남시 분당구 돌마로 52, 502호 (구미동, MD프라자)"
JDU4MTI3MSM1MSMkMSMkMCMkMTMkNDgxMzUxIzIxIyQxIyQxIyQ5MiQ0NjE0ODEjNzEjJDEjJDgjJDgz,"경기도 성남시 수정구 위례광장로 310, 609호 (창곡동, 우성트램타워)"
JDU4MTI3MSM1MSMkMSMkMCMkMTMkNDgxMzUxIzExIyQxIyQ3IyQwMyQ0NjE0ODEjODEjJDEjJDIjJDgz,"경기도 성남시 수정구 위례동로 153, 5층 507호 (창곡동, 에이플타워)"
JDU4MTI3MSM1MSMkMSMkMCMkMTMkNDgxMzUxIzExIyQxIyQ3IyQxMyQzNjE0ODEjNTEjJDEjJDIjJDgz,"경기도 성남시 중원구 광명로 355, 2층 (금광동)"
JDU4MTI3MSM1MSMkMSMkMCMkMTMkNDgxMzUxIzIxIyQxIyQxIyQwMyQzNjEyMjIjODEjJDEjJDIjJDgz,"경기도 성남시 분당구 대왕판교로606번길 58, 판교푸르지오월드마크 2-32호 (삼평동)"
JDU4MTI3MSM1MSMkMSMkMCMkMTMkNDgxMzUxIzIxIyQxIyQxIyQxMyQ0NjE0ODEjNDEjJDEjJDgjJDgz,"경기도 성남시 분당구 돌마로486번길 6, 상록프라자 204호 (서현동)"
JDU4MTI3MSM1MSMkMSMkMCMkMTMkNDgxMzUxIzIxIyQxIyQ1IyQ2MiQzNjEwMDIjNzEjJDEjJDgjJDgz,"경기도 성남시 수정구 수정로120번길 5, 1층 (수진동)"
JDU4MTI3MSM1MSMkMSMkMCMkMTMkNDgxMzUxIzIxIyQxIyQ1IyQxMyQyNjEwMDIjNDEjJDEjJDgjJDgz,"경기도 성남시 분당구 돌마로 79, 501호 (금곡동, 썬프라자)"
JDQ4MTYyMiM1MSMkMiMkMCMkMDAkNDgxOTYxIzIxIyQxIyQ5IyQ4MiQ0NjE0ODEjODEjJDEjJDIjJDgz,"경기도 성남시 분당구 성남대로331번길 7, 501호 (정자동, 정자스타빌딩)"
JDQ4MTYyMiM1MSMkMiMkMCMkMDAkNDgxOTYxIzMxIyQxIyQ3IyQ4MiQzNjE0ODEjODEjJDEjJDIjJDgz,"경기도 성남시 분당구 정자로 105, 302호 (정자동, 새소망전인교육센타)"
JDU4MTI3MSM1MSMkMSMkMCMkMTMkNDgxMzUxIzIxIyQxIyQ5IyQ3OSQyNjEwMDIjNDEjJDEjJDgjJDgz,"경기도 성남시 수정구 위례광장로 300, 7층 708호 (창곡동, 위례중앙역중앙타워)"
JDU4MTI3MSM1MSMkMSMkMCMkMTMkNDgxMzUxIzIxIyQxIyQ5IyQ4OSQ0NjEwMDIjNjEjJDEjJDAjJDgz,"경기도 성남시 분당구 야탑로81번길 10, 202호 (야탑동)"
JDU4MTI3MSM1MSMkMSMkMCMkMTMkNDgxMzUxIzIxIyQyIyQ5IyQwMCQzNjE0ODEjODEjJDEjJDIjJDgz,"경기도 성남시 수정구 위례서일로 34, 우남역 성희프라자 6층 608호 (창곡동)"
JDU4MTI3MSM1MSMkMSMkMCMkMTMkNDgxMzUxIzIxIyQxIyQ5IyQ3MiQzNjEyMjIjODEjJDEjJDYjJDgz,"경기도 성남시 분당구 성남대로331번길 3-9, 백궁프라자3 505호 (정자동)"
JDU4MTI3MSM1MSMkMSMkMCMkMTMkNDgxMzUxIzIxIyQxIyQ5IyQ4OSQyNjEwMDIjODEjJDEjJDYjJDgz,"경기도 성남시 분당구 돌마로 86, 701-1, 701-2호 (구미동)"
JDU4MTI3MSM1MSMkMSMkMCMkMTMkNDgxMzUxIzIxIyQxIyQ5IyQ4MiQyNjE4MzIjNDEjJDEjJDgjJDgz,"경기도 성남시 수정구 위례광장로 310, 우성트램타워 A동 4층 401호 (창곡동)"
JDU4MTI3MSM1MSMkMSMkMCMkMTMkNDgxMzUxIzIxIyQxIyQ5IyQ5MiQ0NjE0ODEjNDEjJDEjJDQjJDgz,"경기도 성남시 분당구 돌마로 46, 4층 일부호 (구미동, 광천프라자)"
JDU4MTI3MSM1MSMkMSMkMCMkMTMkNDgxMzUxIzMxIyQxIyQzIyQ3OSQyNjEyMjIjNjEjJDEjJDgjJDgz,"경기도 성남시 분당구 동판교로 61, 405호 (백현동, 자유퍼스트프라자2)"
JDU4MTI3MSM1MSMkMSMkMCMkMTMkNDgxMzUxIzMxIyQxIyQzIyQ4OSQzNjE4MzIjNjEjJDEjJDAjJDgz,"경기도 성남시 분당구 서현로210번길 17, 광림플라자 304호 (서현동)"
JDU4MTI3MSM1MSMkMSMkMCMkMTMkNDgxMzUxIzMxIyQxIyQzIyQ4OSQyNjEyMjIjNTEjJDEjJDYjJDgz,"경기도 성남시 분당구 성남대로331번길 13, 백궁프라자 1 2층 204호 (정자동)"
JDU4MTI3MSM1MSMkMSMkMCMkMTMkNDgxMzUxIzMxIyQxIyQzIyQ2MiQyNjE4MzIjNTEjJDEjJDYjJDgz,"경기도 성남시 분당구 정자로 88, 성심빌딩 3층 302호 (정자동)"
JDU4MTI3MSM1MSMkMSMkMCMkMTMkNDgxMzUxIzMxIyQxIyQzIyQ3MiQyNjEyMjIjNTEjJDEjJDIjJDgz,"경기도 성남시 분당구 분당로263번길 35, 서현굿모닝프라자 202호 (서현동)"
JDU4MTI3MSM1MSMkMSMkMCMkMTMkNDgxMzUxIzMxIyQxIyQzIyQ4MiQyNjEwMDIjNDEjJDEjJDgjJDgz,"경기도 성남시 수정구 복정로 86, (복정동, 2층)"
JDU4MTI3MSM1MSMkMSMkMCMkMTMkNDgxMzUxIzMxIyQxIyQzIyQ5MiQyNjE4MzIjNjEjJDEjJDQjJDgz,"경기도 성남시 분당구 대왕판교로606번길 58, 2-28호 (삼평동, 판교푸르지오월드마크)"
JDU4MTI3MSM1MSMkMSMkMCMkMTMkNDgxMzUxIzMxIyQyIyQ3IyQwMCQyNjEyMjIjNjEjJDEjJDAjJDgz,"경기도 성남시 중원구 산성대로 354-1, 3,4층 (중앙동)"
JDU4MTI3MSM1MSMkMSMkMCMkMTMkNDgxMzUxIzUxIyQxIyQ1IyQ5OSQ0NjE0ODEjNjEjJDEjJDQjJDgz,"경기도 성남시 분당구 판교로 374, 401호 (삼평동, 스타식스코아2)"
JDU4MTI3MSM1MSMkMSMkMCMkMTMkNDgxMzUxIzMxIyQxIyQ3IyQ5MiQzNjE4MzIjNjEjJDEjJDAjJDgz,"경기도 성남시 중원구 산성대로 450, 산성빌딩 2층 (금광동)"
JDU4MTI3MSM1MSMkMSMkMCMkMTMkNDgxMzUxIzUxIyQxIyQ1IyQ3MiQ0NjE0ODEjNzEjJDEjJDgjJDgz,"경기도 성남시 수정구 산성대로 517, 102호 (양지동)"
JDU4MTI3MSM1MSMkMSMkMCMkMTMkNDgxMzUxIzMxIyQxIyQzIyQ4MiQyNjE0ODEjNTEjJDEjJDYjJDgz,"경기도 성남시 분당구 판교로255번길 9-22, 판교 우림 W-CITY 201호 (삼평동)"
JDQ4MTYyMiM1MSMkMSMkMCMkNzIkMzgxOTYxIzQxIyQxIyQ3IyQ5OSQzNjEyMjIjODEjJDEjJDYjJDgz,"경기도 성남시 중원구 은이로7번길 7, (은행동)"
JDQ4MTYyMiM1MSMkMSMkMCMkNzIkMzgxMzUxIzUxIyQxIyQxIyQwMyQyNjE0ODEjNjEjJDEjJDAjJDgz,"경기도 성남시 중원구 광명로 377, 동관동 108호 (금광동)"
JDU4MTI3MSM1MSMkMSMkMCMkMTMkNDgxMzUxIzUxIyQxIyQ1IyQ4MiQzNjE4MzIjNjEjJDEjJDgjJDgz,"경기도 성남시 수정구 수정로 291, 상가1동  303호 (신흥동)"
JDU4MTI3MSM1MSMkMSMkMCMkMTMkNDgxMzUxIzUxIyQxIyQ1IyQ5MiQ0NjE0ODEjNDEjJDEjJDgjJDgz,"경기도 성남시 분당구 불정로 380, 3층 301,302호 (서현동, 동남프라자)"
JDU4MTI3MSM1MSMkMSMkMCMkMTMkNDgxMzUxIzQxIyQxIyQ3IyQ5MiQzNjEwMDIjNjEjJDEjJDAjJDgz,"경기도 성남시 중원구 광명로 5, 성남동메디칼센타 301호 (성남동)"
JDU4MTI3MSM1MSMkMSMkMCMkMTMkNDgxMzUxIzQxIyQxIyQ3IyQ4MiQyNjEyMjIjNTEjJDEjJDIjJDgz,"경기도 성남시 분당구 정자로 13, 월드비터 412호 (정자동)"
JDU4MTI3MSM1MSMkMSMkMCMkMTMkNDgxOTYxIzExIyQxIyQzIyQ3OSQyNjEwMDIjNDEjJDEjJDgjJDgz,"경기도 성남시 수정구 수정로 341, 상가 2동 4층 405,406호 (신흥동)"
JDU4MTI3MSM1MSMkMSMkMCMkMTMkNDgxMzUxIzUxIyQxIyQxIyQ3OSQyNjEwMDIjNzEjJDEjJDgjJDgz,"경기도 성남시 분당구 분당로53번길 20, 5층 502호 (서현동, 이랜드프라자)"
JDU4MTI3MSM1MSMkMSMkMCMkMTMkNDgxOTYxIzExIyQxIyQzIyQ4OSQyNjE0ODEjNDEjJDEjJDgjJDgz,"경기도 성남시 분당구 정자일로 162, 젤존타워2 5층 503호 (정자동)"
JDU4MTI3MSM1MSMkMSMkMCMkMTMkNDgxOTYxIzExIyQxIyQzIyQ5OSQyNjE0ODEjODEjJDEjJDIjJDgz,"경기도 성남시 분당구 불정로 258, 우진프라자 4층 401호 (수내동)"
JDU4MTI3MSM1MSMkMSMkMCMkMTMkNDgxOTYxIzExIyQxIyQzIyQ3OSQ0NjE0ODEjODEjJDEjJDYjJDgz,"경기도 성남시 중원구 양현로 409, 어반스퀘어 701~706호 (여수동)"
JDU4MTI3MSM1MSMkMSMkMCMkMTMkNDgxMzUxIzUxIyQxIyQxIyQ5MiQzNjEwMDIjNDEjJDEjJDgjJDgz,"경기도 성남시 분당구 느티로 27, 하나플라자빌딩 302호 (정자동)"
JDU4MTI3MSM1MSMkMSMkMCMkMTMkNDgxOTYxIzExIyQxIyQzIyQwMyQzNjEyMjIjNDEjJDEjJDgjJDgz,"경기도 성남시 중원구 광명로 325, 대성빌딩 2층 (금광동)"
JDU4MTI3MSM1MSMkMSMkMCMkMTMkNDgxMzUxIzUxIyQxIyQxIyQwMyQyNjEwMDIjNjEjJDEjJDQjJDgz,"경기도 성남시 분당구 돌마로 481, 분당우성프라자 203호 (서현동)"
JDU4MTI3MSM1MSMkMSMkMCMkMTMkNDgxMzUxIzUxIyQxIyQxIyQwMyQzNjE4MzIjNjEjJDEjJDAjJDgz,"경기도 성남시 분당구 성남대로 168, 미도프라자 2층 201호 (금곡동)"
JDU4MTI3MSM1MSMkMSMkMCMkMTMkNDgxMzUxIzUxIyQxIyQxIyQxMyQ0NjEwMDIjODEjJDEjJDIjJDgz,"경기도 성남시 분당구 정자일로 197, 2층 201호 (정자동)"
JDU4MTI3MSM1MSMkMSMkMCMkMTMkNDgxOTYxIzExIyQxIyQzIyQwMyQzNjEwMDIjNTEjJDEjJDIjJDgz,"경기도 성남시 중원구 광명로 4, 4층 402,403호 (성남동, 아트팰리스)"
JDU4MTI3MSM1MSMkMSMkMCMkMTMkNDgxOTYxIzExIyQxIyQ3IyQ3MiQyNjE0ODEjNjEjJDEjJDgjJDgz,"경기도 성남시 수정구 공원로 322, 216호 (신흥동, 신동아파라디움)"
JDU4MTI3MSM1MSMkMSMkMCMkMTMkNDgxOTYxIzExIyQxIyQ3IyQ3MiQyNjEwMDIjNjEjJDEjJDAjJDgz,"경기도 성남시 수정구 수정로 130, 창도빌딩 4층 일부 (수진동)"
JDU4MTI3MSM1MSMkMSMkMCMkMTMkNDgxOTYxIzExIyQxIyQzIyQxMyQ0NjE0ODEjNjEjJDEjJDAjJDgz,"경기도 성남시 분당구 성남대로926번길 6, 야탑 대덕프라자 501,502호 (야탑동)"
JDU4MTI3MSM1MSMkMSMkMCMkMTMkNDgxOTYxIzIxIyQxIyQxIyQ4OSQyNjE4MzIjODEjJDEjJDIjJDgz,"경기도 성남시 분당구 분당내곡로 131, 판교 테크원 2층 일부(16호)호 (백현동)"
JDU4MTI3MSM1MSMkMSMkMCMkMTMkNDgxOTYxIzExIyQxIyQ3IyQwMyQyNjE0ODEjODEjJDEjJDIjJDgz,"경기도 성남시 분당구 돌마로 67, 금산젬월드 2층 206호, 207호 (금곡동)"
JDU4MTI3MSM1MSMkMSMkMCMkMTMkNDgxMzUxIzUxIyQxIyQ1IyQ3OSQ0NjEwMDIjODEjJDEjJDYjJDgz,"경기도 성남시 수정구 위례동로 153, 6층 605호 (창곡동, 에이플타워)"
JDU4MTI3MSM1MSMkMSMkMCMkMTMkNDgxMzUxIzUxIyQxIyQ1IyQ5OSQyNjEwMDIjODEjJDEjJDIjJDgz,"경기도 성남시 분당구 느티로 16, 405호 (정자동, 젤존타워1)"
JDU4MTI3MSM1MSMkMSMkMCMkMTMkNDgxOTYxIzExIyQxIyQ3IyQxMyQzNjE4MzIjNTEjJDEjJDIjJDgz,"경기도 성남시 수정구 수정로 175-1, 1층 (태평동)"
JDU4MTI3MSM1MSMkMSMkMCMkMTMkNDgxOTYxIzExIyQxIyQ3IyQxMyQyNjEyMjIjNDEjJDEjJDgjJDgz,"경기도 성남시 중원구 도촌남로 69, 201~203호 (도촌동, 휴먼시아섬마을4단지아파트)"
JDU4MTI3MSM1MSMkMSMkMCMkMTMkNDgxOTYxIzIxIyQxIyQxIyQ4OSQyNjE0ODEjNTEjJDEjJDYjJDgz,"경기도 성남시 분당구 성남대로 165, 천사의도시1 오피스텔  근318호, 근319호, 근320호, 근323호 (금곡동)"
JDU4MTI3MSM1MSMkMSMkMCMkMTMkNDgxMzUxIzUxIyQxIyQ1IyQ5OSQyNjE0ODEjNDEjJDEjJDQjJDgz,"경기도 성남시 수정구 수정북로 31, 1층 일부 (태평동)"
JDU4MTI3MSM1MSMkMSMkMCMkMTMkNDgxOTYxIzIxIyQyIyQxIyQwMCQzNjEwMDIjODEjJDEjJDYjJDgz,"경기도 성남시 분당구 판교대장로 84, 펠리씨티-1 지상3층 302호 (대장동)"
JDU4MTI3MSM1MSMkMSMkMCMkMTMkNDgxOTYxIzIxIyQyIyQxIyQwMCQ0NjE0ODEjNTEjJDEjJDYjJDgz,"경기도 성남시 분당구 성남대로331번길 3-9, 백궁프라자3 201호 (정자동)"
JDU4MTI3MSM1MSMkMSMkMCMkMTMkNDgxOTYxIzIxIyQxIyQ1IyQ4OSQyNjEyMjIjNjEjJDEjJDgjJDgz,"경기도 성남시 분당구 황새울로 315, DB손해보험 분당사옥 201호 (서현동)"
JDU4MTI3MSM1MSMkMSMkMCMkMTMkNDgxOTYxIzIxIyQxIyQxIyQ4MiQyNjEyMjIjNjEjJDEjJDgjJDgz,"경기도 성남시 수정구 창업로 17, F동 301호 (시흥동)"
JDU4MTI3MSM1MSMkMSMkMCMkMTMkNDgxOTYxIzIxIyQxIyQ1IyQ5OSQyNjE0ODEjNzEjJDEjJDgjJDgz,"경기도 성남시 중원구 금상로96번길 2, 3층 (상대원동)"
JDU4MTI3MSM1MSMkMSMkMCMkMTMkNDgxOTYxIzIxIyQxIyQxIyQ5MiQyNjE4MzIjNDEjJDEjJDgjJDgz,"경기도 성남시 수정구 위례광장로 104, 위례 한화 오벨리스크 센트럴스퀘어 2257,2258호 (창곡동)"
JDU4MTI3MSM1MSMkMSMkMCMkMTMkNDgxOTYxIzIxIyQxIyQxIyQxMyQ0NjE0ODEjNzEjJDEjJDgjJDgz,"경기도 성남시 수정구 위례광장로 21, 가하빌딩 203,204호 (창곡동)"
JDU4MTI3MSM1MSMkMSMkMCMkMTMkNDgxOTYxIzIxIyQxIyQxIyQ2MiQzNjEyMjIjNjEjJDEjJDAjJDgz,"경기도 성남시 분당구 황새울로360번길 21, 1102호 (서현동, 신영팰리스타워)"
JDU4MTI3MSM1MSMkMSMkMCMkMTMkNDgxOTYxIzIxIyQxIyQxIyQ3MiQzNjE4MzIjNDEjJDEjJDQjJDgz,"경기도 성남시 수정구 수정로 88, 2층 201호 (수진동)"
JDU4MTI3MSM1MSMkMSMkMCMkMTMkNDgxOTYxIzIxIyQxIyQ1IyQ5OSQ0NjE0ODEjNTEjJDEjJDIjJDgz,"경기도 성남시 수정구 위례광장로 310, 우성트램타워 B동 201호 (창곡동)"
JDU4MTI3MSM1MSMkMSMkMCMkMTMkNDgxOTYxIzIxIyQxIyQxIyQxMyQzNjEwMDIjNTEjJDEjJDIjJDgz,"경기도 성남시 수정구 수정로 80, 105-106호 (수진동, 우리빌)"
JDU4MTI3MSM1MSMkMSMkMCMkMTMkNDgxOTYxIzIxIyQxIyQ1IyQ3OSQyNjEyMjIjODEjJDEjJDYjJDgz,"경기도 성남시 분당구 성남대로331번길 7, 정자스타빌딩 302호 (정자동)"
JDU4MTI3MSM1MSMkMSMkMCMkMTMkNDgxOTYxIzIxIyQyIyQ1IyQwMCQyNjE0ODEjNjEjJDEjJDAjJDgz,"경기도 성남시 분당구 서현로210번길 14, 유성트윈프라자2차 4층 403, 404호 (서현동)"
JDU4MTI3MSM1MSMkMSMkMCMkMTMkNDgxOTYxIzIxIyQxIyQ1IyQxMyQyNjEyMjIjNjEjJDEjJDAjJDgz,"경기도 성남시 수정구 수정로 115, 3층 (태평동)"
JDU4MTI3MSM1MSMkMSMkMCMkMTMkNDgxOTYxIzIxIyQyIyQ1IyQwMCQ0NjEwMDIjODEjJDEjJDIjJDgz,"경기도 성남시 분당구 황새울로342번길 9, 서울문고 7층 (서현동)"
JDU4MTI3MSM1MSMkMSMkMCMkMTMkNDgxOTYxIzIxIyQxIyQ1IyQ2MiQzNjE4MzIjODEjJDEjJDYjJDgz,"경기도 성남시 중원구 도촌남로 27, 동강프라자 204호 (도촌동)"
JDU4MTI3MSM1MSMkMSMkMCMkMTMkNDgxOTYxIzIxIyQxIyQ1IyQ3MiQzNjE0ODEjNDEjJDEjJDgjJDgz,"경기도 성남시 분당구 판교로 432, (이매동, 제일프라자 202호)"
JDU4MTI3MSM1MSMkMSMkMCMkMTMkNDgxOTYxIzIxIyQxIyQ1IyQ3MiQzNjEwMDIjNDEjJDEjJDQjJDgz,"경기도 성남시 수정구 위례광장로 328, 우성위례타워 2층 205호 (창곡동)"
JDU4MTI3MSM1MSMkMSMkMCMkMTMkNDgxOTYxIzIxIyQxIyQ1IyQ3MiQ0NjEwMDIjNTEjJDEjJDIjJDgz,"경기도 성남시 중원구 갈마치로288번길 14, 성남 SK V1 tower A동 B135호 (상대원동)"
JDU4MTI3MSM1MSMkMSMkMCMkMTMkNDgxOTYxIzIxIyQxIyQ1IyQ2MiQzNjEyMjIjNDEjJDEjJDgjJDgz,"경기도 성남시 분당구 중앙공원로40번길 4, 204호 (서현동, 현대카스올림픽골프파크)"
JDU4MTI3MSM1MSMkMSMkMCMkMTMkNDgxOTYxIzIxIyQxIyQ1IyQ5MiQyNjEwMDIjNDEjJDEjJDgjJDgz,"경기도 성남시 분당구 야탑로69번길 24-8, 분당종합상가 301호 (야탑동)"
JDU4MTI3MSM1MSMkMSMkMCMkMTMkNDgxOTYxIzIxIyQxIyQ1IyQwMyQyNjE0ODEjNDEjJDEjJDgjJDgz,"경기도 성남시 분당구 서현로 192, 야베스밸리 3층 305호 (서현동)"
JDU4MTI3MSM1MSMkMSMkMCMkMTMkNDgxOTYxIzIxIyQxIyQ1IyQwMyQyNjEyMjIjNzEjJDEjJDgjJDgz,"경기도 성남시 수정구 청계산로 689, 301호 (고등동)"
JDU4MTI3MSM1MSMkMSMkMCMkMTMkNDgxOTYxIzIxIyQxIyQ5IyQ5OSQyNjEyMjIjNDEjJDEjJDQjJDgz,"경기도 성남시 수정구 청계산로1길 27, 2층 202,203호 (고등동)"
JDU4MTI3MSM1MSMkMSMkMCMkMTMkNDgxOTYxIzIxIyQxIyQ1IyQxMyQ0NjE0ODEjNTEjJDEjJDYjJDgz,"경기도 성남시 분당구 돌마로 68, 505호 (구미동, 분당프라자)"
JDU4MTI3MSM1MSMkMSMkMCMkMTMkNDgxOTYxIzIxIyQxIyQ1IyQ2MiQyNjE0ODEjNDEjJDEjJDgjJDgz,"경기도 성남시 분당구 운중로 115, 301호 (운중동)"
JDU4MTI3MSM1MSMkMSMkMCMkMTMkNDgxOTYxIzIxIyQxIyQ5IyQ4OSQyNjEyMjIjNTEjJDEjJDIjJDgz,"경기도 성남시 분당구 서현로 192, 402호 (서현동, 야베스밸리)"
JDU4MTI3MSM1MSMkMSMkMCMkMTMkNDgxOTYxIzIxIyQxIyQ5IyQ4OSQyNjE4MzIjNDEjJDEjJDgjJDgz,"경기도 성남시 분당구 판교로 376, 402,403호 (삼평동, 마크시티 퍼플)"
JDU4MTI3MSM1MSMkMSMkMCMkMTMkNDgxOTYxIzIxIyQyIyQ5IyQwMCQyNjE0ODEjNDEjJDEjJDgjJDgz,"경기도 성남시 분당구 돌마로476번길 31, 2층 203~204호 (서현동, 효자촌삼환아파트)"
JDU4MTI3MSM1MSMkMSMkMCMkMTMkNDgxOTYxIzIxIyQyIyQ1IyQwMCQzNjE0ODEjNzEjJDEjJDgjJDgz,"경기도 성남시 분당구 황새울로360번길 19, 302호 (서현동, 금화빌딩)"
JDU4MTI3MSM1MSMkMSMkMCMkMTMkNDgxOTYxIzIxIyQxIyQ5IyQ3OSQzNjEyMjIjODEjJDEjJDIjJDgz,"경기도 성남시 분당구 불정로376번길 37, 범한프라자 3층 307호 (서현동)"
JDU4MTI3MSM1MSMkMSMkMCMkMTMkNDgxOTYxIzIxIyQxIyQ1IyQ4MiQyNjE4MzIjNDEjJDEjJDgjJDgz,"경기도 성남시 분당구 성남대로 30, 301호 (구미동, 동아그린)"
JDU4MTI3MSM1MSMkMSMkMCMkMTMkNDgxOTYxIzIxIyQxIyQ1IyQwMyQzNjEyMjIjNDEjJDEjJDQjJDgz,"경기도 성남시 수정구 산성대로 247, 2층 (신흥동)"
JDU4MTI3MSM1MSMkMSMkMCMkMTMkNDgxOTYxIzIxIyQyIyQ1IyQwMCQzNjEwMDIjNjEjJDEjJDQjJDgz,"경기도 성남시 중원구 광명로 289, 단대쇼핑센타 3층 (금광동)"
JDU4MTI3MSM1MSMkMSMkMCMkMTMkNDgxOTYxIzIxIyQxIyQ5IyQ3MiQzNjE0ODEjODEjJDEjJDIjJDgz,"경기도 성남시 분당구 장미로 78, 시그마3 310호 (야탑동)"
JDQ4MTYyMiM1MSMkMSMkMCMkNzIkNDgxMTkxIzIxIyQxIyQxIyQ3MiQzNjE0ODEjNDEjJDEjJDQjJDgz,"경기도 성남시 분당구 황새울로200번길 40, 5층 (수내동)"
JDU4MTI3MSM1MSMkMSMkMCMkMTMkMzgxNzAyIzUxIyQxIyQ1IyQ4OSQ0NjE0ODEjNTEjJDEjJDIjJDgz,"경기도 성남시 중원구 광명로 315, 1층 (금광동)"
JDQ4MTYyMiM1MSMkMSMkMCMkNzIkNTgxMzUxIzExIyQxIyQ3IyQwMyQzNjE4MzIjNDEjJDEjJDgjJDgz,"경기도 성남시 분당구 내정로107번길 2, 양지프라자 2층 201호 (정자동)"
JDU4MTI3MSM1MSMkMSMkMCMkMTMkMzgxNzAyIzIxIyQxIyQ1IyQ4OSQyNjE4MzIjNTEjJDEjJDYjJDgz,"경기도 성남시 분당구 황새울로258번길 36, 402호 (수내동, 광진빌딩)"
JDU4MTI3MSM1MSMkMSMkMCMkMTMkMzgxNzAyIzIxIyQxIyQxIyQ5OSQzNjEyMjIjODEjJDEjJDYjJDgz,"경기도 성남시 중원구 금상로 122, 2층 (상대원동)"
JDU4MTI3MSM1MSMkMSMkMCMkMTMkMzgxNzAyIzIxIyQxIyQ1IyQ4OSQzNjEyMjIjODEjJDEjJDIjJDgz,"경기도 성남시 중원구 성남대로 1139, 한일타워 201호 (성남동)"
JDU4MTI3MSM1MSMkMSMkMCMkMTMkMzgxNzAyIzIxIyQxIyQ1IyQ5OSQyNjEyMjIjNTEjJDEjJDIjJDgz,"경기도 성남시 분당구 성남대로331번길 13, 506호 (정자동, 백궁프라자)"
JDU4MTI3MSM1MSMkMSMkMCMkMTMkMzgxNzAyIzIxIyQyIyQ1IyQwMCQyNjE4MzIjODEjJDEjJDIjJDgz,"경기도 성남시 수정구 산성대로 287-1, 2층 (신흥동)"
JDU4MTI3MSM1MSMkMSMkMCMkMTMkMzgxNzAyIzIxIyQxIyQ1IyQ4MiQyNjEyMjIjNDEjJDEjJDgjJDgz,"경기도 성남시 분당구 판교로 434, 201~202(일부)호 (이매동, 명건빌딩)"
JDQ4MTYyMiM1MSMkMSMkMCMkNzIkMzgxNzAyIzIxIyQxIyQ5IyQ5MiQzNjEwMDIjODEjJDEjJDYjJDgz,"경기도 성남시 수정구 위례동로 153, 3층 305, 306호 (창곡동, 에이플타워)"
JDU4MTI3MSM1MSMkMSMkMCMkMTMkMzgxNzAyIzIxIyQxIyQ1IyQ5MiQzNjEyMjIjNDEjJDEjJDgjJDgz,"경기도 성남시 분당구 동판교로 61, 자유퍼스트프라자2 7층 702호 (백현동)"
JDU4MTI3MSM1MSMkMSMkMCMkMTMkMzgxNzAyIzIxIyQxIyQ1IyQ4MiQzNjEyMjIjNjEjJDEjJDAjJDgz,"경기도 성남시 중원구 산성대로 516, 2층 (은행동)"
JDU4MTI3MSM1MSMkMSMkMCMkMTMkMzgxNzAyIzIxIyQxIyQ5IyQ4OSQ0NjE0ODEjNDEjJDEjJDgjJDgz,"경기도 성남시 분당구 미금로 45, 212호 (구미동, 진도훼미리프라자)"
JDU4MTI3MSM1MSMkMSMkMCMkMTMkMzgxNzAyIzIxIyQxIyQ5IyQ2MiQyNjE0ODEjNzEjJDEjJDgjJDgz,"경기도 성남시 분당구 성남대로 151, 분당엠코헤리츠 2층 215호 (구미동)"
JDU4MTI3MSM1MSMkMSMkMCMkMTMkMzgxNzAyIzIxIyQxIyQ5IyQ4OSQyNjEyMjIjNDEjJDEjJDgjJDgz,"경기도 성남시 중원구 광명로 344, 2층 (금광동)"
JDU4MTI3MSM1MSMkMSMkMCMkMTMkMzgxNzAyIzMxIyQxIyQzIyQ3OSQzNjE0ODEjNzEjJDEjJDgjJDgz,"경기도 성남시 분당구 운중로 242, 309호 (판교동, 리버스토리)"
JDU4MTI3MSM1MSMkMSMkMCMkMTMkMzgxNzAyIzMxIyQxIyQzIyQ2MiQyNjEwMDIjNDEjJDEjJDgjJDgz,"경기도 성남시 분당구 성남대로 170, 한국프라자 204, 205-1호 (금곡동)"
JDU4MTI3MSM1MSMkMSMkMCMkMTMkMzgxNzAyIzMxIyQxIyQzIyQ5MiQyNjEwMDIjNTEjJDEjJDYjJDgz,"경기도 성남시 분당구 서판교로 36, 3층 (판교동, 화령빌딩)"
JDU4MTI3MSM1MSMkMSMkMCMkMTMkMzgxNzAyIzMxIyQxIyQ3IyQ3OSQyNjE4MzIjNjEjJDEjJDQjJDgz,"경기도 성남시 분당구 내정로166번길 43, 금산프라자빌딩 3층 307호 (수내동)"
JDU4MTI3MSM1MSMkMSMkMCMkMTMkMzgxNzAyIzMxIyQxIyQ3IyQ4OSQzNjE4MzIjNjEjJDEjJDQjJDgz,"경기도 성남시 분당구 야탑로81번길 10, 4층 404호 (야탑동, 분당아미고타워)"
JDU4MTI3MSM1MSMkMiMkMCMkMDAkNDgxOTYxIzMxIyQxIyQzIyQwMyQzNjE4MzIjNTEjJDEjJDYjJDgz,"경기도 성남시 분당구 서현로 192, 902 일부호 (서현동, 야베스밸리)"
JDU4MTI3MSM1MSMkMSMkMCMkMTMkMzgxNzAyIzMxIyQyIyQ3IyQwMCQzNjE0ODEjNjEjJDEjJDQjJDgz,"경기도 성남시 분당구 성남대로926번길 6, 4층 405호 (야탑동, 대덕프라자)"
JDU4MTI3MSM1MSMkMSMkMCMkMTMkMzgxNzAyIzMxIyQxIyQ3IyQ3MiQzNjEyMjIjNjEjJDEjJDgjJDgz,"경기도 성남시 분당구 성남대로 385, 603호 (정자동, 분당클리닉)"
JDU4MTI3MSM1MSMkMiMkMCMkMDAkNTgxMzUxIzIxIyQxIyQ1IyQwMyQzNjEwMDIjNDEjJDEjJDgjJDgz,"경기도 성남시 분당구 분당로53번길 10, 동호플라자 401호 (서현동)"
JDQ4MTYyMiM1MSMkMSMkMCMkMTMkNDgxOTYxIzUxIyQxIyQxIyQwMyQyNjE0ODEjNDEjJDEjJDQjJDgz,"경기도 성남시 분당구 서현로 184, 203호 (서현동, 엘지분당에클라트)"
JDU4MTI3MSM1MSMkMiMkMCMkMDAkNDgxMTkxIzIxIyQxIyQ1IyQ2MiQzNjE4MzIjNzEjJDEjJDgjJDgz,"경기도 성남시 분당구 내정로 172, 상지상가빌딩 401호 (수내동)"
JDQ4MTYyMiM1MSMkMSMkMCMkOTkkNTgxMzUxIzMxIyQxIyQzIyQ5OSQyNjE4MzIjNjEjJDEjJDgjJDgz,"경기도 성남시 분당구 양현로375번길 31, 지하1층,1,2,3층 (야탑동)"
JDU4MTI3MSM1MSMkMSMkMCMkMTMkMzgxNzAyIzExIyQxIyQzIyQ3MiQyNjEyMjIjNjEjJDEjJDQjJDgz,"경기도 성남시 분당구 느티로 27, 202호 (정자동, 하나플라자빌딩)"
JDQ4MTYyMiM1MSMkMiMkMCMkMDAkNDgxMTkxIzMxIyQxIyQzIyQ4MiQyNjE0ODEjNjEjJDEjJDAjJDgz,"경기도 성남시 분당구 효자길 19, 1층 (서현동)"
JDU4MTI3MSM1MSMkMSMkMCMkMTMkMzgxNzAyIzExIyQxIyQzIyQ5MiQzNjEyMjIjNTEjJDEjJDIjJDgz,"경기도 성남시 중원구 금상로 81, 1층 (금광동)"
JDU4MTI3MSM1MSMkMSMkMCMkMTMkMzgxNzAyIzExIyQxIyQ3IyQ3OSQzNjEwMDIjNDEjJDEjJDQjJDgz,"경기도 성남시 분당구 판교로 375, 301호 (삼평동, 메가스페이스1)"
JDU4MTI3MSM1MSMkMSMkMCMkMTMkMzgxNzAyIzExIyQxIyQ3IyQ5OSQyNjE0ODEjNTEjJDEjJDYjJDgz,"경기도 성남시 수정구 수정로 140, 2층 (수진동)"
JDU4MTI3MSM1MSMkMSMkMCMkMTMkMzgxNzAyIzExIyQxIyQ3IyQ4OSQzNjEwMDIjNzEjJDEjJDgjJDgz,"경기도 성남시 중원구 제일로35번길 50-1, 1층 (성남동)"
JDU4MTI3MSM1MSMkMSMkMCMkMTMkMzgxNzAyIzExIyQxIyQ3IyQwMyQ0NjE0ODEjNTEjJDEjJDIjJDgz,"경기도 성남시 수정구 수정로 167, (태평동, 4층)"
JDU4MTI3MSM1MSMkMSMkMCMkMTMkMzgxNzAyIzIxIyQyIyQxIyQwMCQyNjEyMjIjNTEjJDEjJDYjJDgz,"경기도 성남시 분당구 느티로 67, 301호 (정자동, 수내조합상가)"
JDU4MTI3MSM1MSMkMSMkMCMkMTMkMzgxNzAyIzIxIyQxIyQxIyQwMyQzNjE4MzIjNDEjJDEjJDgjJDgz,"경기도 성남시 분당구 성남대로331번길 3-3, 젤존타워III 405호 (정자동)"
JDU4MTI3MSM1MSMkMSMkMCMkMTMkMzgxNzAyIzIxIyQxIyQxIyQ4MiQzNjE4MzIjNjEjJDEjJDgjJDgz,"경기도 성남시 분당구 성남대로 345, 707호 (정자동, 정자역프라자)"
JDU4MTI3MSM1MSMkMSMkMCMkMTMkMzgxNzAyIzIxIyQxIyQxIyQxMyQzNjEwMDIjNDEjJDEjJDgjJDgz,"경기도 성남시 수정구 산성대로 433, 3층 (단대동)"
JDU4MTI3MSM1MSMkMiMkMCMkMDAkNTgxMzUxIzIxIyQxIyQ5IyQ4OSQyNjE0ODEjNjEjJDEjJDQjJDgz,"경기도 성남시 분당구 황새울로342번길 9, 서울문고 6층 일부호 (서현동)"
JDU4MTI3MSM1MSMkMiMkMCMkMDAkMzgxNzAyIzQxIyQyIyQ3IyQwMCQzNjEwMDIjNTEjJDEjJDIjJDgz,"경기도 성남시 분당구 판교역로 231, 219,220호 (삼평동, 에이치스퀘어 에스동)"
JDU4MTI3MSM1MSMkMiMkMCMkMDAkNDgxNzAyIzUxIyQxIyQ1IyQwMyQ0NjE0ODEjODEjJDEjJDIjJDgz,"경기도 성남시 수정구 산성대로 537, 1,2,5층 (양지동)"
JDU4MTI3MSM1MSMkMSMkMCMkMTMkNDgxMzUxIzExIyQxIyQzIyQ3MiQyNjEyMjIjNDEjJDEjJDgjJDgz,"경기도 성남시 중원구 은이로 10, 2층 (은행동)"
JDU4MTI3MSM1MSMkMiMkMCMkMDAkNTgxMzUxIzUxIyQxIyQxIyQ5MiQzNjE4MzIjNDEjJDEjJDgjJDgz,"경기도 성남시 분당구 느티로 16, 젤존타워1 5층 510호 (정자동)"
JDU4MTI3MSM1MSMkMiMkMCMkMDAkNTgxMzUxIzIxIyQxIyQ5IyQ4MiQzNjEyMjIjNDEjJDEjJDgjJDgz,"경기도 성남시 분당구 판교대장로6길 10, 404호, 409~411호 (대장동)"
JDU4MTI3MSM1MSMkMiMkMCMkMDAkMzgxNzAyIzIxIyQyIyQxIyQwMCQzNjEwMDIjNDEjJDEjJDgjJDgz,"경기도 성남시 중원구 희망로 336, 금진빌딩 (상대원동)"
JDQ4MTYyMiM1MSMkMSMkMCMkNzIkNTgxMzUxIzExIyQxIyQzIyQxMyQyNjE0ODEjNjEjJDEjJDAjJDgz,"경기도 성남시 수정구 위례서일로 18, 더존메디컬타워 3층 307호 (창곡동)"
JDU4MTI3MSM1MSMkMiMkMCMkMDAkNDgxOTYxIzMxIyQxIyQ3IyQ3MiQzNjEyMjIjNDEjJDEjJDQjJDgz,"경기도 성남시 수정구 위례광장로 310, 우성트램타워 B동 4층 401호 (창곡동)"
JDQ4MTYyMiM1MSMkMiMkMCMkMDAkNDgxMzUxIzIxIyQxIyQ1IyQ5OSQzNjEwMDIjNTEjJDEjJDIjJDgz,"경기도 성남시 중원구 산성대로 530, (은행동)"
JDU4MTI3MSM1MSMkMiMkMCMkMDAkMzgxNzAyIzUxIyQxIyQ1IyQ5OSQyNjEyMjIjNTEjJDEjJDYjJDgz,"경기도 성남시 분당구 판교역로 152, 알파돔타워Ⅲ 3층 3-2(서측)호 (백현동)"
JDQ4MTYyMiM1MSMkMSMkMCMkMTMkNDgxMzUxIzIxIyQxIyQ1IyQ4OSQzNjEwMDIjNTEjJDEjJDIjJDgz,"경기도 성남시 중원구 금빛로 49, 2층 (금광동)"
JDQ4MTYyMiM1MSMkMSMkMCMkMTMkNDgxNzAyIzMxIyQxIyQ3IyQwMyQyNjE0ODEjODEjJDEjJDIjJDgz,"경기도 성남시 분당구 내정로17번길 2, 4010호 (정자동, 한솔프라자)"
JDU4MTI3MSM1MSMkMiMkMCMkMDAkMzgxOTYxIzMxIyQxIyQ3IyQ3OSQzNjEyMjIjNDEjJDEjJDgjJDgz,"경기도 성남시 분당구 서현로321번길 10, 3층 (서현동)"
JDU4MTI3MSM1MSMkMiMkMCMkMDAkNTgxOTYxIzIxIyQyIyQxIyQwMCQzNjEwMDIjNTEjJDEjJDYjJDgz,"경기도 성남시 수정구 희망로 551, C1블럭동 3층 303호, 304호 (신흥동)"
JDU4MTI3MSM1MSMkMiMkMCMkMDAkNTgxOTYxIzIxIyQxIyQ1IyQ2MiQzNjE0ODEjODEjJDEjJDYjJDgz,"경기도 성남시 분당구 서현로 184, 엘지분당에클라트 2층 204호 (서현동)"
JDU4MTI3MSM1MSMkMSMkMCMkMTMkNDgxOTYxIzMxIyQxIyQ3IyQwMyQ0NjE0ODEjNjEjJDEjJDQjJDgz,"경기도 성남시 분당구 판교역로 235, 에이치스퀘어 엔동 109,110호 (삼평동)"
JDU4MTI3MSM1MSMkMiMkMCMkMDAkNTgxOTYxIzMxIyQxIyQzIyQ3OSQ0NjE0ODEjNjEjJDEjJDQjJDgz,"경기도 성남시 분당구 성남대로331번길 3-3, 젤존타워III 708호 (정자동)"
JDU4MTI3MSM1MSMkMSMkMCMkMTMkNDgxOTYxIzQxIyQxIyQ3IyQ4MiQzNjE4MzIjODEjJDEjJDYjJDgz,"경기도 성남시 분당구 판교역로 240, A동 210호 (삼평동, 삼환하이펙스)"
JDU4MTI3MSM1MSMkMiMkMCMkMDAkNTgxOTYxIzExIyQxIyQ3IyQ4OSQzNjE4MzIjODEjJDEjJDYjJDgz,"경기도 성남시 분당구 성남대로 168, 미도프라자 6층 601호 (금곡동)"
JDU4MTI3MSM1MSMkMiMkMCMkMDAkNTgxOTYxIzIxIyQxIyQ5IyQwMyQyNjE0ODEjNDEjJDEjJDgjJDgz,"경기도 성남시 분당구 성남대로925번길 11, 유니마트 206호 (야탑동)"
JDQ4MTYyMiM1MSMkMSMkMCMkNzIkNTgxOTYxIzExIyQxIyQ3IyQ4OSQyNjEyMjIjNjEjJDEjJDAjJDgz,"경기도 성남시 수정구 희망로 551, C1블럭동 3층 302호, 305호 (신흥동)"
JDU4MTI3MSM1MSMkMiMkMCMkMDAkNTgxOTYxIzIxIyQxIyQ5IyQ5MiQ0NjEwMDIjODEjJDEjJDIjJDgz,"경기도 성남시 분당구 성남대로916번길 5, 관보골든쇼핑스포츠빌딩 2층 일부호 (야탑동)"
JDQ4MTYyMiM1MSMkMSMkMCMkNzIkNTgxOTYxIzIxIyQxIyQxIyQ2MiQyNjEwMDIjNjEjJDEjJDAjJDgz,"경기도 성남시 중원구 산성대로372번길 18, 대촌빌딩 5층 (금광동)"
JDU4MTI3MSM1MSMkMiMkMCMkMDAkNTgxOTYxIzMxIyQxIyQzIyQ4OSQzNjEyMjIjNjEjJDEjJDgjJDgz,"경기도 성남시 분당구 분당로53번길 22, 블루홀플라자 5층 2호 (서현동)"
JDU4MTI3MSM1MSMkMiMkMCMkMDAkNTgxOTYxIzMxIyQyIyQzIyQwMCQzNjEwMDIjNTEjJDEjJDIjJDgz,"경기도 성남시 분당구 판교역로 240, 삼환하이펙스A동 127호 (삼평동)"
JDQ4MTYyMiM1MSMkMSMkMCMkNzIkNTgxOTYxIzExIyQxIyQzIyQ4MiQyNjE0ODEjODEjJDEjJDIjJDgz,"경기도 성남시 중원구 광명로 322, 2층 (금광동)"
JDU4MTI3MSM1MSMkMiMkMCMkMDAkNTgxOTYxIzExIyQxIyQzIyQ3MiQyNjE4MzIjODEjJDEjJDYjJDgz,"경기도 성남시 분당구 돌마로 87, 골드프라자 5층 501-2호 (금곡동)"
JDU4MTI3MSM1MSMkMiMkMCMkMDAkNTgxOTYxIzQxIyQxIyQ3IyQ5MiQyNjEwMDIjNDEjJDEjJDgjJDgz,"경기도 성남시 분당구 중앙공원로31번길 42, 서현파크플라자 2층 201,202호 (서현동)"
JDU4MTI3MSM1MSMkMiMkMCMkMDAkNTgxOTYxIzMxIyQxIyQ3IyQ4OSQ0NjEwMDIjNzEjJDEjJDgjJDgz,"경기도 성남시 수정구 수정로 286, 정인빌딩 4층 (신흥동)"
JDU4MTI3MSM1MSMkMiMkMCMkMDAkNTgxMzUxIzUxIyQxIyQ1IyQ4MiQzNjE0ODEjNjEjJDEjJDgjJDgz,"경기도 성남시 분당구 미금로 44, 2층 (구미동)"
JDU4MTI3MSM1MSMkMiMkMCMkMDAkNTgxOTYxIzExIyQxIyQ3IyQ5OSQzNjEyMjIjODEjJDEjJDIjJDgz,"경기도 성남시 분당구 분당내곡로 117, 크래프톤타워 3층 305호 (백현동)"
JDU4MTI3MSM1MSMkMSMkMCMkMTMkNDgxOTYxIzMxIyQxIyQzIyQ5OSQyNjE0ODEjNDEjJDEjJDQjJDgz,"경기도 성남시 수정구 수정로 350, 2층 일부호 (산성동)"
JDU4MTI3MSM1MSMkMiMkMCMkMDAkNTgxOTYxIzIxIyQxIyQ1IyQ2MiQ0NjE0ODEjNDEjJDEjJDgjJDgz,"경기도 성남시 분당구 서현로 192, 야베스밸리 303호 (서현동)"
JDU4MTI3MSM1MSMkMiMkMCMkMDAkNTgxOTYxIzQxIyQxIyQ3IyQ5MiQzNjE0ODEjNjEjJDEjJDgjJDgz,"경기도 성남시 수정구 위례서일로 46, 위례엘포트한라비발디 2층 202,203호 (창곡동)"
JDU4MTI3MSM1MSMkMiMkMCMkMDAkNTgxOTYxIzMxIyQxIyQ3IyQ4OSQzNjEyMjIjNTEjJDEjJDIjJDgz,"경기도 성남시 분당구 분당로53번길 9, 2층 204~206호 (서현동)"
JDU4MTI3MSM1MSMkMSMkMCMkMTMkMzgxNzAyIzMxIyQxIyQ3IyQ4MiQzNjEwMDIjNjEjJDEjJDQjJDgz,"경기도 성남시 분당구 분당로53번길 11, 서원포스 4층 405호 (서현동)"
JDU4MTI3MSM1MSMkMiMkMCMkMDAkNTgxOTYxIzQxIyQxIyQ3IyQ4OSQyNjE0ODEjNDEjJDEjJDQjJDgz,"경기도 성남시 분당구 성남대로 349, 시그마타워 7층 일부호 (정자동)"
JDQ4MTYyMiM1MSMkMSMkMCMkNzIkNTgxOTYxIzExIyQxIyQ3IyQ3MiQzNjE4MzIjNjEjJDEjJDAjJDgz,"경기도 성남시 분당구 성남대로 926, 분당메트로 7층 703호 (야탑동)"
JDQ4MTYyMiM1MSMkMSMkMCMkNzIkNTgxOTYxIzIxIyQxIyQxIyQwMyQyNjE0ODEjNjEjJDEjJDQjJDgz,"경기도 성남시 분당구 야탑로81번길 10, 311호 312호 (야탑동, 아미고타워)"
JDQ4MTYyMiM1MSMkMSMkMCMkNzIkNTgxOTYxIzIxIyQxIyQxIyQ5MiQyNjEyMjIjNjEjJDEjJDAjJDgz,"경기도 성남시 수정구 수정로 108, 2,3층 (수진동)"
JDQ4MTYyMiM1MSMkMSMkMCMkNzIkNTgxOTYxIzExIyQxIyQ3IyQ3MiQ0NjEwMDIjNDEjJDEjJDgjJDgz,"경기도 성남시 수정구 산성대로 309, 4층 (신흥동)"
JDU4MTI3MSM1MSMkMiMkMCMkMDAkNTgxOTYxIzQxIyQxIyQ3IyQ5OSQzNjEyMjIjNjEjJDEjJDgjJDgz,"경기도 성남시 중원구 산성대로 330-4, 3층 (중앙동)"
JDU4MTI3MSM1MSMkMiMkMCMkMDAkNTgxOTYxIzIxIyQxIyQ5IyQ4OSQ0NjE0ODEjNjEjJDEjJDgjJDgz,"경기도 성남시 분당구 야탑로81번길 10, 분당아미고타워 211, 212호 (야탑동)"
JDU4MTI3MSM1MSMkMiMkMCMkMDAkNTgxOTYxIzQxIyQxIyQ3IyQ4MiQyNjE0ODEjNjEjJDEjJDgjJDgz,"경기도 성남시 분당구 돌마로 73, 우방코아 503호 (금곡동)"
JDU4MTI3MSM1MSMkMiMkMCMkMDAkNTgxOTYxIzMxIyQxIyQ3IyQ3MiQ0NjE0ODEjODEjJDEjJDIjJDgz,"경기도 성남시 중원구 성남대로 1146, 구정빌딩 2층 (성남동)"
JDQ4MTYyMiM1MSMkMSMkMCMkNzIkNTgxOTYxIzExIyQxIyQzIyQ3MiQyNjEwMDIjODEjJDEjJDYjJDgz,"경기도 성남시 수정구 수정로 286, 정인빌딩 2층, 3층일부호 (신흥동)"
JDU4MTI3MSM1MSMkMiMkMCMkMDAkNTgxMzUxIzUxIyQxIyQ1IyQ3MiQyNjE0ODEjNjEjJDEjJDgjJDgz,"경기도 성남시 수정구 산성대로 439, 5, 6층 (단대동)"
JDU4MTI3MSM1MSMkMiMkMCMkMDAkNTgxMzUxIzUxIyQxIyQ1IyQwMyQyNjE0ODEjODEjJDEjJDIjJDgz,"경기도 성남시 분당구 황새울로335번길 5, 601호 (서현동)"
JDQ4MTYyMiM1MSMkMSMkMCMkNzIkNTgxOTYxIzExIyQxIyQzIyQ2MiQzNjEwMDIjNjEjJDEjJDAjJDgz,"경기도 성남시 분당구 정자일로 100, 204, 205호 (정자동, 미켈란쉐르빌)"
JDU4MTI3MSM1MSMkMiMkMCMkMDAkNTgxOTYxIzExIyQxIyQzIyQxMyQyNjEwMDIjNDEjJDEjJDgjJDgz,"경기도 성남시 수정구 위례광장로 310, 우성트램타워 B동 301호 (창곡동)"
JDQ4MTYyMiM1MSMkMSMkMCMkNzIkNTgxOTYxIzExIyQxIyQzIyQ3OSQzNjEyMjIjNTEjJDEjJDYjJDgz,"경기도 성남시 중원구 광명로 331, 5층 (금광동)"
JDU4MTI3MSM1MSMkMiMkMCMkMDAkNTgxMzUxIzUxIyQxIyQ1IyQwMyQ0NjE0ODEjNTEjJDEjJDYjJDgz,"경기도 성남시 중원구 금빛로 43, 401~405호 (금광동)"
JDU4MTI3MSM1MSMkMiMkMCMkMDAkNTgxMzUxIzUxIyQxIyQ1IyQxMyQzNjE4MzIjNTEjJDEjJDIjJDgz,"경기도 성남시 분당구 판교로 372, 405호 (삼평동, 스타식스코아1)"
